user	KL	JSD
user_007XIjOr	0.00982612736244471	0.003519759534807878
user_00Y0Uqn9	0.011378195693162015	0.004268867888365495
user_00c8xHqc	0.05612037575270669	0.027118171259264388
user_00qujrxB	0.28094844661848567	0.007281065364040849
user_00s56GJz	0.009974548253304343	0.003536167090719901
user_019SS48x	0.0748852117616152	0.029080625157128736
user_01TB3qzT	0.06277146641486576	0.023515055921496834
user_01iQLLO6	0.047800564252000015	0.017626376077693615
user_01kaIjH9	0.02215140976877244	0.00830111036074703
user_01vPMYvi	0.049102600773480096	0.01681314432499246
user_02DWuQOR	0.07415583180751906	0.024128585465801603
user_02Q0tXXI	0.036135033287690015	0.012352771176778505
user_02jFGVkG	0.009251096088063016	0.0034575668665800027
user_02pcUMVW	0.13311325176205932	0.06042362379854823
user_031DANCb	0.03905837675199686	0.015578132053585981
user_03A4cBR7	0.03510512570617026	0.012632520679256345
user_03HNYbGS	0.07227165698682501	0.028227536546285736
user_03X3qJtv	0.010507639876078168	0.003738714886690065
user_03f7vI4Z	0.07371728547190981	0.02305445386832217
user_04EVkvDS	0.01639275469456649	0.005761198155298289
user_04ausIp8	0.5441402865203511	0.04073176140411395
user_04jXRyvm	0.06082283736141955	0.019769101128708992
user_06CFDTge	0.07316085402867395	0.03294533717186814
user_06DtYDzj	0.015801343793852982	0.005782903578025175
user_06XuFtIy	0.054037273375592824	0.01970934163739843
user_06cO2Ozr	0.1373058528748947	0.061925895515342354
user_06kNhNYa	0.34895072723757403	0.02507853467008543
user_06nC1Osx	0.04172289767267665	0.016410602145154166
user_06t8E8ki	0.10539481679807136	0.043379411499866835
user_076jAOuQ	0.4237019973530889	0.025803345888642252
user_07JXQt4u	0.08567675743351767	0.03329973557971251
user_07Q5KjtI	0.014931622949949402	0.005068680367656323
user_07TMvffG	0.04387424143450762	0.01650313398440711
user_07lkDDkw	0.060035778449046506	0.02003257962966842
user_083iQpV5	0.04218915322859453	0.01652294384875241
user_088flMMT	0.012368858898239063	0.004658034956256095
user_08YyAOLt	0.11122883390282676	0.04223987870762366
user_08aI4nGD	0.10243869328602918	0.03470543854096175
user_08uFTEyr	0.11551964663835972	0.03347911506000006
user_09fQukcf	0.040704708668615586	0.01723568172056419
user_09oFnxX5	0.07311224416795975	0.02793469950409883
user_09y1WGSJ	0.03383336685089884	0.015515863470964942
user_0AgZXsm4	0.0938371939492335	0.035940852759630534
user_0BX9L05X	0.46556560260675256	0.051792697817788225
user_0BZUk6bj	0.028558314786229923	0.01292906015304944
user_0Bomhmx1	0.13063723459306997	0.048876677692819503
user_0C0uAf8j	0.054467102710420816	0.02056650272920679
user_0C3AfgxZ	0.11734195853903007	0.04786606870523992
user_0CFuJU65	0.35624229566108	0.017299032576875074
user_0CbWuNI0	0.1860463727614181	0.07354347679708476
user_0Cotdga3	0.02422795377219769	0.009214874795777823
user_0DSG0TfC	0.0791694584031721	0.03266299803383484
user_0DyyqPkr	0.06595993291707047	0.022923850474571017
user_0Dz8cglH	0.004100138213389741	0.0015140953286710823
user_0E4xX7qV	0.11599287667808925	0.05288331648260339
user_0EQGV3Rr	0.04861506138960423	0.01882109739564896
user_0EvXBd9d	0.3489342645091512	0.012604164464957587
user_0FOxZwdv	0.013564073913380315	0.0048667553220451175
user_0Fc6KYaN	0.006154928404570426	0.002179512693160196
user_0FnTcL48	0.025372340996889776	0.010425750290458882
user_0GDPm7Vw	0.019340989192741704	0.007333442372905852
user_0GoDJ2Ki	0.021972461949955537	0.00769065632310534
user_0GqMZJ4D	0.03269953383622068	0.014594864008330766
user_0Grqd3zQ	0.07324200761507235	0.02723946321141195
user_0HRbaLUL	0.06542023187479237	0.02756610149525441
user_0HvfQN7h	0.04074745370968415	0.015506373854426173
user_0IuFZfWT	0.6543709716360819	0.039918165394200025
user_0J07JlC1	0.06605706221692559	0.024123115139945393
user_0JEi9eod	0.03262210091629619	0.012200638239058238
user_0JLfWZBF	0.028831475091052203	0.011079279529328037
user_0JN1caiN	0.07410664528562817	0.029172695343104633
user_0JQJ1feD	0.03575776347054418	0.013496803359893372
user_0JV4ITj1	0.9262675734705063	0.024908210484530374
user_0K0qvcbo	0.4088393237431031	0.013390836621019381
user_0K424WN5	0.12329741886476445	0.042687416907167104
user_0KJGwOuS	0.09899863248846077	0.04549506272968275
user_0KK1hOk8	0.0451512883555233	0.015247911075090265
user_0KPh2Wos	0.08286386345296012	0.027362196196703936
user_0KwrlGof	0.04401675973869924	0.017454491485317157
user_0LAcfQ85	0.16900841168853936	0.06880756499492698
user_0LKbnqSY	0.16092033136483755	0.06053525693994013
user_0LKfM3Ds	0.045571349237977996	0.017568770174415656
user_0LXgLXDj	0.19215465000626689	0.07266877279728093
user_0Ldl7hHg	0.4345230529591123	0.03308695436506641
user_0LfBlhId	0.17387949252636592	0.06623642646236103
user_0MoSgRWz	0.12046392497843923	0.052785065397674816
user_0MxyNBjt	0.421926132820148	0.03282868936106819
user_0My7VC6A	0.059094900167983064	0.024791340418647074
user_0N9U10vF	0.017792251898542284	0.006215302798113999
user_0NaWuerO	0.10870419947971513	0.03824670757780601
user_0NrMqFXe	0.04996382666876776	0.02353128347343459
user_0NwAmW0b	0.26494509770492547	0.1233452401861272
user_0O96cZHx	0.45112807600248933	0.18757106804124088
user_0O9rUNmu	0.05389830789032671	0.01890673376815838
user_0OIMaczB	0.04783288168471052	0.01893083408488855
user_0OtMUYrH	0.10571937736405132	0.03599595101025767
user_0PJuAoVH	0.00840516161671622	0.003079414746284232
user_0PapvR1R	0.08537339637702701	0.03198106054843472
user_0Pic592i	0.04047395207097168	0.016901736409523534
user_0PkisgLb	0.08448846879899466	0.029066686540844454
user_0Q75y5GH	0.4660210522948489	0.06673290756488146
user_0QBoLMYy	0.057678568422679974	0.02029093067394223
user_0QYH1Kd6	0.01948311862333839	0.006831725014873216
user_0QYrYFDc	0.10380320510146761	0.03884811456703137
user_0QazLmDS	0.40731512956098914	0.0317827689594225
user_0QbKRt8m	0.010059445361261589	0.003564114475994583
user_0QjMk9Ab	0.6265815241104122	0.2687707164805645
user_0QqCpTeA	0.0591983351119246	0.022350032571905404
user_0QrsUFSC	0.07671826909560786	0.030313309195745788
user_0Qwxgh5M	0.5582197441052315	0.039159676338417784
user_0RGMBUCs	0.04147842337781874	0.01774431728161691
user_0RgSriNO	0.05870526048608605	0.022392032623884894
user_0S1iaArn	0.06216192320779143	0.025572550404243024
user_0SFbMCnw	0.04307629077882235	0.016224449634748103
user_0SJ3y6fR	0.09372144335491478	0.03563813588211648
user_0SL7k7m2	0.07591529127242935	0.03014557411109143
user_0Sgg9jvU	0.016279802700686533	0.00600074433742969
user_0T7nVLbr	0.5701549225847483	0.03778499028869825
user_0TK750CJ	0.009899864419559359	0.0030142855291598256
user_0TWPkyGx	0.018991992146565728	0.008342517084663922
user_0Te2oqis	0.14767361502611426	0.06856820945163598
user_0UXecg1S	0.005710649186648268	0.001978406758998192
user_0UhVWq6z	0.03577414465755919	0.013521181055743162
user_0UriLQjI	0.04420559099192814	0.01570504260063151
user_0V19a3oe	0.057666756193752375	0.02464766057355796
user_0V8OEOPv	0.27330408365190756	0.015172015623496002
user_0WTCzp4q	0.00642080046560628	0.0022982810820512604
user_0WUdTkLy	0.020258661855422834	0.0077508016319198115
user_0Wmx70qd	0.06004112101337484	0.0221514030865471
user_0X25mycm	0.16074661884726027	0.06839306596175038
user_0XWd8KdZ	0.07167736290919627	0.02696343081971281
user_0XWmf6Xr	0.023697284983689004	0.00996761724310263
user_0XnX43eo	0.026374169980985712	0.00939876498659869
user_0YEDFedP	0.026466162622915707	0.009599958020059956
user_0YdHZHqx	0.4937097379657117	0.03265797560597273
user_0YeceFcj	0.05674587848563993	0.022326255626076996
user_0YihQbIB	0.12344657346547142	0.04442390239484212
user_0Yodot8X	0.0297471375069881	0.01356054314452517
user_0YzFsMX0	0.06434251352832927	0.027780218637540387
user_0Z5igLoW	0.07396822107317695	0.02513601564306577
user_0ZT94dfq	0.07303065874690337	0.027486594857210948
user_0ZW1vVX7	0.027229599565899185	0.009745264865708944
user_0ZcJbcqg	0.29744472352988893	0.10995713344119654
user_0Zv5ybFa	0.06143319222795378	0.023093759123348823
user_0ZzLZeCO	0.03390227117151247	0.011857929347443
user_0aNHE98D	0.03552655054291451	0.013158131367206375
user_0ad70apY	0.6288886360892296	0.035415574755025436
user_0aehrOeK	0.5433403224462008	0.02551502744107597
user_0am87OFe	0.08046243157799901	0.028853460472756953
user_0b45HpIV	0.10600289261985374	0.03670645283279883
user_0bOVrdDv	0.4783515980290428	0.030558712144206458
user_0btFJiB7	0.03562992408153784	0.01448098624426884
user_0bvQTIfa	0.055582727142387364	0.020439272693240588
user_0bxTvDgc	0.11625158409470482	0.04321014771553493
user_0c4C1y42	0.23929182282448946	0.11074514458120584
user_0cf4pcwS	0.23798604543410948	0.011403990913342722
user_0cs8k3BO	1.0968860162651708	0.0697627949103192
user_0dLyUEPv	0.04034369020101912	0.013620211313787857
user_0dt8EICQ	0.01303036637842665	0.006086161578456954
user_0e2L8QCl	0.07237026782851974	0.029159749675313266
user_0eVjssFQ	0.051962031312199355	0.020293464394801442
user_0f9XGfxh	0.016347240134935916	0.006193201878408107
user_0fA4nTaP	0.04145409901529462	0.015890641801276358
user_0fBfDco9	0.012461182575716172	0.004520193327947494
user_0fKvb46n	0.035013137856926016	0.013532385752173696
user_0flWQVBB	0.04652695486569165	0.015866831127693957
user_0ftSMtxM	0.027690892203412736	0.010276330465549119
user_0fxqOoak	0.024403013591871282	0.009431908595569506
user_0gLO3Jgn	0.030302300901858106	0.01381106296029595
user_0gaqD5PV	0.1980262222155095	0.08157590131250768
user_0hXMz98R	0.037441626188735436	0.017635110330351166
user_0iB7h6Sb	0.09205082517557929	0.04175811291044617
user_0iJPiO69	0.03145822843105775	0.01129781583033745
user_0iQL39IV	0.10896321444356412	0.04746852130184842
user_0iTq5hJL	0.03306010804890204	0.013489998248564379
user_0j047SoU	0.04652962324957516	0.01964337898387488
user_0jYAlOEg	0.03750995930848805	0.0175614538568665
user_0jaZcGuP	0.45181259297072535	0.02580900219171174
user_0jwZvDNM	0.030018797256752695	0.01142747551355764
user_0kISplRi	0.062387412001465206	0.02502566281967664
user_0kVD6JoS	0.2158717923778533	0.021121460208413604
user_0kooYxCl	0.031559000576927725	0.013262218730695163
user_0l4U1QmA	0.04733183825100769	0.01895237386613721
user_0lDCjyv9	0.07349233264896783	0.028522001090091252
user_0lGzQrRN	0.027199412503390193	0.01023646910588977
user_0lbyUl0v	0.059426049487320685	0.025703948507728006
user_0m6Gm9GC	0.2876867121062401	0.027884583001589903
user_0mfmp8c6	0.045027457992760984	0.01911063762806134
user_0moBXMYx	0.03912321051605892	0.016621666520111086
user_0myWSPwJ	0.10517260626234345	0.047101708020092246
user_0n6IaZr3	0.08504307768359605	0.03616568519988842
user_0nFzNoKU	0.4952378900204377	0.02741985969204398
user_0nNx2h5J	0.05491014560788859	0.01853097222668471
user_0nPJQTbD	0.0797859219958848	0.0281956946887534
user_0o5WYtfW	0.42484460165740057	0.01564768555757448
user_0o94qs9S	0.055261845310411964	0.02023460648805065
user_0oc4EA25	0.0738880864300133	0.028437703656811253
user_0ojrMVSw	0.05880991017588136	0.02224353726682338
user_0ossO0QP	0.07927689151309715	0.028201173888187766
user_0p5fXniu	0.05362303193487022	0.023703827552732256
user_0p8bH9FS	0.11341858080622835	0.03894622261831481
user_0pNmaf8j	0.050222985502149126	0.017024473315574253
user_0ptMCHjx	0.10293803750566935	0.047307690705069204
user_0q2TZmDG	0.2864443839741322	0.013917792594230503
user_0q2uGdep	0.046309323201305146	0.01681714368890147
user_0qHyJXXH	0.052308487805382706	0.02442373706048671
user_0qhxa00S	0.624891381493941	0.028506012018645437
user_0qouzOrl	0.020121589949044547	0.007166924438316129
user_0qzW9qwm	0.036824932339692654	0.01658847654989533
user_0r1kcq2n	0.013888057913286261	0.004905980650954112
user_0r4QoI0c	0.17127522305854748	0.07076023336426973
user_0rkViBle	0.2948085677058097	0.011155268990331263
user_0rp0aZkA	0.02937438508621284	0.01191023703160393
user_0sTULrYk	0.03157835782842337	0.0130054186360759
user_0sWECI96	0.15340925815666823	0.06616307573231234
user_0t4ncKQw	0.02659424270206442	0.00930764629724331
user_0tqMCp04	0.04355262498679706	0.016576333510702902
user_0twzIVnT	0.11235724603702632	0.04170070171389344
user_0uAIapDI	0.03437456311887151	0.011361814434059187
user_0uQEumiW	0.057039046184986064	0.02581937395585845
user_0unbY98g	0.10543622505789185	0.04450508080331734
user_0uzKaijX	0.038714566762802334	0.01350148846541412
user_0v5OhEBB	0.04161363343479831	0.0148435029871815
user_0vHqLeIf	1.235826827380699	0.035204014999220115
user_0vWKi40C	0.08688230058083685	0.03383513605333688
user_0vYUS9bM	0.03211024160310353	0.012315618277052503
user_0wB5YRr4	0.03921215713748699	0.013394964542231165
user_0wKMKtUF	0.3940927598028111	0.025402863041998163
user_0woySlm9	0.26768562100473686	0.01704751570519725
user_0xGX1m9X	0.005764691773833756	0.002131590831855866
user_0xqoP5K3	0.06896090916536929	0.027308329681473634
user_0y6ouDLW	0.08058871311076392	0.027813121379435254
user_0yDqkOmJ	0.42556797100649335	0.02762774831549787
user_0ybUCWMJ	0.3180890931926236	0.012718736053577286
user_0yh0Q6kg	0.02537240720932636	0.008909938014270967
user_0ynpH0ZQ	0.06803107812391221	0.02670973594597457
user_0zMAHUo7	0.01770187697085942	0.006425524782814082
user_0zOMLUsX	0.01981223812285019	0.0071001905381426105
user_0zZNsHc0	0.06990452674416585	0.027834674644369443
user_0zk0AQjU	0.0998325044922076	0.04168916657888813
user_10iPymmO	0.11263423472864334	0.053135809616303854
user_11DRPTDc	0.0118385908762847	0.004203506351605542
user_11EFDDwd	0.03817505215257463	0.0124579273871104
user_11SEVTko	0.027579243911428117	0.010362334452725249
user_11YBewxw	0.6273754789585304	0.02081557209615646
user_11fY6Q0Q	0.02102737466612987	0.00902084792420252
user_11uE8uLE	1.6393093082552206	0.07197202689644171
user_12iET9po	0.02433152191096405	0.011559284890132818
user_12vNIDtT	0.3461930286242384	0.15134030002877302
user_13ckV644	0.05093140083345783	0.020066897574259782
user_14A1xDoD	0.020287203761343256	0.007264230047604084
user_14hZw1kF	0.07004462176205734	0.03040489217157804
user_14xAbS0u	0.043494510362701536	0.0151083983783924
user_154KWvzY	0.043180323136344394	0.01386604079700255
user_15AmhzFT	0.03612645928602992	0.012761765624680461
user_15HNjxpA	0.10656924183257369	0.040348661340029866
user_15RDSuGN	0.059885833668452036	0.02318116134462209
user_15aH9tg3	0.07453690349874922	0.02905607139226152
user_163iywwN	0.05807297105713602	0.021908985612080076
user_16Dij2uw	0.048248551653514785	0.018705218731094236
user_16F2CroY	0.06972171489739262	0.027929976201290358
user_16MuvsDf	0.08340663386084955	0.03571890297542095
user_16RFSKEm	0.012174749154688077	0.004511288215474767
user_16Xy2dOO	0.030792357227415183	0.011961682634704382
user_16zAdR7k	0.28160373153168833	0.01258235194269259
user_16zJonSe	0.012049400070646157	0.005738622461669557
user_17AagpHk	0.04846789798641391	0.019663986456978727
user_17DJkC7D	0.01689366596653295	0.0062451361398005705
user_17QHjH0r	0.024047567847583835	0.008522243930738888
user_17gf5ahF	1.7015024584153158	0.09017887441746568
user_17w1R09M	0.07349500310499035	0.028352998300382057
user_17xUglel	0.06918707409738903	0.02639528295572829
user_18Mn4M5F	0.05611223428336227	0.02423472529240026
user_18h8IZ7D	0.42322843778270797	0.051173371366195854
user_18mOnIZY	0.06813888517790782	0.02786922363544707
user_18y3d6A5	0.6016732214231262	0.03192386545948452
user_19BBv82I	0.05512952141763015	0.02075192041800169
user_19CGgQjw	0.11749459551301028	0.04670613729941729
user_19F2eisl	0.048969159809974044	0.01871750425692648
user_19tjSw2q	0.12554415297452692	0.04625376304090108
user_1A8S5QG9	0.05715111810264028	0.022799990092036274
user_1AAoY0Yh	0.0429695257862511	0.01797041208825496
user_1ADcIFtk	0.12439665565691405	0.053276260661756066
user_1ATouyiJ	0.032516782050836274	0.011379064887670078
user_1AYaz7iz	0.13341730430772206	0.05990296693458959
user_1AeX8Z3o	0.07238379892681687	0.03436947815203966
user_1Agzritt	0.3885783700968684	0.04638606421702806
user_1Apvr9Ek	0.04803935036343762	0.01885968000931121
user_1BN0t1K9	0.691958720830137	0.028901193292357692
user_1Be0lpZH	0.1099295482503594	0.05069013100377813
user_1C65pAuG	1.3804210341105838	0.10837778427316533
user_1CGQozOZ	0.05222093247059611	0.01828182256016329
user_1COlqqr2	0.04057446488343447	0.017409222126465704
user_1CX8dVR4	0.036686702263788756	0.013096030592501954
user_1CdGIYtk	0.06047505412769357	0.02379149949535322
user_1Cv93Gce	0.03786158177304297	0.017819730975676042
user_1D0IZHTE	0.15085267028247135	0.055252883352566846
user_1DLKgH2U	0.047991107542887025	0.018867890707240983
user_1DaXuorq	0.13429985346655662	0.0557121614804901
user_1E6dhr3r	0.03511025529549312	0.012759341476963343
user_1EKIKpZ4	0.056721974275556614	0.021300973746279938
user_1ESJR20U	0.051864901058632694	0.018354868407301158
user_1EVTrROr	0.10461383379663602	0.04011900753778837
user_1EgpIe27	0.10422467156941614	0.04793637748509173
user_1Eofe6zD	0.08245126157844734	0.03037830952516013
user_1FKqOWww	0.07389946515191623	0.029928272568550723
user_1FdkK6Ow	0.006556765722300743	0.0023713923167326015
user_1G5dZZAD	0.05569539263320183	0.022483102879564724
user_1G7f2oYI	0.030911736975774456	0.013078882456206227
user_1G7s86rP	0.10543551687774927	0.041612288181924396
user_1GGV4SsU	0.18249664472114258	0.08648647346186573
user_1H2r11pY	0.050378853346062846	0.02024334505114091
user_1HF1TQLp	0.05516128563246357	0.01900874768836729
user_1HMiixHe	0.048504806185816055	0.020295551856949905
user_1Ho94hp0	0.04061977559062739	0.01732122264759991
user_1HoUtwIv	0.024264583942695997	0.009951443352546501
user_1IIoC2Wl	0.01665827348040188	0.006297133001535601
user_1IJakr6n	0.017658782687980806	0.00604072927608688
user_1IOzVHIs	0.007768600693802953	0.0028503147132842
user_1IS9OBoc	0.022034834483095067	0.007817379142015619
user_1JOmwHxn	1.124486295681911	0.06612859490168517
user_1JRiFoSi	0.07082569491098564	0.028349224181145022
user_1K7zObWC	0.05381302108830406	0.021606422238083883
user_1KPcFOOh	0.014514526460797879	0.004835808073241752
user_1KYzgmW7	0.2273106227510299	0.009114018229420564
user_1KvF2Zxg	0.054527919161025985	0.01980018944691975
user_1L3lsQqT	0.06620609510142442	0.024492508965149266
user_1LGbhv2r	0.05414362268803566	0.020484005431074655
user_1LjVbeSU	0.06488425852117852	0.023423258815608528
user_1Lu9gXa9	0.1269312741619117	0.05400387996163591
user_1M2JViBK	0.08400520088780784	0.03375760444609577
user_1M38zWO5	0.019432301400358194	0.008466779459510755
user_1NBDMYxP	0.16464377395489826	0.07369227511385518
user_1NWFLNFd	0.05936509834703198	0.023523830498936645
user_1Nya7LPQ	0.015642577126798268	0.00566027847028817
user_1O4pjWch	0.07561103404017902	0.030910176028768617
user_1OPY7f7K	0.4973373681382408	0.029582603356040495
user_1Oo6ZtqB	0.029542573980642067	0.012400713761720403
user_1OuGzdm0	0.009554030210019366	0.0035655949857007034
user_1OuXVBus	0.021503443460171818	0.00796257014420642
user_1PJVctAj	0.0714795565483618	0.02697197783919696
user_1PKHZvEy	0.06291352755575147	0.021448431211214185
user_1Pkp0jhP	0.226786051929552	0.07784727711109028
user_1PmmKEin	0.05570935525371247	0.019788307008589138
user_1Pv2iFMy	0.06441902918777859	0.027049172696050193
user_1RCmxAqe	0.060114105284551314	0.025491554213695016
user_1RNwrdP0	0.8113020282340511	0.03135781480338111
user_1Rh2bukb	0.026178658234533705	0.011034446664573963
user_1RiLBE87	0.06192567484708732	0.02925453999580238
user_1Rj57dhJ	0.045118854871515665	0.01540829427960888
user_1RkQmbYL	0.07515305028585037	0.03161191538878325
user_1Rq1I1Xi	0.20091721033194065	0.09101340330230413
user_1SMcLfwJ	0.11159568962728242	0.0424721760203992
user_1STnW9HS	0.2344929248888924	0.012881010315651496
user_1SUU3iBB	0.14757246576786812	0.06045295194370876
user_1SiWGc7O	1.0256636508970978	0.03410062314084446
user_1T1dxOyN	0.06781096644138833	0.027569543737321973
user_1TFfeeys	0.06268472857508207	0.023876332714105976
user_1TMJec0g	0.2452668539861312	0.014439865086385468
user_1TmwzYwK	0.3904468642133991	0.015897370376788258
user_1U3pN25z	0.018168056716386504	0.0064964295994915724
user_1U4thoB4	0.00392387578273545	0.001427966608628484
user_1UJIuUwi	0.06328994188172482	0.023738165415857698
user_1UKXgsE4	0.06671706019561954	0.02547273245762163
user_1Ubj8ptX	0.041294785511174235	0.013999050433373796
user_1Uga0VNc	0.3817894240147916	0.014055050558003495
user_1UhIEGoL	0.06292426636564925	0.021176586788215112
user_1Uldai9h	0.4882628782792981	0.028675126063872812
user_1UmcvXz0	0.06716604110078532	0.02763178953740011
user_1VUQggPe	0.10055126929644352	0.03485505921129746
user_1VhUAc12	0.04485379987438299	0.019129832881487487
user_1VwMc4Tc	0.11525380438279287	0.045979412662551115
user_1Vx3UldT	0.04696095835430296	0.01597031751292318
user_1WKK5WLh	0.041470556030945294	0.016931635086913463
user_1WkntWts	0.03520971617867936	0.01287541467321322
user_1WqhsRHP	0.03610631643757594	0.013973137570529285
user_1X0fVEkQ	0.3004982355876996	0.014927145468812915
user_1XOJ9ifB	0.10233515389730616	0.045354053128219725
user_1Xd2662p	0.5904073874478423	0.018818446256817396
user_1XoYtO20	0.7679298727930866	0.02351524755207562
user_1XzJesvd	1.1971459278763983	0.0568508688840606
user_1YD7F90y	0.017068393475473162	0.007501583551259288
user_1YWpQ5La	0.35144143329393185	0.013800191424511637
user_1YkBy5Wx	0.028481768020510237	0.010760375766528215
user_1YlHGjSO	0.05309889691670073	0.023081020315975975
user_1Yw5WVcY	0.2582846223784694	0.014445380495779423
user_1YzYPA1b	0.06881501953046244	0.028522017478635517
user_1Z10GKCd	0.009014156021481014	0.003321596177508793
user_1Z7DfZiR	0.4112675064435571	0.026734351797439607
user_1ZAraUhQ	0.028444664531218567	0.009814858940183786
user_1ZlgiFP3	0.05675735782071752	0.0224372317024321
user_1ZqOciH4	0.09834181363463382	0.044735287135372226
user_1ZyJtMsd	0.01731580261435807	0.006680565962663139
user_1a3Dg2h1	0.6265369340127933	0.026138579184638428
user_1aDWKDDd	0.05894275087952918	0.017428570322404226
user_1aDa4tpp	0.47909182212773016	0.03930139301607382
user_1aidU5iV	0.22774457828848138	0.08581401794876797
user_1airhEIQ	0.4556139757441846	0.016646242614365814
user_1atgCy4t	0.7155410086551887	0.2493981564251696
user_1b9MZRMz	0.3558684125275226	0.013278129374939373
user_1bJ6FuA4	0.31640369574382543	0.012056721170774836
user_1bMfURgE	0.08479521037527597	0.03250708556288411
user_1bZDLXHd	0.01036791206437258	0.0037848189115513528
user_1byjlpOP	0.05551341567874912	0.021389728783663423
user_1bzPrv1a	0.028760798517251128	0.009795076000072126
user_1c8JTHzJ	0.040232992155173355	0.014222032257030299
user_1dIRjmok	0.24502276343208806	0.010006299282779027
user_1dQN4FEM	0.09958855403732823	0.043277683087736836
user_1dzqAXDh	0.025829167615703585	0.009962002332360505
user_1eIXzH9P	0.052091186201123	0.02194795481520987
user_1egABLBB	0.07062374794752106	0.03372544817444349
user_1ehmMQOa	0.3348218642099995	0.01262450862200675
user_1ev7y73r	0.03654843778751822	0.014687499636474902
user_1f6pmtS7	0.07743958382723674	0.02869860186803685
user_1fEyk1Zl	0.02691265283418373	0.009850370242944991
user_1g40Eiv8	0.129938123272621	0.0615122006460776
user_1gWzM7OI	0.4397756245061401	0.04048379546840172
user_1gdwMyE6	0.01654733624625624	0.005641322327107011
user_1h0L76Ef	0.03771421127005124	0.01434008965680184
user_1hIQfBdh	0.5471874230215062	0.025966725501682403
user_1hQQitZO	0.08747150072492663	0.03326280978683326
user_1hpV95fr	0.07879528798006435	0.031080309351582472
user_1hyxdf95	0.5701022236822425	0.024010343985669376
user_1i0KPJkv	0.017523151284888024	0.006106294272201592
user_1iBbPGdO	0.36107514159358994	0.01949265712337817
user_1iEL6Ivx	0.28464037233947626	0.011075375589441567
user_1ikWgfN2	0.0532717369039739	0.022093022526458648
user_1il6mxWP	0.09816366435934556	0.0403571318727512
user_1iubXTs2	0.025499297652955957	0.00842857425379884
user_1j0cVsOW	0.023654825621924887	0.008602663072446356
user_1j4HxO7F	0.08310876796070196	0.034317395718234465
user_1jRPe7Xf	0.23952677830585412	0.016690349486876983
user_1jTUw01X	0.5944287440744228	0.045824061594396295
user_1jwo3Htt	0.10632245760459261	0.037813146225023644
user_1k2wiF9m	0.03005090367182127	0.011664443573289992
user_1k4eabhx	0.39986862355473496	0.02478351043123436
user_1kMoME5t	0.4268017141929325	0.04457482208136046
user_1ks3wsKF	0.19481188392794516	0.08509584419617822
user_1lJ1BveB	0.2964488398356422	0.09725962793611213
user_1lNQnFVX	0.0460998954926629	0.015597180864250031
user_1lTJ5HjL	0.01927359121392902	0.006924200238279222
user_1mPPCGc2	0.13921245224055603	0.0462265429540404
user_1mUOAO12	0.7215279278875466	0.029762292635911448
user_1myzc9mk	0.030128479400998266	0.011300980812326371
user_1mz8A49e	0.06019624837623519	0.023908430033767525
user_1nb8f1Km	0.03985467199255495	0.013424804461369521
user_1nnGK6T5	0.030854919650159747	0.01229428760809206
user_1nokZnIw	0.018219043642003042	0.00654880329291055
user_1nsE7z7d	0.024184410566619054	0.009498817983185292
user_1o2CEIHg	0.03908450997722509	0.015376425631061386
user_1o41Zfhe	0.06736608241066741	0.027610991733324607
user_1oFcbKK1	0.1242968801960904	0.04841806823050227
user_1oX2GSn6	0.26850071863527597	0.025212194809768187
user_1obnVIzm	0.019579139885106588	0.00734195439614049
user_1p8I4rAR	0.03688607981638601	0.014062255285372862
user_1pR5Aq8d	0.030447396328136797	0.010641474522138778
user_1ptkfGiG	0.02817104334641348	0.010808853560916312
user_1q9TYTok	0.06581127299297475	0.028047269768139132
user_1qYsMehp	0.15127424049844557	0.06687611210742243
user_1qjyi7J2	0.021546238619207368	0.009019520571255399
user_1quLjfwQ	0.047848972629193215	0.022720998838815024
user_1qvhrwPJ	0.03971839070706601	0.014896681439659191
user_1r1FGqxz	0.08889176436297411	0.037917584461396696
user_1r1FnPha	0.7163550116714987	0.3012705359221239
user_1r2Ub6IA	0.3492768701446743	0.02626829045219429
user_1rNakRYW	0.12223974263984638	0.04519615921140246
user_1rTjeYEN	0.7462143957207623	0.03500223477442926
user_1raVtcFl	0.11054000474654996	0.045039063074505566
user_1ri95I87	0.05267143598534299	0.020016977033353263
user_1rm4NmDG	0.33986864685527596	0.017229500411045803
user_1s39uidm	0.05535264182216199	0.023524074732723863
user_1s5AY5Xz	0.28404198694280325	0.010801520095838664
user_1sUBSLfI	0.07344197541313045	0.0309446147567937
user_1syS4lmk	0.09876317282616998	0.03677398625919382
user_1tYMPWzt	0.028288140474884843	0.0098989110821417
user_1tbCBIuJ	0.377864448506697	0.02118143308903266
user_1tdKlpJn	0.31147714184077985	0.02280786583462753
user_1tfLmMzw	0.07404712885144735	0.028003035651281583
user_1twOybfh	0.050246653802795416	0.019958702061105355
user_1uExxB0r	0.011556402801294986	0.004269383554881922
user_1uKBfvP7	0.15485340595765626	0.05179517421874475
user_1ust7Mdd	0.09407022230651003	0.03709889809725828
user_1uuvfpkw	0.050637203159229205	0.020850394425323243
user_1uvoyXc0	0.060238471978757584	0.026574425608670186
user_1v26F8U8	0.08911008244157079	0.03075621266648161
user_1v8oxHKs	0.13312487282419555	0.05778479002191034
user_1vEEnSXj	0.09774964674466871	0.03754965330134339
user_1veVA2o4	0.005738011992510218	0.0020871806410163473
user_1vxzC8WR	0.017607547733850343	0.006014321784451173
user_1whjjWw4	0.06912152364887436	0.02992620023773954
user_1xKx3ZpM	0.031060511619565804	0.011119229749752808
user_1xVs2b83	0.0856749067199057	0.036823107916370786
user_1xdRPR80	0.0688684005887599	0.0289819714396259
user_1xx9w48Q	0.11044900923174494	0.04453731331350311
user_1xyNECVh	0.047931511057236365	0.01769251911684802
user_1yfdZnQx	0.06928473070290142	0.02884246771641776
user_1yrITKlU	0.040975191875259456	0.015016111226657457
user_1zQdwgHh	0.4698205426950539	0.04587525092924464
user_1zimRYVr	0.4054465371020539	0.02633952358218281
user_20V1qeKC	0.3050545766729463	0.11434888841528844
user_20od6lFG	0.05301611921248416	0.01853964640040039
user_22TZABoJ	0.07768207016184553	0.02932038727417645
user_23HNZQKe	0.03018620335051006	0.012226364419747763
user_23NWzCad	0.08150633005144871	0.032620774880979204
user_23OYaks2	0.01861676890324813	0.006271532511794797
user_23dJ0qtP	0.062442000891047456	0.024388075789408305
user_249XzTZT	0.07981282963435399	0.03165259470468157
user_24FJjDQL	0.01686328545516822	0.0059168213679144975
user_24OP5oEN	0.05162512249433712	0.021009980454282574
user_24ka69Yv	0.3331350451892206	0.012130929044857484
user_250IbbU7	0.8164135382022588	0.030983691023658624
user_253cPs25	0.014420681102220976	0.00534204270138635
user_2596oqRY	0.07802674445055674	0.03300494101936722
user_25TqS0Ux	0.00816915640533352	0.002977471032916181
user_25oN6hU8	0.09159807486038261	0.03582867013540077
user_25xusxuP	0.07122312451708682	0.02744987582006054
user_264DfV7B	0.09696895134758712	0.03165182281354817
user_2674olQi	0.0722566537879862	0.02756754377051791
user_26EU4BDe	0.017202028860943547	0.006493724270950176
user_26Yb1lyc	0.028638925680758293	0.012028666138006999
user_26aeEGUt	0.17797065760025638	0.07444474951608725
user_26nptKU6	0.05849097515939858	0.020140591401759146
user_26zzc56Y	0.013591565978458533	0.005128788315472047
user_27Jh6Lzy	0.0031809392179382116	0.001134751735104852
user_27UvcCtt	0.07888886878919257	0.033488456840396655
user_27zPBgEf	0.025600717691317477	0.009750816424250422
user_28RKryid	0.022114820912307695	0.007444126611902134
user_29AWlGSQ	0.09942494786885467	0.03844154319397435
user_29AcAn83	0.052563199793368987	0.024299012149494065
user_29JwwTtO	0.011151481488252221	0.0039731225651949646
user_29OPb5Q0	0.09008976156695	0.03377693564262382
user_29neGStW	0.03693551422252241	0.016131400002185006
user_2A29gwcK	0.058859765913695544	0.02243169153935366
user_2AD5Fwn5	0.9572560371096085	0.04212015573118875
user_2AaBonmY	0.05368920800012002	0.020418466786639396
user_2BL0OE3R	0.014157946265238443	0.005179505004218416
user_2BlG6YhI	0.0028650598444332626	0.001046618430815144
user_2BlwDhnI	0.5097213240579961	0.16045128282664792
user_2BlyXyQ9	0.013675374222427903	0.00490207813337804
user_2BmiOPaD	0.038959144791675414	0.01836419110198557
user_2BvsPAHn	0.09519620831827293	0.034641518644771274
user_2C4GuINs	0.10284516432238694	0.03949680447728768
user_2CNogO4C	0.02558189980191817	0.01017529317401375
user_2CsnB2wx	0.20114253238079646	0.06689721522291477
user_2D4ZFlvI	0.44472772253025467	0.019643147360882067
user_2DaBbmnw	0.05343664770067845	0.02208733796020084
user_2DkEfTiQ	0.0488196628443157	0.017944764588033586
user_2FPYo7yn	0.05231508903148479	0.023251308330146773
user_2FdyKGWD	0.27009757996751377	0.021130317782277256
user_2Fuw9R2w	0.6290615130975894	0.021567693797009818
user_2GJgGTiD	0.019474445085075807	0.006418785410893562
user_2GOcqztU	0.07704774151309633	0.030005365105534497
user_2GlPJR3j	0.08428097175665847	0.03148213119760492
user_2Grre8en	0.04855036482520253	0.017618776119317784
user_2H1N45ve	0.11724355938402684	0.04506492794761147
user_2H22rjze	0.28354474396412216	0.013799497851783511
user_2HKU3roe	0.026353469474266457	0.010096550518369147
user_2HUoQYiE	0.07816335796977046	0.029023740468783542
user_2HZYwD8l	0.06232246103012273	0.02713250866346043
user_2HpqYrQc	0.06794666117630926	0.02570204029640911
user_2Hw1Brj0	0.06681149167687965	0.028428426903218812
user_2HyFErBj	0.12571131056882542	0.05742132944405277
user_2I4FEkzg	0.05465142541253587	0.020822947628512355
user_2IZfQNH4	0.014345600915981006	0.005322534904840029
user_2J6okzw8	0.0404524081742746	0.015638670202305614
user_2JCyRMpf	0.03537763518319858	0.012764940978840232
user_2JSW7vy3	0.13788604339190796	0.057211848463782376
user_2JVCYO6w	0.1326110492257741	0.05192067795428201
user_2L85xmui	0.044614958735305243	0.016198884878554462
user_2LQhQ8Vz	0.1016296687273815	0.04107665208276321
user_2LfoudkM	0.08220417043259601	0.032762362872561235
user_2M6uI5JL	0.07845592348916251	0.028770473100060184
user_2MZyBvHM	0.0668982881275931	0.02630944436020015
user_2McQZ2t2	0.02380780458231449	0.00881119798722446
user_2N9sqH1V	0.04440450807532005	0.01888279859494049
user_2NGdI7wA	0.2805844835950964	0.017350077741204815
user_2NXgRHVn	0.3185886038744152	0.018718262559345153
user_2NowieZ9	0.02146960420720828	0.0077684503588805725
user_2NyPMtMw	0.022600624755733052	0.008397495191092794
user_2OB7oupQ	0.03727255306029719	0.013452431252387102
user_2OCEaEbx	0.07395178713456799	0.029976259682490992
user_2ODTlHkJ	0.06235405081975128	0.023882437580146097
user_2OGcTq1P	0.16812431732965363	0.010468491377400488
user_2OIf0FoN	0.046067245830611996	0.01691846768802951
user_2OwnkYRS	0.05878719271719961	0.023868683401221554
user_2PMoeFsr	0.25274382952315877	0.010773646774934142
user_2PNx3lmM	0.3744972301015836	0.03567712925392987
user_2PbyS63d	0.051420410691112355	0.020940615607575316
user_2PcZeYHi	0.08950259180509951	0.042034699682832924
user_2QCOM42Z	0.08605323031605702	0.03945121008622037
user_2QIqQIcI	0.06804715816169396	0.02508964016168593
user_2QPqJpeu	0.08300099443501174	0.03787866076260817
user_2QRDQO5a	0.03550181305976363	0.012238320702918094
user_2QcKqxkw	0.3620112689479365	0.0311730188374688
user_2QsxsQj1	0.25659136587601233	0.017560803086211746
user_2R2SJ5hI	0.07180054544886727	0.034152006081888286
user_2RtMCKu0	0.015579943984763367	0.005687671219342914
user_2S1JcnWU	0.05529588319370751	0.02106892066794301
user_2SHMxRv9	0.10823723240386843	0.051354072068395776
user_2SpOViT4	0.07367805389559959	0.02727280374178418
user_2SyYONuA	0.05974037507667304	0.022115626360170133
user_2T26CNiw	0.052488712323479	0.02106088304566224
user_2TFcG8HJ	0.5290720415803387	0.03030773901512361
user_2THnj2mp	0.1203681343577597	0.0553811428747949
user_2TV4c0KL	0.4341679859538925	0.03157026882063373
user_2TcMEhPF	0.6395214288493226	0.024303963505824523
user_2UFl0Y6R	0.05295416232565747	0.01890436020369026
user_2USSHJnD	0.4741115448515183	0.024296224767614703
user_2UVC4QGF	0.041009612633101926	0.016453443397698383
user_2UWIfVyK	0.11949097871467418	0.039831345517298826
user_2UfC8Vod	0.05674430708147135	0.02555629874055141
user_2Uicr0uJ	0.012618655556924152	0.004517849604782161
user_2UmJOAUt	0.20774295862769954	0.006157962630815644
user_2Un9q15l	0.10627551079926975	0.04116125755408581
user_2VCEU5XM	0.04301353619493599	0.018848919663614957
user_2VbzIORN	0.03474825166941746	0.015375497116395938
user_2Vj8d1pv	0.1645578109615928	0.07527761296273128
user_2W4zBa7H	0.12261047606043425	0.04510429253548339
user_2Wntb3va	0.04257577171535869	0.016703913964086405
user_2WpuR69A	0.09915223478017855	0.037549490723886594
user_2WwozyJc	0.44808769162594003	0.036239942236452265
user_2WxtEMCc	0.09464481375720095	0.04505591654366437
user_2X0E4af1	0.04204066905235267	0.013101282505663829
user_2XsqL6NQ	0.057167295082137505	0.018729834774752582
user_2Y0zOEbS	0.02874468477158603	0.011896387112520541
user_2YHBXmWv	0.03774816659306958	0.017721999823180436
user_2YdaRHVe	0.01432726340501999	0.004974184664855534
user_2Z0EBdpz	0.0355360958318677	0.012394912531185697
user_2a20u5mF	0.31637273750688133	0.12614957775503816
user_2aB1sViL	0.0546020008533761	0.021025705517144513
user_2aUJ3HbC	0.04335524434067721	0.017927214114250228
user_2arrpAqk	0.04230613519987585	0.016744955488744325
user_2atS106R	0.10520371643965365	0.04124398591297015
user_2b7pIQ4a	0.043924262856703596	0.018687275734916017
user_2b9XAYJa	0.006846625934295126	0.002588935410407877
user_2bjdFfUM	0.25287414848704015	0.11594654258803694
user_2bo5wVjj	0.10824027320842308	0.03825992236028621
user_2cMyReMV	0.03144484752568254	0.011478841558993346
user_2cckyLnH	0.024689824846215465	0.010126352710560376
user_2cdFvrdE	0.037143706001775044	0.01433220060831306
user_2dF772Ii	0.7330500198406009	0.033965423379964735
user_2dG7OpBo	0.026517047228516527	0.009852694998081203
user_2dJDgUDo	0.03007092253940135	0.010261562792427063
user_2dPkD1Vb	0.05500548774312984	0.02146982008162527
user_2dSe5RLo	0.043082578592488305	0.015989658457129883
user_2dcCHxAj	0.27311182535126033	0.02482802593536613
user_2ddbkov6	0.0317419395219182	0.013117583640888844
user_2ddu5B1u	0.035887043512275625	0.01578053993937141
user_2dfghIDx	0.0789273408472609	0.02799100783276757
user_2duhTILO	0.06586218645182502	0.02231257836497966
user_2e3gyOwT	0.06999273016372948	0.024170215662036584
user_2eCSAecw	0.18185199795226056	0.07969425939431674
user_2eFC14pD	0.09768292303006476	0.04047153462617378
user_2eTyxsUd	0.185331086273265	0.060993641393085
user_2egCo48s	0.058631635881914584	0.02008422503645467
user_2ekmPEks	0.1984517325172407	0.010921518317174427
user_2eyJ2nLq	0.10034268843571495	0.04617602425745518
user_2f46YOBp	0.4484757954635084	0.027848944496991934
user_2fS3ESk9	0.025946210755480204	0.010275253017512385
user_2ffJglrx	0.04801776632332558	0.018806835514722346
user_2gdQ19bc	0.05911494435792729	0.023133204120615983
user_2gkWDXen	0.05299513909611682	0.019863412898710606
user_2hNV2BVF	1.0917895304751453	0.06499982734191101
user_2hVf202V	0.3245707383960998	0.015005491801558786
user_2hwJctya	0.013559685723777429	0.0050309722929759715
user_2i5ztadd	0.032224369865995244	0.012676717682924473
user_2iIATBOk	0.0363261052929551	0.014020441339352124
user_2iNOTdel	0.09885737734431815	0.03865885184267407
user_2iOxm6Qo	0.0592208736105011	0.02140466916737474
user_2iUefyQL	0.03359936942494736	0.013693724238555397
user_2iW2jU6z	0.06537984003684807	0.025902389959595727
user_2iZPzk5W	0.052727287562804856	0.020495697114530073
user_2ibF0hCL	0.7627658819806409	0.3372398131662801
user_2jgxn4Lh	0.037676468245444905	0.01633969057579579
user_2jq7LzDw	0.3503763588649084	0.013267366718664634
user_2jvaI7Su	0.6120812437212875	0.04523110706358978
user_2kFZj9jk	0.030443190044500527	0.012762184965591351
user_2kUxpYpc	0.17759907502063055	0.07115950107614816
user_2kZsE4g7	0.0589542932733475	0.023054451940792437
user_2klRLa3z	0.09273924813520158	0.03561211603905781
user_2mIx6Weh	0.01782739274903601	0.006309176818198676
user_2mNsEp4J	0.08799677133873907	0.03787429828938664
user_2mvJKIhj	0.06606365126558358	0.025292879117273407
user_2nDSqB5s	0.07893363322645472	0.03392298282726746
user_2nP7axn3	0.01766806524552602	0.006279569641889425
user_2nw36frt	0.12916027376603728	0.044571954626804196
user_2oR3XyxO	0.3172233962661393	0.015318104581024951
user_2p8RZzoZ	0.08770728710297321	0.03754467910633637
user_2pD9QLId	0.22457243161560667	0.07938060787394162
user_2pjMOQPO	0.0069794175240111295	0.002605012221920492
user_2pzpNnre	0.040113957278482826	0.014991093301739228
user_2qyh7Z5P	0.07854884658512232	0.03137413102421293
user_2r0I3jeI	0.07213540486455292	0.026660050188235168
user_2r6dxRAp	0.4511879044550954	0.018065397667591666
user_2rEqlv2c	0.04440906742403461	0.02007479758667331
user_2rH31tz6	0.057808986482561886	0.02114728967119177
user_2rIuJMFO	0.050695923460753814	0.01999574389896453
user_2rMQayOC	0.23314768661545934	0.07331998312114123
user_2ricakpv	0.05263720307109784	0.02328607223454792
user_2rmZ2QaO	0.07685699651643989	0.02739900711410636
user_2shFHx8O	0.4437993944491337	0.01801999597964877
user_2tjb51O2	0.03896235127066898	0.014608954318999683
user_2u0utOZT	0.5309066971075406	0.04529776178692409
user_2uotd4qv	0.0734445983148391	0.028796796709828796
user_2uye9uce	0.18428216199119873	0.07865342328878379
user_2vEdhL5x	0.06904651658110736	0.02716877845366854
user_2vEzKY3v	0.07116427891208463	0.029207812363919013
user_2vRwHS8G	0.10453313280758758	0.03526021468589377
user_2vxthPva	0.07633547993167669	0.029179711638818516
user_2wOskx2T	0.08063764581176885	0.02712993966406034
user_2wanD6kZ	0.07537913357380621	0.028678170926356526
user_2wqR5P2l	0.0533505883032204	0.020641271596237597
user_2xBUz29m	0.14609642672541817	0.06550233117311181
user_2xeLTCiH	0.006712091300291765	0.0023198438525090783
user_2xtYvALg	0.031082709245391263	0.011492031002125263
user_2yH677QW	0.01010219154390335	0.0035250687649629165
user_2yPi90hx	0.1351994003687047	0.06023495027081169
user_2ychg5rY	0.04928536143508726	0.021687332866219006
user_2ydckVB6	0.08207926593129115	0.027845374630423983
user_2yfCYmMh	0.04762489136653042	0.02105411333475322
user_2z1d2epU	0.0712514858911541	0.02851465152385661
user_2z2kGJBH	0.04290590997394587	0.018357358329860855
user_2z5sy5k8	0.03846776329293002	0.014803753730441755
user_2zQWKvZY	0.009924753147241634	0.003608773017405177
user_30Fa7IPW	0.3500519486679625	0.015459548563923895
user_30d7K5X0	0.1743658455168711	0.07876674093551306
user_30h3jrzp	0.0063626346994091615	0.0023296194469206457
user_30pqgoRQ	0.04564111738238995	0.017238121387038233
user_30vls6kZ	0.01147495786234802	0.004144644816383
user_3153fImW	0.5227535614440852	0.016610058679553914
user_31wwSGRO	0.14377460826640778	0.05175005656067943
user_31xkscmL	0.27550489811582185	0.1303461045676799
user_32GpmCGN	0.08723541754766756	0.0306358001016227
user_32nbzaj2	0.12245069921991926	0.05168376458195497
user_33RgJDNd	0.03365335368013905	0.01287877568052011
user_33pTRJqd	0.11341908962261706	0.038544166993043895
user_34aLo3zG	0.0863269674850129	0.02477229254991506
user_35MFX6Wj	0.05113057040505849	0.020965385041614333
user_35mYGlOZ	0.2989524028823845	0.1254963111090691
user_35woHCOo	0.0197251100427887	0.006810294389931259
user_361Ke3Mq	0.05261992641111839	0.019948735451116507
user_36Bswjj1	0.08844107564938698	0.035531651248666495
user_36Yg4U1P	0.13930472208552164	0.059942565128619285
user_36x8OHyE	0.13643067641494555	0.06108068437736832
user_36y7OKpd	0.6288071729268565	0.028792344814993577
user_37eTp6pn	0.07493295484071776	0.029772760511061425
user_37gzBKGa	0.07053874569654525	0.027291814407856777
user_37oscUC7	0.5039593629620644	0.036975261258960786
user_37wAdfEZ	0.03291853491228868	0.014368776325463685
user_37y91XkY	0.01808991350199103	0.006856767644172905
user_38MRXxrU	0.05533115416726302	0.018711600414833378
user_38U9uZTA	0.6035955544169841	0.05919279436032412
user_38iBfWct	0.03481274731563593	0.013984190427006674
user_39MM18h3	0.06709424441710594	0.02914051740395362
user_39RWe73b	0.08954741454494378	0.026727527007225242
user_39VYFU4j	0.16986921844387948	0.07323091232148438
user_39cDnkli	0.019775248374705692	0.007080375186461618
user_39l7p6nQ	0.040614004206650914	0.014469840054408703
user_3AGmZif6	0.03291069921734181	0.012807953516330978
user_3AKSs6TU	0.11531631525696588	0.04548181873691523
user_3Az31rns	0.27576312497089284	0.020082042866940555
user_3B8mcWie	0.05370178049010189	0.017033985242473848
user_3BaINu8f	0.0338643392161862	0.013804175260121645
user_3BhcFGLW	0.061558636881755835	0.02171872808092722
user_3BwSdBfS	0.06656723806343826	0.02242013335593144
user_3CKKmEka	0.11926841033165723	0.052644398580294224
user_3CNU7CQP	0.039381200444535205	0.015499036399797248
user_3CSbg6nv	0.029636402352684166	0.011116140777618456
user_3CVez3qV	0.5901567757235883	0.05872742294764512
user_3D4NPLcd	0.10040694161470631	0.04013500723220242
user_3DXFkZ1F	0.14196198750615474	0.06084397888684168
user_3E0dTw9z	0.007268684738730583	0.002570371354478413
user_3E0vN2IG	0.014042933760559609	0.005058191994640812
user_3E25iI3h	0.8307808775164359	0.03334408876115737
user_3EDvWrBY	0.06689932556433156	0.024397909558102965
user_3EnqIzjb	0.03448147498286259	0.01384685888323626
user_3Etfy8sl	0.4278441733534923	0.03016269100036547
user_3Ez5IgQV	0.046614462748488156	0.015962932768607226
user_3FDBJBz1	0.01182815137705533	0.004254052803842963
user_3FMZLPLK	0.013065131803665316	0.004794390152923957
user_3FmryKhC	0.1816131985041182	0.07810847900877982
user_3Fo6NS17	0.3152885049211736	0.0183125175801588
user_3G97yPJy	0.05652866672711364	0.022982550920491868
user_3GioM1Rv	0.7909437084442044	0.05244023688849219
user_3GmoKwKU	0.2197081048562874	0.08098969076791299
user_3HL8HkHx	0.013879064536891868	0.005146903490720118
user_3HQZxruI	0.04200043062415248	0.015022236444291683
user_3IYscyL2	0.06349571931730101	0.02857818244470258
user_3Ijs31Mn	0.09560786437529173	0.037524808829581854
user_3JTJmZ2v	0.038109009456710384	0.014982950074584455
user_3K2NzWvW	0.05029177725648012	0.01983975208214557
user_3K7XouWJ	0.08008249174149235	0.029207208044526495
user_3KDBtiWm	1.6232051854783949	0.15343425477017472
user_3KNh70sk	0.010752411214734157	0.0037526001225337024
user_3KX0tJMJ	0.10110243328728104	0.03084648354457051
user_3Kbz1KOV	0.3127498844013761	0.01715567480842819
user_3KnlxQpZ	0.03983620954722318	0.01693928485785828
user_3Ku95yJ6	0.030660660598285476	0.01234658393579662
user_3LKidc9e	0.020105084801197576	0.008729001260436601
user_3LbbLxi4	0.05456037148110357	0.023425370639300537
user_3LcB7PkR	0.07207509886678312	0.026824245160519317
user_3LedsehG	0.3633608818698305	0.04140463013101711
user_3LfETMfK	0.43133457053192237	0.030894061858085856
user_3Mli1B8W	0.0297687872963506	0.012594389126059357
user_3N3aUqOC	0.04225421588002055	0.015757901012559597
user_3N5xIuVu	0.18631811662502862	0.062477508743338114
user_3NJLkhjo	0.19152763049330532	0.08503741915573597
user_3NKQXYFd	0.07410224989929008	0.026822294333165218
user_3NPBPS5e	0.013443737658488691	0.005310885993976135
user_3OFZNOmL	0.028670521042497687	0.010343962746469702
user_3OIghAyG	0.02443997783556629	0.011574379459932125
user_3OU6Dx9B	0.3819469181896524	0.023238731463525963
user_3P7I1l8T	0.025376175814038247	0.009357897799753065
user_3P9wulaV	0.04100100905016779	0.015006696550150106
user_3PvwScG3	0.04055851290050766	0.01577587138383693
user_3QMuhZrd	0.3832996141056676	0.042935863119968595
user_3QiMARHr	0.030315227418807322	0.011343774045622222
user_3QmGQwNl	0.017502316285938208	0.00772732686338456
user_3Qn9AUwC	0.033094860218244114	0.013421126304869318
user_3QzpcpJ8	0.06675920630378353	0.025062478576423214
user_3REhS7Nm	0.07881697188738057	0.028357751461519573
user_3RSLESa7	0.1002856993845111	0.04447933187566262
user_3SI0Dpla	0.03669561737288837	0.013180676304387861
user_3SUE2bAh	0.03817054285413591	0.01649492703049654
user_3SmnspLs	0.02820347140846762	0.011381089150837626
user_3TcUpeRL	0.543354817831209	0.023920755013085025
user_3Tf4zpZg	0.06942366207869868	0.027539691602347083
user_3U0nfKsC	0.5555764082256096	0.06275664094613756
user_3U6hWblL	0.01467887886034219	0.0052894524463965135
user_3UHGeWlX	0.0693009882315855	0.026645325852986203
user_3UHKgmqj	0.036097256336836595	0.015483576998499945
user_3UpgJmuB	0.08672143239082737	0.032298562618454554
user_3UzE2jqr	0.03351327947080728	0.011989757781537463
user_3VJ2IZWE	0.09563375707765012	0.043454827615425656
user_3VMNW452	0.2202032548819924	0.10061427936393755
user_3VMy0XXK	0.1429001677740938	0.05358303551589638
user_3Vk2ymYr	0.04194156075635954	0.018219040923353642
user_3WH7V19l	0.08260193581403966	0.03149805549760439
user_3WSsMZeW	0.016425139086787888	0.00602718466999747
user_3WWSkA4k	0.10088827992590978	0.0406842072418079
user_3WttDyPU	0.01934565596888692	0.006618123643477731
user_3X1ED9nI	0.07215271551489372	0.02947254483870973
user_3XJzI1tK	0.053154224107600345	0.019537676710867962
user_3Xe6gX6Q	0.0685441548782454	0.02751977116547465
user_3XfebNkx	0.09440561274878512	0.038514269873731716
user_3XjUyPpm	0.15887444690263686	0.06674466611354772
user_3Xzxrg8t	0.4301817529998192	0.01597309119432592
user_3YVkjhHT	0.005753884149176915	0.0021284643277848484
user_3YZXDQK0	0.07053634763077157	0.030052666409312413
user_3Z9cKseH	0.18896005036477867	0.08133198591016798
user_3ZdEcWC2	0.09017749677843616	0.03509196885039483
user_3a41kks6	0.02101342580431204	0.007083955799049145
user_3a7z2N2I	0.03719133648584623	0.014382238845008645
user_3aRDT7JK	0.0148639535354835	0.005622343711751709
user_3b98Xm2L	0.03543883344106913	0.015548005851986919
user_3cXxbGdr	0.01875909109968224	0.005851854945787791
user_3chTc2HU	0.464697430710198	0.024017710834573273
user_3cnfTNzs	0.02288276303204848	0.00798591230031913
user_3cpqv908	0.05463463923126613	0.02069672173086204
user_3cxEirZK	0.05337833753273474	0.02230449262145201
user_3cze513E	0.02352162468084284	0.01027731982494106
user_3dEDuryL	0.10428213292944952	0.041266791403624256
user_3dW5KbDl	0.03210347020552342	0.011348511210031657
user_3dZyrXc6	0.1005932037070419	0.04630138808522854
user_3dk20KYn	0.6902665119844734	0.02337310062144223
user_3dwXV7EH	0.04454765575306117	0.017328624551020206
user_3e5e6PVx	0.6130410641451012	0.01898466473211287
user_3eQ288hp	0.2571718499636993	0.011645028953607793
user_3exo97C8	0.1041914444597855	0.0407338568130867
user_3eyVqFrG	0.025605778450838113	0.010768736310938224
user_3f212Lb1	0.3096557948161726	0.016714197214882057
user_3fkBYVUh	0.06905888289740114	0.026360349576145112
user_3fs6JLu6	0.8509999211320639	0.08159347043529011
user_3ftKTXyk	0.023087441027294237	0.009862310949764244
user_3gNpCGGp	0.036507618989207825	0.015912056046710796
user_3gQKBBYj	0.013549276794284422	0.0048522767792446376
user_3gvJnTya	0.04123825499086413	0.016371958895752457
user_3h9IgE6b	0.04379154600677541	0.01678883763312711
user_3hE52ogs	0.0778127925737931	0.03612767967039915
user_3he4fheB	0.03294453170361243	0.011506815968693566
user_3iOG1KWD	0.05687225630119246	0.024039100588183475
user_3iU1rMOs	0.578655192718091	0.05629692562266331
user_3ib2yswv	0.03505212688365452	0.013853253425968003
user_3iv7OfXo	0.3422700105714629	0.013798009521209331
user_3jCr4vsC	0.05219332862020145	0.020882883639412875
user_3jPTIR3B	0.07348172683911748	0.028559434909534494
user_3jQsYj2t	0.0897230333725408	0.031642735571401126
user_3jfbYnJY	0.5048809457438262	0.017504094582095835
user_3kDsA9nj	0.09537786058492456	0.03981316428492593
user_3kZxiTvt	0.022976883182988447	0.009391771157555889
user_3kp0iT4l	0.07012324615945041	0.026376698876654406
user_3kztpSjm	0.059801670814645484	0.02542472161438668
user_3l7u7iZg	0.019307695575916554	0.006953332853761937
user_3lIaD10p	0.03995559313385922	0.015064372263060245
user_3lNgMpnj	0.026248659507059596	0.009480214514476967
user_3lSF6xr6	0.011790234532030684	0.004111293900517385
user_3lVIgRVv	0.01801386099996297	0.007859874846153017
user_3lbc39xa	0.4017473294017421	0.02444729742216939
user_3lr8Y68V	0.0250322367603635	0.008424080028290232
user_3lyIlef3	0.06274767147955891	0.02349562228487624
user_3m8SoUy0	0.11263427390169653	0.03981247600557024
user_3mf4vgWS	0.053029263588264625	0.022015250356283815
user_3miqYeV5	0.5674003794490681	0.026218704641955935
user_3mseX1lH	0.05865831753197326	0.023147725518634813
user_3nMmWeKg	0.035089921486609325	0.01305346244119872
user_3nRMYeKg	0.06697769337746531	0.032484970989602055
user_3oNLXzsH	0.07343735376449884	0.02517781207551236
user_3p7cyuoa	0.13277043756750484	0.05979609169575081
user_3pVh5ryK	0.03670051455683547	0.016084241708047866
user_3pt6F71d	0.058221939154804406	0.022711834791852816
user_3pxwMooD	0.17508117468377862	0.07198671109981271
user_3qLOa2KY	0.13007510831449778	0.057710430353176065
user_3qLq8uCL	0.02567514815656559	0.009604039002478927
user_3qR8gnie	0.06819151523061251	0.02804640304451856
user_3qX6eOrM	0.06265762906681797	0.022823913036155503
user_3r4g5g30	0.40646482090585134	0.03609491905088464
user_3rmPUrPi	0.05228058329090371	0.01972799771562598
user_3s38E181	0.07573001903791539	0.0341477294360406
user_3s9KGlhD	0.016612955544877604	0.007361821783652368
user_3sFghlAg	0.20063231773068668	0.07854770790364682
user_3sHUsRP3	0.04457227330513469	0.017735379131487698
user_3sNdm9Tj	0.03387895745134968	0.01175856157286191
user_3shIteUA	0.022148527282488742	0.008605484579160053
user_3ssAMRfm	0.5898113553938306	0.018662749940928636
user_3tJ4EFZD	0.04984157122134373	0.020925253393300935
user_3u2hn6LU	0.38708545053401877	0.020334560806058766
user_3uAzPsFV	0.02490340381496735	0.008811890176902887
user_3ufXIbBc	0.007117094166284699	0.002501785173819885
user_3updjmQ5	0.7878678197475958	0.022969605013338463
user_3ut9XJ0X	0.06411336768605139	0.025251682144260934
user_3vRV2s5e	0.01572708633380742	0.005980081855124803
user_3vSEHmYX	0.2533460091605945	0.09772995474903136
user_3vTaA2zm	0.6814716848595209	0.029789404344844457
user_3vbi6LEr	0.0790269114993599	0.03155605339048759
user_3vtqSwT2	0.11724170785802956	0.045053286876285126
user_3w4aof3g	0.04709976908883893	0.017664232433867114
user_3w7XC2vT	0.009383065447001081	0.003505794486856226
user_3xCZsrgJ	0.06997401454691932	0.02704275687506637
user_3xKuA68D	0.02371845202184239	0.008491964038648322
user_3xXlo0CC	0.007556249312837257	0.00277758812091022
user_3xe3EDWp	0.009937448664168812	0.0036693157912846596
user_3yXjqENN	0.03876073313769651	0.017956737395005418
user_3yksySvN	0.017549247046611614	0.006529987001122126
user_3yo2n84k	0.48219526203894264	0.04958797163774083
user_3yx9NTF4	0.06175465984026632	0.02636765942329809
user_3zM8Uczg	0.07080005307350458	0.028620143196042887
user_3zTNEg6X	0.10657000925453387	0.04390004692336165
user_3ztNQZQT	0.07006730979967993	0.027864447277421937
user_3zy71COg	0.03797134642587507	0.012732737106913644
user_40YCoyCD	0.06036293873785914	0.025539460969668863
user_40eUfF3L	0.05112778299173281	0.018686085009847066
user_40xZHwsl	0.05070576314175081	0.019866951801859423
user_41UlUqPu	0.01668715181252297	0.006039248693131666
user_41WHNOCU	0.4928372878756311	0.023295982914579058
user_429UfHNG	0.020649046133385567	0.00879265655527784
user_42lj9Atg	0.3106574761421096	0.026780048666120927
user_42nUYtpX	0.09315479360975609	0.03624069760531843
user_42tUDwqK	0.44430361734687124	0.037445751977322646
user_43PtyWR8	0.032527166010233255	0.012812321367645787
user_43UWcl23	0.014995188390523752	0.004912569524303896
user_43dawpZo	0.03233983971801991	0.011321724415767372
user_44KRfxhp	0.035406537128308525	0.013403957655612916
user_44fSUQ4h	0.021574163992878214	0.009071390282069233
user_44yMTvgH	0.47213364733916	0.040565284981903475
user_45Epw0qf	0.11479142930909235	0.037528020794817075
user_45J3S5HY	0.21152574800891402	0.10246727773944661
user_45PRovmU	0.0042084490863219595	0.0015275746549962682
user_45ezbtzI	0.04825695401698171	0.022968394039082338
user_45suHrYX	0.04088150336122605	0.01713480207106296
user_465Wzf1G	0.0565007855749972	0.022627007945158144
user_469Arw9d	0.032748031223422014	0.014532823765823571
user_469ln5PK	0.04353099226035164	0.018384920765404406
user_46B83zZR	0.10434867435248182	0.034855255644768636
user_47E35MLm	0.043798628907362566	0.01637924107259113
user_47TBpovr	0.014093829508927899	0.004837543313896804
user_47xPNjTz	0.027578427275264408	0.011632852210245272
user_48Mc0huM	0.0670513041957523	0.027824393298884524
user_48d84lrA	0.012445854134926559	0.004640107639486614
user_48iS1RMB	0.6130066785818553	0.022728558057426698
user_48te6pAx	0.03246986786662073	0.011745413598320379
user_48vVg8P1	0.05773416777267567	0.02264260455256295
user_499IPRqW	0.022458933891871685	0.007892191234236798
user_49BSIKGF	0.07940076428201423	0.033966772195632496
user_49OVZ2cB	0.10285712030461276	0.03976106312747594
user_4A14gqcv	0.07307181701577985	0.02455214615772273
user_4A3ZSzlW	0.11378589043370207	0.04644609676799381
user_4AHTSFKP	0.01730978235126887	0.007656564479776934
user_4AxYjJ2e	0.059271915769497106	0.027101039711822594
user_4AyHAfNF	0.0669151764249127	0.029107739476631516
user_4B0kPq3h	0.007377096178161593	0.0026376132913014357
user_4B1iduR1	1.0552982053247926	0.06646661349816567
user_4B8NufnI	0.03531081405498705	0.013319376229762056
user_4BJvhkDO	0.06337736345530436	0.028499943451065272
user_4BMqquoR	0.19680071256700155	0.08047755422329911
user_4BgK9F5E	0.05103841564933085	0.02232800613177759
user_4Bl0ZjIx	0.07559605315125417	0.0353095271892908
user_4BsS6vYi	0.08030432684382074	0.02740449188360012
user_4C8lKD9E	0.07027158817057583	0.025875046581234355
user_4COxym8k	0.04216560149302343	0.014707703547010465
user_4CP60v9q	0.128859298330336	0.05946187711065748
user_4CTSrt01	0.040478765357719944	0.01697740516879664
user_4CXnUHjM	0.06119946435148421	0.02462964673604325
user_4CZeq15W	0.056743716388664385	0.02246071209380492
user_4DFkCNHr	0.0391101008199389	0.01818845510453334
user_4DQViTfh	0.03175604201174918	0.012430075231690612
user_4DW5IJPK	0.028716284322139473	0.009748288308731617
user_4Dlr7Auq	0.05524250935655833	0.021014562910705505
user_4E8DAxxM	0.02001643152500896	0.007309809148323644
user_4EhiSpqe	0.06984554121451023	0.024842419553239178
user_4EyYZ2JC	0.09703060103381998	0.04190381586558468
user_4F1QBH7F	0.05158758409672411	0.02118899476270589
user_4F6DMFJg	0.1303784109902213	0.04875046446606249
user_4G03wLqP	0.09004177374559931	0.036042210440309336
user_4Gk9pAHZ	0.0781139139539006	0.03233774909483061
user_4H6cpy0I	0.06411875576094143	0.0260829364237909
user_4HAxjI6y	0.06332502659123433	0.022748013610523546
user_4HCr8sWg	0.03358655584678963	0.01347417052784131
user_4HV1bFmV	0.021676489197468462	0.00901922467311959
user_4HWBuvUL	0.13791277957116982	0.06009546644338242
user_4HbHy4je	0.0368258177690738	0.01261954662413245
user_4I0On841	0.5963103924601753	0.02348147316144002
user_4I0jCrF0	0.023333160968961323	0.008566508908716554
user_4I1L8LL7	0.16847735532750843	0.07209437701786899
user_4I2XlX6m	0.08435606738675644	0.032225994962357396
user_4I7pJ1Yp	0.037774875182675804	0.014521844442824004
user_4IS4bsQS	0.045589089959862154	0.016523206139848933
user_4IbDILHM	0.08912740863670031	0.03447801724105626
user_4IiORlJT	0.04952609764340404	0.019064464536359977
user_4IlM4rx7	0.0554007590688034	0.02412422039632089
user_4JACeYlC	0.3596655382483823	0.021043077512144657
user_4JCEub4j	0.05541722616969062	0.0213616781057588
user_4KHHhtiW	0.2980723901659671	0.017043086876870513
user_4KJ6nh9D	0.6557246389956737	0.04060805352301074
user_4KOf0gQ8	0.01055147848596208	0.0037772396137750745
user_4KbFlJv4	0.023777175222471636	0.008143782858127212
user_4L45EUpU	0.02789595190030578	0.010005178386461831
user_4LVQFFC7	0.009927788954469953	0.0033571747458249488
user_4MJQVXCK	0.13835011460323313	0.0612315797651301
user_4MQtC2OG	0.03325402466726932	0.011742315600738407
user_4Mn1uau5	0.05820232657697834	0.024270621145421514
user_4NE4yqSu	0.7105105487514101	0.03356132909123387
user_4NMLAtgA	0.9128234345192417	0.03639736675653624
user_4NSxQrUw	0.032013709609195085	0.011688385654783827
user_4NUuWunV	0.06287945507019747	0.02678589729042066
user_4NjX1ZdJ	0.08032516849550529	0.031952367327836045
user_4O41II21	0.07058833913820721	0.028347021271587666
user_4OMNdC7O	1.098797386456721	0.03332499551514458
user_4OQTAQnL	0.2649941719019519	0.0095058543243694
user_4OeZtBsV	0.10059476266450562	0.039409780735277795
user_4Oq56Ejd	0.10315218847597844	0.039697773024387
user_4OvApgcN	0.10452375198333069	0.040715364555906935
user_4P7tisxH	0.059148054497340494	0.019988725456082334
user_4PEgkXnW	0.04003672306316465	0.016742073282369062
user_4PFceFeU	0.07883013113603726	0.032099132865979964
user_4PLixIk9	0.24466612989014022	0.010672335899358962
user_4PRnWakQ	0.07331045863830685	0.029763655677102128
user_4PWbxVQa	0.03179553918828734	0.014243779409027435
user_4PcCgMY8	0.40512616443228466	0.016868963739626857
user_4QDXEUM4	0.08213464619268455	0.03448141031485605
user_4QFGDLjg	0.7488186091520033	0.02605859270967224
user_4QI9ylQS	0.05323271335185163	0.021456335196609746
user_4Qe6t6xY	0.8071784217145419	0.10468592899998971
user_4QumYSt5	0.06282314857508871	0.020598512140661388
user_4R9UjwMY	0.05720170940206523	0.018953987590194954
user_4RNXvzi6	0.04274178228412641	0.018294854282781773
user_4SQr4dPr	1.1660410760437268	0.055363975658449326
user_4SgPocWY	0.09822069754658855	0.04148187457290899
user_4SpluQ17	0.04242494985103078	0.01719599313396523
user_4T9NPPd9	0.04108804657901542	0.014881139887835897
user_4TvGcmtM	0.02500419715624161	0.010673854687002778
user_4TyxhyVj	0.04168658401562998	0.015859952954597818
user_4UNZf6hE	0.036690400447487864	0.012456713274481725
user_4USwFmFx	0.10749792288143614	0.03486827304085087
user_4UXUfUJG	0.15265761624122592	0.06712220077914836
user_4UkqQxx0	0.4434981130251311	0.20249382789499107
user_4UvIoAIm	0.007071368255698561	0.0024937431083622355
user_4UxkBEs4	0.12318890331231752	0.04265619276411825
user_4V87rL0t	0.2079624319368078	0.08163694501552476
user_4VMKE3Jw	0.12328910128782762	0.04919526706105723
user_4Wm2EgTJ	0.09203872458888415	0.034439927028784484
user_4WuH3vy7	0.03150156852671303	0.014201123618541986
user_4X1zpalL	0.036510346739392685	0.013592734606053687
user_4X7BQ9y4	0.049320343852761	0.01951484527374364
user_4XSeZZnF	0.011390933128500633	0.004172273771465865
user_4XTCYpih	0.12342107114314423	0.05560393380113312
user_4XjaaTxY	0.09889825462170423	0.04322662713256375
user_4Y1Ut9uX	0.31731774986459793	0.01910660905756152
user_4YNCKVD4	0.025364331228098464	0.010444172669725334
user_4YXFfBrS	0.12216414374401707	0.047267671655953435
user_4YgGRKQ4	0.03335191478634347	0.012489684150232848
user_4YkRRjKk	0.019834890026434834	0.006994189988956204
user_4YqSeTLa	0.04908561320682253	0.015549410006352444
user_4YrBmtKs	0.04492371077626337	0.018309703878715163
user_4YtcIVcp	0.027566455544099113	0.01153824153415394
user_4Z4ptPvw	0.03629641947383154	0.017146358659894844
user_4ZU33Ix5	0.11019062940377178	0.046466516037236956
user_4Ze5jheI	0.06323014613763953	0.02703614182812819
user_4ZeFHbwB	0.45328087357985725	0.043868255041212965
user_4ZtK2lck	0.08069424989317844	0.03285549195935583
user_4aSZgptv	0.04889039482334935	0.017630482354419608
user_4ahCiTqb	0.6011692511250253	0.017323845663202747
user_4bEIKfSO	0.5720595676572632	0.02843050266169877
user_4bOSXzfr	0.31369791160361504	0.014320412929127706
user_4bRoyUrH	0.10789677659249845	0.04234797334898867
user_4bdCf3aJ	0.9354080965381242	0.044110088074468284
user_4bwaKXWF	0.02726711880411052	0.008910928156537165
user_4c2jXm1L	0.03022377210826871	0.01211456229400889
user_4c6FU6fQ	0.005870348317329995	0.0021271457606224526
user_4cKqT6JO	0.12495093860591049	0.05477389515151314
user_4cVJKY6V	0.43463914921058505	0.017699754927753695
user_4cgdDzEH	0.4931692827728804	0.03283637070902548
user_4cyp7aL4	0.040100721698334105	0.01410459896147234
user_4d9V1BPC	0.049874028833595194	0.019881851622204127
user_4dbEfivz	0.0798834568217157	0.029992253776842125
user_4e3tsvb2	0.12864139171509825	0.04843702478889847
user_4e4K55C0	1.0788096612192306	0.45251702018108386
user_4eTwiA2V	0.050633573986674715	0.018616407751718217
user_4eUXToLG	0.07686298370336439	0.02983879112919923
user_4eXh8trX	0.03408522243385263	0.012694739622287989
user_4ewquYhd	1.036180302729482	0.05884657243102961
user_4fHYJXfZ	0.05071903799296232	0.023817038952263215
user_4fLWSqT6	0.05046427025886577	0.01840069149085858
user_4gRELlzU	0.06382380075935966	0.026694720440813682
user_4gTuFVA6	0.042018631449648736	0.015135224810685311
user_4ge5qcfV	0.02299601112578637	0.008277222689622356
user_4h20qWW9	0.13757898158377307	0.05642863163555552
user_4heNS2xr	0.05127013981599117	0.019774633630821093
user_4hrHwdHf	0.08976446967692825	0.03533393165833237
user_4hsaW9Yw	0.07140953484965243	0.024300882841459044
user_4hzgAqCx	0.08547912980090334	0.03538172712029491
user_4i8YhkzJ	0.045652865770903134	0.019161317512841915
user_4iD3IDxZ	0.280869414590591	0.01637254058966533
user_4iNykzxR	0.17125215965329826	0.07517984438538128
user_4iW03QJr	0.29893378850879737	0.020249477340399336
user_4ipT0xxa	0.035584245688481064	0.014065042781650505
user_4j1KbyqE	0.3033729118919627	0.03534236343333146
user_4jNIisPJ	0.028832634548384757	0.013195021059620558
user_4jaqqbrC	0.038911574744801246	0.01464026500505299
user_4jgGM6xc	0.162995638062906	0.06874141504071388
user_4jrdOAF8	0.250630624308348	0.09360975884051186
user_4k3NhDE4	0.5046933835218237	0.03870615570739195
user_4k82Z4k2	1.044692204571903	0.052393512586286814
user_4kRoSmD7	0.04580030936149357	0.01678574773656146
user_4ka40eZr	0.017724928967923402	0.006653810979360519
user_4lELlish	0.030865093898452038	0.012869850834464028
user_4lOnl3WA	0.05905856043515831	0.01809630000821649
user_4lTX2Mji	0.12297288208895907	0.04442262790624443
user_4m65RYHw	0.047238085921578715	0.019692072429251223
user_4m8eS5vK	1.048934720316112	0.03132688212024534
user_4mAlXqXu	0.023112058785639406	0.009744706063763124
user_4mJNNndg	0.101554693704411	0.04005921147791825
user_4mJOYiSZ	0.17786450797885953	0.0739589492168481
user_4mPlWBpf	0.11731021589881505	0.047897510665943714
user_4myiVaRE	0.039126605921516316	0.015773308569317194
user_4n3BEmwg	0.1252004616871278	0.05150771715265719
user_4nQhkM8c	0.025370844529560656	0.008834519101799452
user_4nrayota	0.04801044287741574	0.016965288473225357
user_4nsjyf6t	0.022906073381751615	0.008245278470559607
user_4nyJ5HxC	0.06916348179418237	0.025690500523197008
user_4oe9btW7	0.026679148741820372	0.011188759137509602
user_4olX1lAb	0.035875813341779375	0.01367229598435986
user_4opXbWVJ	0.024554414921781575	0.008568554824479041
user_4oq0gsA0	0.03366936190550032	0.013951695300682057
user_4pYrwjKA	0.06730658311091635	0.02300329859821648
user_4pcR5YCg	0.1755228593955071	0.07930357077081761
user_4puM3Y02	0.033283179282804116	0.011229157472910811
user_4puvmOp3	0.06723538803382151	0.027885117257590374
user_4qTqsgo5	0.024728560010809135	0.007809124460250311
user_4qWWc5CK	0.011485301673007889	0.0041208841444317105
user_4qX8y1R1	0.05746313084355556	0.022692182433994297
user_4qcEezOS	0.2608278998654593	0.016397155433766953
user_4rAJ3E0o	0.022679039491405335	0.008393344567402879
user_4rFCTpVf	0.08182228339430733	0.0338821983596643
user_4sYPD9qD	0.05443842924064041	0.019398615451737055
user_4skwNaE2	0.007013306030287932	0.0026011224198742027
user_4sm04fXk	0.0215757661834508	0.010564424543666455
user_4snnLSXx	0.1770038017291627	0.06320997665705218
user_4t3QmWP6	0.053104972416847945	0.023032772822462057
user_4tJpZZQ5	0.04751482355793925	0.01768139643917038
user_4tb1gfnp	0.01904950358469385	0.00824815997120586
user_4tcmyvWT	0.021214128232124364	0.008323901250101583
user_4tcukpEq	0.6311021042585018	0.04670531265772734
user_4u5nkLNg	0.02083788573263129	0.007763647281869038
user_4uRpRmPj	0.029613443430378042	0.009807000647619645
user_4uViTgk4	0.12478020168141876	0.04624881280445818
user_4vGW7BYK	0.1226308467085622	0.04281873249207987
user_4vXeqytC	0.10121138268738308	0.036815237242302824
user_4voj31Kl	0.02554033664846856	0.008439228944677057
user_4w8kORiU	1.3643123518582003	0.10317766351917754
user_4wHAaziM	0.13273315178238146	0.05216618890771885
user_4wY2ceqF	0.05042537346319326	0.02375782572564937
user_4waDXMZc	0.025075329913164333	0.009417977908654548
user_4wlyVqLk	0.017859699811584723	0.006853413381071369
user_4x7WCZ1M	0.03566506318788199	0.013205026502002665
user_4xFWtfpE	0.12791703759362463	0.04973691477500673
user_4xFfhlaa	0.024154915285962652	0.00772692802166333
user_4xo1ME81	0.15221993188255556	0.05418126374598009
user_4y9RF3se	0.1307039890777729	0.0602662751141195
user_4yIW6iBf	0.2590171685900501	0.014595023566345582
user_4yTe0Vda	0.721092731954545	0.03289734770848421
user_4yoICbnt	0.0326279711151844	0.012696880308142847
user_5128ux99	0.07947333050078083	0.030649010702994382
user_516Khu9O	0.006493205481750159	0.0023272468606434166
user_519rHeGJ	0.07027470601608063	0.02852698340935478
user_51ZFBH2J	0.09285311935926245	0.04050630224033366
user_51bN7g4x	0.2530453898263348	0.09241115290979457
user_51c0Vo2t	0.04666582321548683	0.01786567697611011
user_51eqw2g0	0.015590987086372963	0.0056899169869570835
user_521qanSH	0.5615275797978321	0.06994084332239062
user_52HQCH9l	0.38771999707444466	0.025507568475506528
user_52XdxfSe	0.0512194288574208	0.017266041426983736
user_52ZdFSeU	0.04485681937000495	0.02019288273459338
user_52apC0bx	0.10807115036210477	0.049624819899359594
user_52eMkfx1	0.03699899358337827	0.017423605601038363
user_52edhE7f	0.05459568862749501	0.02146392054844327
user_52uaOMCv	0.10082167333583893	0.03831232748482788
user_5305jxnF	0.06905762815652602	0.028203571338215338
user_53PiYFIJ	0.10400473129546538	0.04300140836463058
user_53taTmEF	0.09927031202736315	0.046727070886287615
user_54chhodf	0.037485933302141894	0.012405541843075994
user_54fuwNXw	0.17373990468951372	0.058968471394178844
user_55WcTbn5	0.027518662220903795	0.01154207521731286
user_55X718EF	0.05094446960384191	0.019910111873642354
user_55XgyJXm	0.5926947658829117	0.03595093710150806
user_55aFZU9z	0.04398362982179074	0.01573252257139274
user_56C7ndgs	0.08606975563106635	0.03296760183804485
user_56Chy2ad	0.006476991434515331	0.002287836315139382
user_56rvRLWY	0.05002947715317117	0.017424108642939782
user_57CtFaYY	0.04838594794618162	0.019036750553124832
user_57ExdZj5	0.11003009266539188	0.043163991638930845
user_57QfXMTT	0.07283783843862446	0.02681687539145943
user_57rjyogm	0.030304452201565288	0.012161429750258176
user_585kxV7w	0.08340742204117242	0.03342977150947844
user_58KEL2jh	0.039998076518802564	0.017383539110016763
user_58epctGp	1.2889114578642948	0.07336760517201588
user_58oL71tD	0.03557200236626202	0.013561366575390279
user_58tiHlwC	0.037343457236682955	0.013772347420887211
user_59DA9dsE	0.09344826270512062	0.04121072342107407
user_59EpZe2w	0.11784474711997363	0.04610691407622119
user_59Lrn1M6	0.040652042842220557	0.015375949998494355
user_59UkeTPi	0.5443131639502032	0.027673725574509634
user_59XkE4xC	0.04834743352958759	0.018287867897289183
user_59iG4DzO	0.1733086667287692	0.06234180298780898
user_59j4BL9G	0.03386794121603804	0.014135888483814215
user_5A84NPwV	0.0651125068358948	0.025609319076792165
user_5AkKuLnx	0.0416460313893109	0.015741898089926605
user_5BNWUOHc	0.07110899608158006	0.02633604033482376
user_5BUB89P1	0.02703880865782176	0.012528107496824196
user_5BVmtT44	0.02345555630737459	0.011236696697339729
user_5Bugf5cm	0.279185663411875	0.01111927248222157
user_5CVdBIVw	0.009526563394404934	0.0035112645124931864
user_5DWToRZF	1.1097414907796073	0.03689484827845961
user_5E5zRg8C	0.0589877172726931	0.021354437105009345
user_5EDxDguC	0.08923088602266116	0.03547968100582555
user_5EhhtF92	0.006413584070398527	0.002332904851691596
user_5Eik1cSV	0.032428389638723035	0.01279563868141962
user_5EyvPg3q	0.4577293081593844	0.02448898765972577
user_5FBggu3Z	0.03704289965159724	0.013489632757346982
user_5FLJywJ8	0.5062236436440761	0.22225735490379575
user_5FRjQu6J	0.5562023327118713	0.020417929296564837
user_5FpqU36g	0.23517572333102135	0.09795716519160556
user_5G5p4bdn	0.5548492560130183	0.0390806021890884
user_5GmVWpUo	0.5789003592337717	0.04920607034263556
user_5H5QSW4R	0.05403314508896859	0.022780163784401886
user_5HR9Ek5c	0.04001921807081359	0.01727609313012382
user_5HafuGpS	0.04362709464517303	0.014927611168298043
user_5HvoiGI4	0.018910631022874748	0.006865950253447171
user_5IDJVmyD	0.38312155110413304	0.02726078076654408
user_5INjZqwc	0.05315471320633605	0.020095255885854393
user_5Ifr2amc	0.057805702057473304	0.020955540631484307
user_5Ijli5FJ	0.057699319231964113	0.023656535291431524
user_5IjrFyjC	0.42567836846418117	0.024665672405665313
user_5IqFcBM2	0.013455023765468126	0.004713157205437086
user_5JSXtoyL	0.019915030949766543	0.008649762180736119
user_5JaCW1dU	0.11955905750607178	0.05835806764767579
user_5K4iSfNA	0.07033081035443152	0.025002752267252355
user_5KBhjwZ2	0.06322747763239427	0.029635806471395548
user_5KIDlm96	0.03842143678074128	0.0121292605166853
user_5KbeA0HY	0.041816920783279275	0.017431798768524995
user_5KeK63VC	0.028645570126252698	0.0114923630198751
user_5Kk15ekA	0.1262979754793941	0.044495485989462735
user_5KqIvpWz	0.0636793435642399	0.022675086175533193
user_5L8TIyL8	0.09121541131511374	0.032710716991784565
user_5LLUfj7P	0.01113566990910116	0.00391978372390303
user_5Lj6kzWg	0.014363002445830282	0.005303595162758333
user_5MNScNp1	0.02920245073629494	0.010919024270824704
user_5Mv12DHa	0.04385209589359213	0.016618935118800828
user_5NHV8ZIT	0.06092789098034164	0.023192834541707147
user_5NIpCjvg	0.07930313412837726	0.029378132022877645
user_5NS2dmhN	0.2794291467969682	0.0963173587607159
user_5NeustOx	0.016412459548689824	0.005527664200838866
user_5OAVyYzM	0.08155032633504436	0.027121423147914634
user_5OCCKRQL	0.020405731628002525	0.006755811287611403
user_5OGqGMat	0.02388077813554431	0.0088993329393862
user_5OPD9Yku	0.03899648746971564	0.016404674836843085
user_5OtlJSNB	0.04182519439089165	0.016572167398167758
user_5PAsRADA	0.10824056565504589	0.04590577977116259
user_5PGtp8Fh	0.019817355009402925	0.00707688227796282
user_5PfQIUv6	0.03480726352162338	0.013854449365682413
user_5PqxIJYZ	0.0983849743020492	0.03358987370989017
user_5Q1YCRMs	0.4275216866317457	0.025094904782512237
user_5QEnkhnR	0.037086736172583956	0.013278225931742911
user_5QhHypiR	0.05202463421329673	0.01941497083264366
user_5Qxh8WmA	0.24825474790931945	0.018497683345006358
user_5R6WYhap	0.06382637747013688	0.022338200211728564
user_5RSW71QJ	0.02476312495998781	0.00867363069237655
user_5RbYGeNG	0.08324942778864923	0.02861789319781731
user_5RtNUe3w	0.0572528920324986	0.020471055500210437
user_5SJy02PI	0.6045332738009146	0.0596262622943696
user_5SKR2h9p	0.04467357935448717	0.016450601401376556
user_5SYuGYuk	0.008378681638411305	0.003012927714590007
user_5TPJucN5	0.01701099969151154	0.007539602496247044
user_5TTfmOHa	0.08864017545511615	0.03942211117387461
user_5TVdiI6O	0.03655376997827124	0.017362601481679292
user_5TsifE5S	0.04652197512234056	0.016790408658944444
user_5UWRGFfx	0.05236623316159949	0.020946387247214544
user_5UYB3WZx	0.11669361909497585	0.05283118200847394
user_5VFczo9d	0.05546035646350575	0.024259532560374775
user_5VV5WBxF	0.045438773105483186	0.016221041163417448
user_5Vw8JDn9	0.3023229506032468	0.013914027802953637
user_5VxrmqMI	0.08889527703402933	0.0331178062039535
user_5WiW5Zce	0.02234054283138831	0.008926283429922766
user_5WmtJ4CA	0.0355672147220991	0.012863058383289586
user_5WqPbNDA	0.009773339171698767	0.0036728072456287527
user_5Xtx0Nin	0.07455755784817929	0.03136501780528603
user_5Y1JtbUT	0.06371142422663365	0.02388561383527021
user_5YjIinq9	0.21186936397875947	0.08985802604855408
user_5YtgLoRE	0.061681901488286395	0.02173587528423711
user_5ZsLE6M5	0.04639859213068545	0.016987514242622227
user_5aLdxy1m	0.030291651076339975	0.010582860629523643
user_5aRa97zz	0.028039990315016458	0.01058182594258173
user_5alu84hZ	0.45878336909412426	0.03286302692618307
user_5bMZLgoq	0.02288602641370153	0.008212093425843696
user_5btQj1Tn	0.012759833319997568	0.0046181467859003735
user_5bzBAaXb	0.018141585023765304	0.00640754874281227
user_5c5sfVQD	0.32446539282189135	0.019796063250819985
user_5c9MKN4g	0.7601831222330302	0.03314232750066029
user_5cPgSFO4	1.1254880585000004	0.033497643180115964
user_5d4VvSxa	0.033115283816215764	0.012266331557578095
user_5daumQHN	0.030225388468757292	0.012612332955347565
user_5dq5sang	0.054719703778844955	0.023620240824447837
user_5eQEMaTC	0.12157730365791047	0.053578837574040736
user_5eiwFuPg	0.08870822301658388	0.034729800397818957
user_5ekpn0oT	0.21483343303192062	0.07733292225115317
user_5erOj5KN	0.015099460549058703	0.004877975212911201
user_5eu6HiQ3	0.04989671712601051	0.018348300855370623
user_5f55FKyS	0.6156949847550073	0.2693344261851107
user_5fA61A57	0.04441010795367191	0.016925316946132193
user_5fJEgufe	0.2911198323817202	0.015806362102418803
user_5fxeMP4Z	0.0612090744900395	0.028871281417805896
user_5g07dmKP	0.43146039025890287	0.019036967668818915
user_5gdirqdd	0.051672985474497043	0.01889150181842263
user_5ggsGApI	0.07964413751478705	0.030406885992679097
user_5hEDGJTX	0.13274218278768612	0.05752020859995174
user_5hFzRdqu	0.599654872076745	0.03376881266877638
user_5hMZ1kbK	0.06696117573212865	0.025743238830575315
user_5hYt5b8O	0.07088926511160341	0.024822144915733202
user_5hqVePV3	0.18478433341425374	0.06500821966734165
user_5hsGNDbl	0.03162823100796733	0.01065754066113931
user_5i5SHiTC	0.002010113985253587	0.0007292830593867343
user_5i7eYv3S	0.06150575827247351	0.020435713307294455
user_5i7obWa3	1.2175801357277274	0.49106823871168714
user_5iKN2y0t	0.0587432409844785	0.020296908311363427
user_5idfch1m	0.02332863290630642	0.009520621490697
user_5ikvSnzJ	0.5795956853620423	0.05084180115924063
user_5ioijue6	0.7003393198999851	0.047504305773064144
user_5j0tAH9P	0.5966522881790397	0.046372298410412245
user_5j3FXPsc	0.4313901428284569	0.032750807563660785
user_5jGN7gdI	0.0662672611084873	0.026589317636588825
user_5kC1dAhK	0.020133731123385894	0.007255985000155905
user_5kpbdm6S	0.0039471366105538405	0.0013806605514860755
user_5l0PodwZ	0.009853133604673506	0.003640546041222696
user_5lKyu4Xo	0.06697377779349568	0.029177542349806938
user_5lkgef9O	0.37198328816530407	0.019995737279678752
user_5lyGqvpd	0.17664279724070925	0.08318614445447245
user_5m21RCrl	0.024686454661941686	0.008502317661659008
user_5mWfvkue	0.0581541395240532	0.02227981031437883
user_5mhKeB1s	0.02222599113770027	0.008181369980187597
user_5mnzYoeH	0.2339126637135946	0.07468616310369522
user_5mtKv4Eh	0.01659940496701688	0.0061990244852429995
user_5nVwYv29	0.0514633925193885	0.01787220148487959
user_5neuSyxE	0.13704634878748778	0.0527539643305145
user_5niNsfKp	0.27529340526176893	0.011264670373570686
user_5nw1rR6v	0.10805460484604835	0.040997559966472606
user_5oDxuqjw	0.0627164413711756	0.02501057556353283
user_5ollrIYS	0.08411504147925257	0.030152084877981763
user_5osHNpuM	0.02341935020201357	0.008225070711075123
user_5owoAxjL	0.2317143839100474	0.11086935102161637
user_5pBEFcZh	0.168176305874715	0.0067265335915158795
user_5pVUxFU7	0.05074252855425258	0.019513885772076113
user_5qIU8l83	0.11156829491635002	0.04928511022209825
user_5qK29x3G	0.025549333252782063	0.009693651428558377
user_5qefhffs	0.04171159494092799	0.014972671451912457
user_5qlbqYjb	0.06015988781935653	0.019907296054003217
user_5qvW6P03	0.03459928371648088	0.014140046924361683
user_5rGZaIUa	0.0697025628005	0.025128758701097455
user_5rkaDmvL	0.12527236693776245	0.05162355206952025
user_5rsFRtZW	0.679884867322039	0.03174327155634055
user_5rxWLAy8	0.6180005367226067	0.017994484826706555
user_5sXx5Chz	0.038476285956887846	0.014659578209111157
user_5tj1a9sl	0.3180370699385049	0.01991074671395
user_5tjUYMid	0.03769583788608748	0.01287693760033222
user_5uL9glds	0.16708925421683182	0.0675509166073957
user_5uLsbAHl	0.5562363585957508	0.02485472681692168
user_5v6T7lPH	0.07759085997984344	0.028992782713270517
user_5vhZMb4u	0.0894059218091089	0.03034544910831021
user_5vjLef3t	0.024349503452810187	0.0084849137154302
user_5vrj9nuA	0.06909669081337018	0.02794484698347626
user_5wfPGMom	0.06294230679220161	0.02608628096238144
user_5wil6L8b	0.046856527144007044	0.018028656750863837
user_5wyVrEk9	0.5503442428414831	0.022921028868628582
user_5xRQuf4y	0.08380046967618797	0.03258182699553462
user_5y61uIdI	0.025828003714641612	0.009268360036647815
user_5yJz9rGx	0.02968966698069092	0.012007386874523818
user_5yUKcn6k	0.04336986379208278	0.017220317392840443
user_5yXIKI3r	0.03783900305116147	0.016886299963834818
user_5ye7NlEv	0.10159759596634341	0.04909587028675503
user_5yjaAxGU	0.06948823593318851	0.025976622985231842
user_5z8t2GGz	0.016930996705314175	0.005667125147716135
user_5zkSnTdM	0.027428243897458973	0.009326515754227948
user_5zoh5DLt	1.3810951856218137	0.036492021541027056
user_607ZvfaC	0.11593964160269929	0.04601462699798881
user_60mqlOn2	0.17769248729023565	0.0756642221703276
user_61ScdDIo	0.02910313241087973	0.010971193018328834
user_61eWmsZZ	0.025292086526948542	0.009312595082803578
user_61z82oHw	0.0597409557634728	0.021890071114924022
user_62tRAwqX	0.0976550059309092	0.030581410756985082
user_62xNwpr2	0.08330736490272408	0.03404332989889835
user_62xa0Aw7	0.06300492992706581	0.025243924917475968
user_6310U5zp	0.06656185833139595	0.02196417694653261
user_634ZEdaf	0.5674737180172473	0.05451837695816253
user_63PLs41d	0.04321450877179543	0.016095183350141606
user_63T5Spde	0.045357306572847735	0.018071018322300802
user_63aiHbtA	0.033744596726875804	0.013920692243443262
user_64GsCuAz	0.22389362554316575	0.09520953176420698
user_64l9joLv	0.01797114425962007	0.006200516207039631
user_65dPIHfp	0.04167304589624499	0.01641779150536042
user_65epfMg2	0.014361025546079344	0.0052414495081684635
user_66FkAhnO	0.0710635957931137	0.02960357375552442
user_66gqqtbC	0.008001330336015852	0.002825235701195562
user_66j2CWwO	0.2059546161961967	0.011702092700687974
user_673U4PZQ	0.02331748859299662	0.009816705136310647
user_67VdjfXw	0.4293306791794442	0.042370839570883424
user_69Krymqx	0.031182838891067387	0.01177626787861197
user_69hSKICt	0.07150197374827624	0.027017527095562755
user_69irVWeU	0.024007732906833716	0.008875623019177112
user_69jrgNwV	0.051331754811888945	0.022085566793927612
user_6A3hjeph	0.03127201526573473	0.011742837829797018
user_6AtNyYJU	0.39616663282232306	0.01815343674349436
user_6BBkz2Lr	0.04232446003449259	0.017398878259470257
user_6BLywzbC	0.47690910602830233	0.039672533741668826
user_6BXZrl2J	0.02928500876629964	0.011899268968551308
user_6CS5QpiI	0.014740061641947856	0.00531427367772464
user_6DE69IJS	0.5118495471263026	0.042478037306522
user_6DOl5aPs	0.09950505346416082	0.03889865305139164
user_6Di0uXAB	0.5217189221457631	0.027099745076845223
user_6DvDAbi6	0.09112134469368291	0.03878166575804834
user_6Dwf9kfq	0.5808780344415062	0.027558673411981312
user_6EKdMaOP	0.08701091392559612	0.04246072919798425
user_6EdGWz3G	0.06339014661336355	0.027795433520449747
user_6F28shHl	0.1928525767517726	0.07858675066346
user_6FGh4GCs	0.10928647348558722	0.04965620309508823
user_6FURWIUY	0.05825997079958736	0.021084144127346605
user_6GBRTmM6	0.08744729296730017	0.030796781749263424
user_6GExklTM	0.4426991385803302	0.03801066555135046
user_6GJqgNVv	0.8154007696779652	0.02220374633064414
user_6GOgXAap	0.116287737557832	0.05280701168183542
user_6GTdHNVl	0.02951759152222779	0.010557645217824712
user_6GYtzmwD	0.3571410785924983	0.01983642227896551
user_6GtISxfm	0.018890014783094992	0.006352436602649781
user_6GuPWLSB	0.02978831982804298	0.013474370876388302
user_6H7aiFLM	0.5137095793187526	0.05091478494053299
user_6HSdHbuz	0.5280859901170522	0.19528155134414768
user_6I5MRKQR	0.006421747403938229	0.0023751614904118424
user_6I5ju5YR	0.042754985813508554	0.01736861161407101
user_6I7VLOkZ	0.04728580296347311	0.01977173418085741
user_6I7zrtdp	0.13569355737949831	0.056461786533374705
user_6IBI4fL7	0.024515846475430796	0.011556599218708441
user_6IKr5W3A	0.07071100164164362	0.028444254133631455
user_6IjD9Mzu	0.024780669523613727	0.009079131286385217
user_6JEs7Hwg	0.06402785493711367	0.02555261873596967
user_6JIDbfbd	0.06407229035966883	0.022294833319373396
user_6JgpFO93	0.07413239086144364	0.024800419371004905
user_6JqrK6MV	0.008179273422736033	0.002877997109498468
user_6K8rFpNn	0.05675553681196219	0.01997119126540002
user_6KAyCOr3	0.008983557615572946	0.0032923802972328903
user_6KcuKg5w	0.08375556436138304	0.026611466236743125
user_6Ku2NpIQ	0.09434080836062159	0.0358948854979791
user_6LG1nRGP	0.0398627859612987	0.01737244740830378
user_6LNsscxN	0.022398154801291703	0.008634449787250404
user_6LPD41Zv	0.031653657541060136	0.014229948187261634
user_6LQEAkq8	0.0401894295740874	0.014755021915145225
user_6Lm30TpC	0.025813152197457213	0.009742739809850125
user_6MAkpVWh	0.023870490973680256	0.010085835259828176
user_6Mgk3Dtg	0.04045251846663847	0.01379740285247204
user_6NQulzyZ	0.03885645955645247	0.014289615952169859
user_6NjTAp6f	0.06930989796667629	0.025283053826216415
user_6No9T1Sz	0.7271650331512545	0.01952533556712562
user_6NoroGSA	0.03950840214939325	0.014866603054515592
user_6NsBjJEL	0.06271379533747368	0.023063261550150472
user_6Nz2OAd1	0.39099632392201505	0.15752410822399887
user_6OYhxcNh	0.1617060358834066	0.07096713336756395
user_6OZbRBdN	0.08093337589152216	0.033644191763837844
user_6OmVpBqJ	0.6441796463353302	0.03608770410319985
user_6OxaoDD6	0.07321616845725426	0.03144217630326946
user_6Pjm7flA	0.03940547093904858	0.015622849917453814
user_6Px2U5Bt	0.025655224828989468	0.008947921694856264
user_6QBNCKel	0.3862185167570656	0.029687291720615006
user_6QN2Ej5B	0.01991723753228042	0.0067017657281621375
user_6QaILuXe	0.016705344896093793	0.005942969897490387
user_6RBwnyoD	0.07570624722200288	0.03247157418563222
user_6ROvHivD	0.01888727240760643	0.006739122113903674
user_6RTsplRx	0.04335665284756832	0.019757627249734417
user_6SJ8tQGo	0.0052854248165421745	0.001903822117736742
user_6SLlv5AO	0.11981770949291798	0.04151764463578248
user_6SRDTRV8	0.0715901939235446	0.027935968151677676
user_6Si43ygt	0.05211229878293988	0.02314466635069477
user_6SllJWH8	0.034198496067783836	0.012141332684156448
user_6T3TrLIg	0.0793801656012024	0.02934514950168527
user_6TNkA3Kz	0.02713168890876847	0.011070725720093105
user_6TgRJnWL	0.1759836786613385	0.06534915369389852
user_6UINXmTD	0.013016114987401232	0.004277405147738791
user_6Ud8XjcC	0.1404212838523347	0.05651507486322802
user_6UfEIJTg	0.03864818740621774	0.018065380025475437
user_6UyA1XJx	0.6198013666538904	0.031241562643700937
user_6V3ktAUr	0.049698924454355295	0.01874073123781744
user_6V8xXL69	0.008607727947762255	0.0031175074390335186
user_6VM4JAO2	0.06247477398426862	0.023192979672328546
user_6VQXyFV1	0.01724165611461443	0.006583325012629328
user_6WPmPgt8	0.08606010739969788	0.029188310743056944
user_6WhaawYd	0.04261927350269103	0.01831924081876712
user_6WrxDdID	0.14006413437928775	0.05822945938776613
user_6XjEu5Ff	0.03262580092077185	0.014559732107241114
user_6XpVKg03	0.5205641262284539	0.18362755937723335
user_6YB8meHO	0.25305245839348917	0.00916664870314944
user_6YizlWP4	0.029207069262661423	0.012834568429207013
user_6Yj4XJwQ	0.042685525154045015	0.013778774686252474
user_6YqOqEHf	0.08752999574431951	0.036690575432783375
user_6ZbiAgbp	0.4862879297507932	0.021464468940262046
user_6a6s5S18	0.3730843048822816	0.14298582277631844
user_6atxgoDC	0.010892296568047901	0.00397011523906999
user_6azvELQl	0.07869243424314613	0.03025901539188831
user_6bSZuzI4	0.5428017968335525	0.024763252238290154
user_6bxVgbpg	0.11270999892730355	0.043319155075310735
user_6cFH2avA	0.06180357993480532	0.025570880850419277
user_6cHD4THm	0.07061492669568306	0.02900054978094571
user_6cJdBc4p	0.0794759553712394	0.029332020373504745
user_6cRIzhKG	0.036907989457580885	0.012414780972833227
user_6cRPmqKe	0.029592948845655696	0.011677656674669279
user_6coC5pXl	0.06339699634674964	0.02133038224641915
user_6dKK7AIt	0.014110710365947757	0.006489715263106763
user_6dN2zVk0	0.02233807222735148	0.007769199367745284
user_6dRj0YR9	0.04413094580579288	0.017020492643435053
user_6dVQA5HM	1.41611969861885	0.05377251266170896
user_6dn7bbIO	0.07207527584490456	0.03141249745725688
user_6dteCCO2	0.04758610992301047	0.019636859011421058
user_6eoOoCaD	0.056966057419642835	0.0209541458056283
user_6ev8at6B	0.009990629617080318	0.0033755958717803253
user_6fI2L4ia	0.6567996155351025	0.04264246005206924
user_6fJd2Cfa	0.07859703373014881	0.028761797956095972
user_6fYZ8g7k	0.030416536644230587	0.012126241511771526
user_6gKAJ36U	0.07047182389331953	0.02323519863395172
user_6gNMKtCG	0.489869880542501	0.03759448839464999
user_6gntcDG4	0.02105875248895918	0.007569207319776847
user_6golQVBC	0.06336339524562466	0.02487608279436622
user_6hKQKxmn	0.06085316728626243	0.02471134152850688
user_6hLnzKTA	0.0582760948080716	0.02461727525613223
user_6hTVHuIv	0.3346233257663286	0.037106567587161486
user_6hsgmoFD	0.05786286297732609	0.024380908725114732
user_6iF7RJA4	0.05028860414141512	0.0213525724165758
user_6iYoAg8T	0.012843262133752859	0.004660936323390555
user_6j6fRHWl	0.10489755861606578	0.03644066497715645
user_6jFhprTX	0.010014856053219338	0.003615351018921768
user_6jc9x5Nw	0.028173651985510056	0.011762089058673283
user_6jeupjVq	0.04793597621007134	0.017974041107341115
user_6jfglALa	0.16812523101149945	0.05555513734367284
user_6kJ4Equa	0.009938810372882158	0.0036752936356062704
user_6kizsY5N	0.11961624261897957	0.05438983223951648
user_6knfNIs7	0.024758974534111862	0.008615276801155957
user_6kpgrwUx	0.2102822423541601	0.10068452663630557
user_6kz9e0cX	0.08910592301800697	0.03537452382681486
user_6l1crqE4	0.03093866237874684	0.012524001322988523
user_6l6V4g9v	0.03215988458554115	0.011766073410310706
user_6lXwG9qx	0.03135392412398531	0.011737216489887136
user_6mmlSsbT	0.6265815241094702	0.2800565621924764
user_6nCm3XNg	0.019258440260061502	0.007204965598951758
user_6nTCUKyg	0.053578643070646935	0.02060641517451292
user_6nfg6dFI	0.05092286508533272	0.02000774184126589
user_6oZamQEV	0.06029987538114899	0.0226575782563801
user_6p7PjMup	0.06876036142078708	0.03163645562984549
user_6pTcPC4G	0.03551956488686461	0.014394947430192177
user_6qeToTFP	0.06511025154207242	0.025575587247295507
user_6qhpWoJU	0.5788504727664108	0.03240968154536612
user_6qogRxDt	0.2653675352558983	0.014044844102255179
user_6qzw0It3	0.03933816157165805	0.01269447863525371
user_6rABXBL7	0.034458734785588606	0.012400009859365879
user_6rXieLAQ	0.025882674864791858	0.010763971094206999
user_6s7g8W3s	0.22694487752645226	0.10768501421874864
user_6seGD2FC	0.6690310713907569	0.027064708341947793
user_6sjGq9LM	0.04646391182014231	0.01991886558144044
user_6tQ2m0Yu	0.041129289887611886	0.019139558918900776
user_6uYH3jBm	0.03699704741427791	0.01474697037228239
user_6ugdfrCb	0.02393888906818898	0.009794154890338478
user_6vkce21h	0.07063629501920216	0.03202035054486087
user_6wBfghR2	0.02273218350979119	0.008364643578094473
user_6wStIQom	0.04237881594537876	0.018329306469865813
user_6wXaK5bk	0.01189288756638002	0.0043755948984057595
user_6x05C4BI	0.02469902223848183	0.011726521055637885
user_6xB0Xy58	0.0816966006638649	0.03444488473724817
user_6xGneIAG	0.019299968899566027	0.006722053667785439
user_6xHWqpoq	0.3522349549898063	0.03640395608975797
user_6xLAv54z	0.1728079719181131	0.07289793280146559
user_6xYrQWmO	2.407945608492508	0.7759142628332685
user_6xqsgDpq	0.05185046738088324	0.018685972860069
user_6y9OMTvT	0.42112812248905696	0.015208620213307588
user_6yJGtPLZ	0.03415219973093522	0.013986314817690809
user_6yS8QgYW	0.008797899637178041	0.003197411608279469
user_6z0iE30d	0.25797785820903174	0.007883532295206984
user_6z4JqeJ1	0.026455731668065627	0.010479072814010386
user_6zUl7H0l	0.10567911296081943	0.03612813287715572
user_6zXzQizK	0.04496837225043104	0.02174647053510889
user_6zYRvVNc	0.12263700993232796	0.04687240568916707
user_6zh8UPGM	0.044819634105847786	0.016914491110075754
user_6zowq1L0	0.05999313241264863	0.022378883702170158
user_70Ys5eqQ	0.03292422766602202	0.01168579675217964
user_70iFWdY7	0.011101840975924863	0.0038730163143037366
user_71GtfEVR	0.3109546000568543	0.014632596771799483
user_71OG4PSQ	0.043135942065191835	0.01759013638941962
user_71Ro7NUz	0.06640862194041117	0.02503344579950229
user_72bvHlyb	0.04070780318319361	0.015623271648209279
user_72gLow1J	0.04326422320025561	0.01453709683016255
user_73CI1JIG	0.02876315990517419	0.012130460405721685
user_73OJaveA	0.06076506518164482	0.024350104453974432
user_73Oxt2lj	0.07280366357889022	0.028016005279386656
user_73fMgMHb	0.06538102432649442	0.025832605114180722
user_73vZYnfl	0.05797425244171113	0.021284105875071766
user_74gvYeKf	0.001902235287191691	0.0006925000853429052
user_74nDweYx	0.4402864961365901	0.03600475945328173
user_75f6rh7F	0.044936925870540344	0.015958039166380642
user_75nkMsau	0.041395700113516745	0.016591268245267052
user_76JntPkJ	0.13449622433876238	0.053982436247141795
user_76KHPyeA	0.13871081785406308	0.060688120388412835
user_76hi42xj	0.08640371795695583	0.028791109416921767
user_76mUPQ8J	0.618658724120018	0.0233654591092689
user_76rPSqji	0.16622348307460733	0.07729452094491147
user_76sC1I5Z	0.045398559082718205	0.017129089795898767
user_76yMEt5W	0.03704530306809377	0.014069336866030045
user_76zSLlXT	0.049139493211624835	0.019524431887240904
user_77ECknql	0.1116812491309459	0.051195051446314956
user_77b63hch	0.06285348866225676	0.024356786669950226
user_77bR43xN	0.007448804836137126	0.0026516935593375846
user_77fnevvi	0.1899776881151358	0.06647837374385422
user_77reLQ9U	0.05877405426215632	0.024767650550493212
user_783umTT3	0.10003775790677555	0.04415172387375161
user_78BxyFCd	0.0849141922435036	0.030038259586028015
user_78E6HYBV	0.05773798806249673	0.023960205903516767
user_78PTE6zi	0.017211617869679445	0.006388321294404809
user_79L8Lwul	0.05840574198921927	0.0262236075740168
user_79QjEhPP	0.024562582168307923	0.009390898938893428
user_79SPdKPq	0.04758376254127215	0.020932462868217074
user_79dHJt1E	0.46669989152372876	0.025178808803726183
user_7A7OxyRC	0.057660955631311975	0.024371965065586407
user_7A81nc1P	0.09383287522892761	0.04469445112870816
user_7ACazFyy	0.03798540639244789	0.013935719091729627
user_7AX5RfoM	0.06212674097657684	0.02163401522994145
user_7AgUZt9L	0.03389659048494305	0.011258751495667881
user_7BCuT3bj	0.06742639646227713	0.028236933198972223
user_7BQhgQY4	0.024349347597456196	0.010221884744655614
user_7BRL5KzY	0.04568568846430299	0.01639768030025331
user_7BdM1wg4	0.08239414030334638	0.029816443703601245
user_7CgwMtG7	0.10921854184297271	0.03585227656325118
user_7Cl6CFtR	0.06408990357027058	0.025920221658529613
user_7D3T1oTp	0.03717965497666429	0.01768854807693371
user_7DD3vPyz	0.18227669397325114	0.06434979442961657
user_7DV7Oyds	0.06254932814164309	0.02430154987137858
user_7DpLywtx	0.0726299260724296	0.024046089279181133
user_7DvsjDXq	0.01976153356090537	0.007233256604169434
user_7Dwfm4DY	0.11750128496310805	0.039647256573274316
user_7E16uuQ6	0.04307008958700234	0.016483027721614366
user_7E5g0xJ2	0.30090525683993863	0.02983438817086183
user_7ELv6N3c	0.04409672973599132	0.016140342998356025
user_7ETRlq6x	0.05675241756174498	0.02141017550910376
user_7EUCgiSG	0.050292127939819645	0.021817391650065347
user_7EzePgWC	0.03241261008137851	0.01312594940274575
user_7F4N7ts2	0.026752409927626807	0.010693498512317844
user_7FDGw9BL	0.3669709341130517	0.039884537597749604
user_7FOlhQ8I	0.5911826207166007	0.050792546389402726
user_7FgSc34g	0.011625093629957724	0.004264367868181148
user_7Fnr8zKa	0.04907252004024248	0.019617033248097368
user_7G5QOFpA	0.2015793098256012	0.08531768019093738
user_7GAfhEJp	0.05198739151766481	0.017987236195720905
user_7GfQdt6s	0.05246225333157148	0.02447842888847853
user_7GjzTJDO	0.023954360492733417	0.009667708769561854
user_7HMtwUbT	0.043418505979498805	0.01520573386264405
user_7HgGaiTv	0.024241210584288797	0.009085219430616596
user_7I0unJud	0.05727508796317448	0.015334440290385809
user_7I2ZLHCx	0.32275332941519447	0.02354194486626639
user_7IELTeYx	0.39196473578923696	0.03883767259418813
user_7IGfa0ZJ	0.04012546898848567	0.015289611875652934
user_7InjjN9G	0.032652935680288514	0.012255973213776921
user_7J0k0gJs	0.1365330966507181	0.056364964832186254
user_7J191sjw	0.5630239632710492	0.040563833510518586
user_7J6P3SVY	0.06486030863968623	0.018299834949867155
user_7JGABWG6	0.05148494924629014	0.020553205412527482
user_7JGsgcyq	0.04970688621837678	0.020272568320929316
user_7Jgs1tVz	0.17709860689452983	0.07911806292262696
user_7KKiTs3x	0.28075774658807	0.02102349777215377
user_7KhRNsdO	0.1639382576731418	0.06888564042247504
user_7LAVWDA3	0.0739379308186596	0.03508679891544395
user_7LH3LwVz	0.051090759194824614	0.016990995103510525
user_7LIoTdQj	0.13256438082168912	0.06103875797527827
user_7LMGX4T4	0.03128975071427501	0.012187362956869723
user_7LQBDcnW	0.08466636052829404	0.04164989107789418
user_7LTATjgg	0.02924291932119099	0.01164656589810449
user_7Ldm2xfO	0.008550102889164149	0.003013013019336439
user_7LrnGKgV	0.09182369036302765	0.03348004707257828
user_7MaE84rJ	0.13847490770590343	0.05126550953447593
user_7MqoMWPA	0.06663882314344007	0.02638614062596805
user_7NB2grep	0.30141789212847125	0.015968046010847715
user_7NPwNbjR	0.22160037059191337	0.08860411383768903
user_7NQiHeKa	0.05823299655721462	0.027807813260582258
user_7NW7O1ep	0.02196917772185321	0.007950134939406387
user_7Nc1GGK2	0.0976710647507956	0.03583874572244945
user_7NodzRIt	0.05271205205618279	0.018194081200315924
user_7O5SrYzD	0.10324546357465011	0.04716205394492205
user_7O7KZ5SH	1.4937218295698074	0.08032592944072806
user_7OL9dfde	0.04947724666221164	0.023263750176315042
user_7OZahYDv	0.31458368526309954	0.014218778085362253
user_7OqTIdXv	0.0704919478863543	0.03013562892181626
user_7Ovzdu5M	0.040727849698409445	0.01677501956864176
user_7P91qpPU	0.013091416265219265	0.004713420240100103
user_7PlrtD5z	0.048685299203502765	0.01786614502841917
user_7PnpE2Uc	0.1367508772512922	0.03529960279603393
user_7Q9Qz1vw	0.049212641838373414	0.01571367766925956
user_7QqBmjmc	0.021567539395638755	0.007866641230465479
user_7RFUsnDo	0.253389596195785	0.009038568007246306
user_7RLDvyJ2	0.16911346700896193	0.07076254812983451
user_7Rmp6yGk	0.2570198161100679	0.1123163598507458
user_7SLcKpbY	0.01975830258216083	0.006982433207720042
user_7SulMpJ2	0.025747613454992147	0.012024396684995612
user_7TN3qlsK	0.016084007337367447	0.006058840916012012
user_7TSVWszE	0.03297224804213782	0.013051433008938941
user_7Tagpzo9	0.050332106492273945	0.023735834480701535
user_7TmX6T8V	0.5437380803507215	0.02545991943166457
user_7ULL5q3j	0.02842122946534749	0.011513078063783802
user_7UZpGikt	0.051360629828867826	0.022331945641295318
user_7UtAa5Ns	0.046181358534868766	0.01926306867553385
user_7VDF6wNg	0.11509913130284496	0.03585661719431255
user_7VEpE3wv	0.05540232830541327	0.02335571946678617
user_7Vkawsr1	0.036220026583489134	0.015820817308524197
user_7WPiKUzr	0.024290197480638112	0.010023388153738497
user_7WX2xGjW	0.0369566813819202	0.011814531052462517
user_7WadLqyD	0.24491447756837392	0.09260265158144251
user_7WyRgz6F	0.024856370696461676	0.010148239481115876
user_7X0HlYOl	0.048577599109561734	0.019524400660617326
user_7XFAi0h6	0.058972837962122035	0.02037806434116666
user_7XGG9fLn	0.5605650052875678	0.022359290166335977
user_7XhzwW3J	0.047992502216262736	0.017138414967695383
user_7Y7ahKQq	0.0162463102732772	0.005712081758405299
user_7Ybs3odl	0.36902500198583155	0.020705123128523878
user_7Ydn6wu1	0.03380869428066134	0.015059214907031354
user_7Z6BqgJJ	0.6892360282632004	0.040326852826148285
user_7ZIjKbnM	0.10960227468905151	0.04450063955140025
user_7a3iNg7R	0.05211912234518241	0.02016167144440641
user_7aDQas7g	0.10654353678601874	0.04780469837444543
user_7aMQln31	0.03374869335944258	0.014259237492342957
user_7aU55PqC	0.1139215071346957	0.04880728502423847
user_7aZGVlOh	0.05769100256509408	0.019384771912054323
user_7aZji22N	0.002796585811283097	0.0009920323593241875
user_7abyLYVR	0.030901781753014466	0.014097108852753984
user_7aksC8AU	0.02224171572070761	0.007774796647749328
user_7aqW0ayO	0.0879331093147079	0.03451108732802132
user_7avLi636	0.049950519012004826	0.02146414238100101
user_7avsLFpR	0.04941379256634493	0.01759962950733473
user_7bdt7Yqx	0.04863881866715148	0.019814207581016284
user_7bpoYrSt	0.024059956451213907	0.009920273759294794
user_7c0VFdRX	0.32493628278156433	0.01999068758014702
user_7cGu5eVF	0.04278425161111351	0.016022324510844295
user_7cLyMGGZ	0.012835283889256727	0.004577896636811235
user_7cfYoySQ	0.032595184585548435	0.013667448191023045
user_7cl3q43w	0.04113876320750867	0.017507313527938256
user_7cni8LWy	0.1571313936975603	0.06119965364791858
user_7cr9xOjR	0.034504439107824594	0.009663261837480081
user_7cs4Myld	0.03677493060289455	0.016300439501233166
user_7dAvVU46	0.02571400106798886	0.009755313130643463
user_7deThvWP	0.03730158464910198	0.016272737516071695
user_7dxKHCcu	0.018657158298459466	0.008265378004567111
user_7e7eAQJy	0.06994403564847138	0.026018195886663764
user_7eStDEZv	0.4194125583175087	0.01729140122755226
user_7eVVw7VB	0.1690873749943148	0.06576282065183726
user_7ecMNghH	0.030331933957498464	0.01013954055453487
user_7eenI71T	0.07350507057312686	0.02812143579383845
user_7eswrmLs	0.013287606806612964	0.004854924951909367
user_7fCXUCax	0.03414775530052118	0.014920544142191827
user_7fQNIgDl	0.1311875256488798	0.04350235076137352
user_7fTstnf6	0.03591686081017109	0.013139460084166207
user_7fcQnvJG	0.48551988085260606	0.03162526303394614
user_7fjEP8Zi	0.08828070735486701	0.03752232104699145
user_7gCX33H7	0.058758411304630595	0.025862614667135325
user_7giWCNv6	0.016162880616820786	0.005682828721333302
user_7hFByAcC	0.016982851679431685	0.006199030996880653
user_7hG3JltG	0.03462672303396084	0.015263184609698758
user_7hdLW7h8	0.10076267389973478	0.035056906054043845
user_7hp0uoxJ	0.07172288157272644	0.030869917342445877
user_7hsOPh12	0.03224187262332627	0.011647984691124246
user_7hsgkXVP	0.5005560965769342	0.057481262323979786
user_7iWbtkw9	0.09975524895185889	0.048407464800586004
user_7ibch2Jj	0.021734968149496766	0.007667793593293646
user_7ilCz3wI	0.019613884570180394	0.008333148924473243
user_7iqkdAn5	0.05444966565674475	0.02135461422402228
user_7itwJQDp	0.03341154074535799	0.013484797178236379
user_7j37JRT4	0.08257986994905919	0.035745727752316075
user_7jyHYUul	0.03517228298112418	0.014008619427174105
user_7kYAH3tA	0.09176291439361922	0.03360106449808549
user_7kncABwX	0.6598943130094814	0.03339228423731383
user_7kx1Eqe6	0.3566892121254433	0.02173429884760017
user_7kytHzXm	0.03259526748969316	0.014379866523516504
user_7l6L1YyB	0.09338318479052729	0.03803179590866458
user_7lOW4sAQ	0.13154317520029274	0.05147810388331861
user_7mIydL4C	0.27300145785742275	0.11147165737766504
user_7mUe049P	0.09531815313293965	0.04194045608140655
user_7n9iBAVw	0.06421823645110386	0.027686263154732115
user_7nYv53kv	0.03624891204049814	0.014291933019300726
user_7navEdBd	0.009381444526794503	0.003326144733600812
user_7nctio2O	0.0565170908106106	0.019870175700785253
user_7nflsyXt	0.3112123182204263	0.011679921831275305
user_7nmWwTL9	0.014828732791625006	0.005437023567990211
user_7nq11Cbc	0.004411751121194206	0.0015541351115143515
user_7nr3mkld	0.005986588059058863	0.0021517255627165784
user_7okphrF1	0.040986691529829894	0.018855509427972535
user_7pDbljUt	0.04507197969833143	0.021807880932620507
user_7poL9yvA	0.04664563923979782	0.019064021660220042
user_7pwhYR9p	0.15281044649629694	0.06727654925397776
user_7q7g30PW	0.09328794658024647	0.03590154670552547
user_7qKyDmPH	0.01077707369541149	0.003873263546303101
user_7qNXgTJt	0.024903661434644384	0.00914753621989524
user_7qVwtHEF	0.010417283540445589	0.003700591397411117
user_7qYddHt9	0.05017427194937957	0.02097061727447756
user_7qtnbQzi	0.17328040852694448	0.07624960529323431
user_7r5bm6uq	0.022948753671624293	0.008359921626413233
user_7r65Dekl	0.03246979795880983	0.01171185215195958
user_7rZNWYdr	0.5717219518696782	0.024338408525850206
user_7reckkOw	0.07301017782432029	0.03322546229793314
user_7rwP6uDS	0.03728338626173998	0.017578410465254785
user_7sI0kGeJ	0.10155994853855167	0.03768545890002508
user_7sRU25Aw	0.03728824339237493	0.01406480800172775
user_7t76bZPD	0.17382167532176876	0.06667179559159604
user_7tELPA8u	0.08219595257264924	0.030915600174349696
user_7tjuSNnj	0.08685609320285763	0.03469364359390487
user_7u0mMBRx	0.03191455825712369	0.011112256598226745
user_7uVUerqM	0.20997871925554468	0.07528186909073577
user_7uYvHwik	0.028742246902505438	0.01312328091403716
user_7uZhNIUL	0.045846604486093664	0.014387129958314298
user_7ufmNxjs	0.10965126689708023	0.04220983200008675
user_7ugHmWvc	0.07293489425998184	0.0310656769774838
user_7ulVWa8X	0.6316453226363385	0.0241114200963145
user_7v4pUjzk	0.08499115226080844	0.033952386161403746
user_7vMRdof7	0.009326951373670598	0.003380753022706608
user_7vMwrpLU	0.033460455374390616	0.011585145990859271
user_7vXJK5vq	0.03429533578544776	0.012283907686047965
user_7vZ6qpAT	0.14490259455811344	0.06478014805804537
user_7vZaWcZB	0.07110470029161427	0.02559711894832576
user_7veF5NC9	0.01694512034691141	0.0061375869485011374
user_7vl4ZSu1	0.7667069664967103	0.029885117044252386
user_7vy8cWHw	0.02557725079034641	0.009763329513798111
user_7w1WLLub	0.041015960440151045	0.0146092276530967
user_7wHOv7jZ	0.038882735418856854	0.01419602222430974
user_7wQhi95q	0.09702553462300163	0.03597908369362056
user_7wSaBnWJ	0.3312247396762051	0.024203069071887472
user_7wiFEvGF	0.027384415957489423	0.0088178835736204
user_7wn9WVc3	0.12854318810558493	0.04859008619357139
user_7wqgn6Zm	0.20854286280324105	0.08239829730788868
user_7wrAAyDe	0.5442106374085124	0.033299535078301745
user_7wugxrjU	0.013436197058255387	0.006203456053825198
user_7xB0nOAg	0.8591373982341415	0.049144223702265386
user_7xOuoLjk	0.9085005964746841	0.034032327158868135
user_7xltxgh7	0.02169430339830124	0.00815308105606697
user_7xm1XFaz	0.2592631799239988	0.007436348027134997
user_7xnoVnxB	0.008066376864387617	0.002857939362331294
user_7xtXlMos	0.35659694366450817	0.028875297010545788
user_7yBcBzIp	0.6429991940318143	0.025311808706327488
user_7yMtgwiN	0.04300527267354201	0.013875720309646672
user_7ySA2VjL	0.03659247595483943	0.016123629144318526
user_7yly6fc4	0.0358560164517283	0.012882154629985484
user_7z6jQp3t	0.038595248537243124	0.015176223548336795
user_7zJMfHdj	0.019198107945023912	0.0069578798537355165
user_7zQMsbIj	0.20152307580458365	0.08985930980174502
user_7zbs8uIr	0.07178778262325947	0.022347806350891994
user_80HfiZ8G	0.04788929747244752	0.016325021652198332
user_80O9lyNm	1.2314191413397302	0.05196200017016186
user_80VB2Li2	0.16560464076186782	0.07139827427540132
user_80b7DIwv	0.024948205822741293	0.010531260708233394
user_80bFJZDf	0.03963728651593327	0.01437781761013808
user_80kHIbsV	0.3620384341814818	0.023763310451331517
user_80qHxBqk	0.06007103868196855	0.023112768643580063
user_80qTC4Yi	0.0543651351314247	0.02265533351651575
user_80s2WHSr	0.14084824101139212	0.061908501303849436
user_81AgFm1j	0.039069007642191025	0.01699768954026666
user_81DQ28QS	0.08131919925304634	0.027976923441867026
user_81HqLl4w	0.026532801485878596	0.00961936107760552
user_81LL4RRE	0.032226802268207275	0.012815591594670472
user_81ZwTKqP	0.09784705937400193	0.044903909110616674
user_81aGjBlY	0.025527198314670006	0.010537495092679613
user_81fX0JqB	0.2481918623328704	0.10261137574654886
user_82BvvDPP	0.3819161271324914	0.01819307416987357
user_82KZlW0R	0.08784908693300797	0.04103253307310066
user_82KjCNk8	0.05852454457151074	0.021990158505452575
user_82P6TDAw	0.33451178033886164	0.12988197311797212
user_82fNTasV	0.04905550727834025	0.023166457251931623
user_82huC3Qi	0.04291245615441558	0.01711827946480727
user_82wImDQH	0.10084385007514213	0.04191160902769036
user_838TytdI	0.02897795111677989	0.01314997382686311
user_83Bir8fm	0.6220395300026995	0.042339641138979214
user_83aIA1My	0.06024761185122618	0.022749045536522558
user_83iNHy11	0.05833948584993344	0.02046105572838854
user_83lvyl2J	0.034795943518156666	0.012851590305466754
user_841uQJWe	0.029412734294128898	0.010562019267875877
user_84cn6pKt	0.016234520814498554	0.006142230031050973
user_84oD7dOv	0.13690154334930665	0.06288253886920782
user_84q6dlGJ	0.04516559904668787	0.017543495933119255
user_85N1nyHQ	0.050063876041600675	0.020729906890690254
user_85OboTIL	0.06318207556058927	0.021972801445711836
user_85g7rWcY	0.09373376429332925	0.03291439605053234
user_85mOIYFe	0.018107538275316838	0.006277105953016694
user_85tqPVXQ	0.05944225655336788	0.02340131034218068
user_86CResMA	0.09675334133995685	0.03693343449852183
user_86Gu9Te5	0.08905023096080467	0.041353410580711604
user_86ItfMqU	0.036958406306868544	0.013377960316216233
user_86mMF4SS	0.3078401556328671	0.010318362477225522
user_86z69qEb	0.09230735253760863	0.04220377005206446
user_870IS52S	0.11018696310949476	0.04376597346988518
user_87C94Uel	0.010183553096077009	0.003812179127490028
user_87S4uNan	0.1046715141953426	0.04080839216364097
user_87WFzR5t	0.024699555011948177	0.009342154661274865
user_87bH3iQV	0.025582103186919204	0.010283687571612
user_87uDZUaO	0.07341327668905953	0.0253853672146425
user_87yq166x	0.12857737940505848	0.04690868079462921
user_88vaKOCA	0.057090496637978584	0.02247033064100014
user_894bCbKf	0.011270651531585699	0.0040921226570243205
user_89GQ0Uss	0.027816374639572934	0.012922376826424824
user_89MgDiaG	0.3189247874463463	0.013102535259314782
user_89afwQIZ	0.104815272597692	0.041710222055563996
user_8A6LWeGb	0.1551801585302966	0.06335407302922956
user_8AP6dNa0	0.040070665412076406	0.017683911640987846
user_8AjlDKF3	0.7386075165137922	0.2851768558589225
user_8Axdy3JQ	0.03499386731256236	0.012824243725225932
user_8AzOD3WC	0.010412928984372828	0.0035084492569900654
user_8BlTxLRb	0.11136726902790389	0.044974528377899
user_8Bq0zwpO	0.06952196925253874	0.02442482407394488
user_8C8CjbuF	0.10466541735170468	0.04234417160199082
user_8CPThTkc	0.014536454883905777	0.006526815138230571
user_8CcMTTCu	0.05991943486075403	0.024985662114740223
user_8CsY8cib	0.017380779406383346	0.006274146241658676
user_8DAUP4tj	0.46366668991624554	0.20136746339346073
user_8EVKjeqg	0.006601550081482847	0.002323185380602612
user_8EXPi9f5	0.015275029702835684	0.005446385939448562
user_8EtNkBPW	0.48792245766455405	0.2046952976875151
user_8EvxlbgX	0.10118761726752154	0.04692364263350094
user_8FAjh4Di	0.08222942900141642	0.027961818873581203
user_8FQ2WdBw	0.04388082169955379	0.016580362421057707
user_8FYPVB7j	0.2728746634019863	0.1063838592449664
user_8Fb4QmTK	0.014930441082658126	0.005421204231264091
user_8FfnQEMm	0.030082945545644904	0.012774101511295235
user_8GArsee4	0.13674897207691747	0.05569847085255167
user_8GCNXfy8	0.018901550644810625	0.007608741776505675
user_8H4tC6l7	0.6417756280342547	0.05181002622146574
user_8H76fclc	0.03043542744214376	0.011408148893178392
user_8HchA5Wk	0.9136813566523326	0.08639362016261243
user_8IVQU2R6	0.08583723517344931	0.03823682404052465
user_8IfIwsx5	0.09288605763560144	0.0334825286342312
user_8Ihf47aD	0.051479504733105086	0.016796219243592682
user_8IouY9rg	0.015761520463295972	0.006233760550286872
user_8ItHabdq	0.05086028296309322	0.01803428356449295
user_8J7mmWP2	0.06624398823279345	0.028816974043449833
user_8JMNNs7I	0.04741449347632108	0.017879840981071645
user_8JRhJDin	0.09767116879939593	0.03542805297361066
user_8Ju0s6fn	0.11521453817507006	0.046476742955480835
user_8KNaOkYN	0.04420777068600669	0.015413313894419642
user_8KQCmELJ	0.036143011240872665	0.014072093980731027
user_8KlfB9An	0.1147678787575839	0.044326214702486995
user_8KorfK3u	0.02951445359940847	0.010700986539521387
user_8L50gZTq	0.40585656134784903	0.02637821831370696
user_8LS6jxXc	0.04373127083810859	0.01585129583626477
user_8LTOO24T	0.29385204004007864	0.017150958956775198
user_8LcEwU01	0.46074592506851386	0.025815833429218095
user_8LoWLnAe	0.06767640474922255	0.02739384414852669
user_8Lvyln17	0.029611694449954	0.010301134407100145
user_8Mo8Sxci	0.05134507579625289	0.0200994547900064
user_8MzO0n4h	0.2538649815743169	0.0979246854409302
user_8NKljtGG	0.041988693129171445	0.015019005336384637
user_8NcTAtX5	0.194686035507816	0.08508649812640376
user_8Ntl0KNV	0.02894990794181635	0.011777572390388706
user_8OW3uoMP	0.07755807878378404	0.03235707258032053
user_8PCGZYmM	1.101626644872763	0.05341164722562392
user_8QWabhb9	0.050138177323450134	0.018505792320738686
user_8Qlj65xx	0.5668914840770387	0.017840053387720482
user_8R2VnTB3	0.31312262149433284	0.009446138443552118
user_8RFY8AYV	0.08981428197484367	0.03559063648318269
user_8ReShSLm	0.016787242898519704	0.0074146136270091785
user_8RgX6qQT	0.04253354379543245	0.01652513847311055
user_8S9JCfT1	0.04940250818814562	0.017611571615505885
user_8SWW64R0	0.04473050197252659	0.016832279155571707
user_8SzhhV5p	0.10234627020347005	0.04073075840740505
user_8TANHh0K	0.05394203621738559	0.023234452293714947
user_8TAb35Hy	0.0880864334903215	0.03628415063787732
user_8TErl9eK	0.02886350139137546	0.009570366340172227
user_8TSaJuJ4	0.04968409467233824	0.018915514661054712
user_8Ttc3KMi	0.03314376313937875	0.013330517806322113
user_8TuRZ3XD	0.06553887141946374	0.023890733777160583
user_8TxIGlUI	0.09506989369467539	0.03837482602180745
user_8TxcJOMX	0.07608743900431106	0.03114328766550558
user_8Ua5Z8IC	0.03914682909618241	0.016529540825155817
user_8V2ydsKF	0.3092901298356533	0.021697343173023832
user_8VAGooGZ	0.017397429025722454	0.0064941696286644245
user_8VSjtc4l	0.03201045605404604	0.012215122040454772
user_8Vcih68e	0.03188468515815236	0.013118114377560417
user_8Vh9w0xo	0.018176734140870492	0.00676297417858434
user_8WG0BcC0	0.08054562446690962	0.03153553883661006
user_8WOEE3tj	0.649703184445345	0.03878217165879282
user_8WRmZiWe	0.23260592067200975	0.10042162227330921
user_8WZxEOMs	0.4557885381935073	0.021115172448196228
user_8WbiACZC	0.09696528817658927	0.03025377236562517
user_8XGzWgWH	0.011466550639207491	0.004180914013754059
user_8XM71wMo	0.17817931389273087	0.006569881169486611
user_8XiurdJo	0.09361639143329265	0.033554910778001074
user_8Y8LipFa	0.12749080895843307	0.04924554806672096
user_8YP5zpm3	0.025315118975144497	0.009513542973960717
user_8YRD2lzR	0.0339163282607242	0.012659641645037302
user_8YeH1Q23	0.11729715797046061	0.049934609751745594
user_8Z2gqyfZ	0.08271081108279028	0.031001559250147363
user_8ZPDQ1ms	0.0332035125061719	0.013900901876037
user_8Zq2m5EN	0.14928937980269036	0.057948103974693216
user_8a1yVOpz	0.03560620061849657	0.013671235035386656
user_8a2eJWUa	0.00579667208462464	0.0020572905047039785
user_8aCLokRF	0.00946232459716035	0.0033696516861205323
user_8aXPnVx0	1.1695689040414656	0.0817721707247344
user_8an3CkjH	0.34538132694060375	0.01924034582870895
user_8atS1LVZ	0.03702400010531892	0.014140522013962278
user_8b6ic8hl	0.44437539115689023	0.02667027559151556
user_8bZYFk76	0.060037969479629014	0.02328223100176925
user_8bkJGjYl	0.03619929038374088	0.013524959976417285
user_8bnHGtNu	0.013599579793135677	0.004599828822640626
user_8bu8Yhrc	0.03673606278414587	0.01279108730610044
user_8c2HIMpi	0.557951539115671	0.0573421585986288
user_8cQaVIG7	0.09896391030640506	0.03623661593779211
user_8cXz93tG	0.0386751179680742	0.012916485581060904
user_8cdJmmgo	0.08190459406258191	0.03256327635849585
user_8cehqsPq	0.08369227944438729	0.030928264913756432
user_8cpUB8fA	0.41935665117604637	0.019507630352320268
user_8d4gKsR8	0.009985858643255126	0.0035988274678311295
user_8dWUBmPh	0.054699420924571765	0.022043990931868842
user_8daa8WRS	0.03445999554549181	0.012540996997656302
user_8dneff2q	0.02198731107622645	0.009489876666676663
user_8eIAPKRX	0.11913892267882673	0.04301557679676662
user_8f410Kg3	0.09928257418683978	0.03469328310661392
user_8f9UH15c	0.005434945229854771	0.0019498490879987973
user_8fLAHgmj	0.4098255565188672	0.013961301476126665
user_8fzgxh4j	0.04611671261300246	0.01637301632728028
user_8g7Z8nuF	0.09783147162652388	0.04449605685054305
user_8gyCTvoh	0.423289490617998	0.19566041000776183
user_8hHjXPCj	0.3574429288711765	0.02931929615053297
user_8hULds6z	0.3694296381067558	0.01042243786311216
user_8heVOb5A	0.03897071088893726	0.014805046411406012
user_8hrggkpA	0.07485223298023118	0.025009455684976145
user_8iHNAYKI	0.08921350008015391	0.03688302731318467
user_8jH2Eulw	0.047243155917077055	0.017802230013744084
user_8jOCXm9q	0.006323381648113576	0.0022887806928409355
user_8jSHVznb	0.037075406645011175	0.013482595748308372
user_8jYAH0su	0.07567080721567221	0.03090665010238331
user_8jyLndUK	0.05670371743333292	0.020466173024187666
user_8k2ele3j	0.06465424417751456	0.027845383197704073
user_8kIaSuvI	0.3569644336840547	0.02230766646007783
user_8kMbjAPd	0.02688043416650173	0.009271009610365817
user_8kQhdcyW	0.04388250721397497	0.01778761429451632
user_8khTh9RY	0.019009498436425812	0.008061365150009337
user_8ktrL2xp	0.03212889847501276	0.012042807858989956
user_8lEdkVIT	0.02746134464559065	0.011097681500590111
user_8lYWI81X	0.03070272279076742	0.013964994114307728
user_8m00Ob7q	0.045034874402058105	0.019341054105893648
user_8m3Mdrg3	0.03340659413584607	0.013208750615146425
user_8mAQIPGL	0.018125136941803698	0.007940149817266012
user_8mzdzfX9	0.11927602723378969	0.04895644578436888
user_8n4rQA2L	0.05185134545393927	0.02312349645059008
user_8n6SBF4V	0.06763031957184475	0.027923243305054087
user_8nQLbESe	0.05613594939529319	0.021787023902932037
user_8nbRY6gt	0.95937493487432	0.05615075577817774
user_8nhFR07v	0.16968850379319889	0.0683023583828666
user_8nxJJlKJ	0.027897939055220172	0.010515014749598485
user_8o8PT2aY	0.026152229155998977	0.011084465619073862
user_8oLXB0CK	0.08334251781854962	0.026431367168190886
user_8oSrtUKK	0.06616349173378974	0.025387639615921068
user_8oeH7k9U	0.03837947766140898	0.013178037392572608
user_8ouwbXMl	0.03123902364334874	0.011649088596352405
user_8ppPX8TW	0.011292733303944757	0.003974663364823852
user_8pshl87T	0.04525997148528238	0.016804291209191195
user_8q0i5A17	0.21893673623421245	0.0075326519040423
user_8qJYHOof	0.037119654049404385	0.013105622964984973
user_8qZgcR7j	0.053898766709772644	0.0203396829441462
user_8qjmD6To	0.05755299270631652	0.02126091358061474
user_8quFUEkG	0.0994214845155229	0.04502396721283271
user_8r9kUtjG	0.013203328823421845	0.004758089154827988
user_8rAg5Eh0	0.10261822792504308	0.040847467409947096
user_8rNUmRft	0.446529329557388	0.020437741367782147
user_8rc4bvNN	0.04666836137932148	0.01835492156293678
user_8rixMRkl	0.05591174871579538	0.020083537405081946
user_8rr1ntxA	0.017141428896578714	0.005931904371014267
user_8rxCoUs1	0.026620634118316742	0.009240028062845917
user_8s5DpXTx	0.4080301631546511	0.028776474169181346
user_8sBv0luw	0.010439357967212648	0.0038148268414914615
user_8sXEQGa7	0.12634645111573084	0.04338712257932771
user_8t8jIPk5	0.06830525465256879	0.03180202063761263
user_8uI7scCM	0.026348159476707225	0.009948586038051575
user_8ubKfF2C	0.37558344920239767	0.0357668356318812
user_8v6d8SCL	0.21014234829059444	0.08977597432639822
user_8vK6LFN6	0.01853278798667908	0.006828467223264408
user_8vMOD6te	0.17400032177678285	0.06046084622842267
user_8vVL0ero	0.07139418654067844	0.027749019166741017
user_8vWDMwgH	0.20503078432394045	0.09078836617630838
user_8vdFAjit	0.02072861255938645	0.007949044782830011
user_8vvqvZeb	0.41530097815458367	0.02462878745206996
user_8wAF74qF	0.047954879600700995	0.019778084203274527
user_8wG2qyFV	0.013128303290148649	0.004836310589922198
user_8wiAUvVG	0.12386993110944305	0.060057295472193864
user_8wjmwOSD	0.10902436493679252	0.0505965765123997
user_8x6TXhKD	0.008800368357683747	0.0031450732574072864
user_8xXJ3ThC	0.04814254954993591	0.019872624798503588
user_8yKw2QyW	0.002105635438854168	0.0007554980485027734
user_8ybYIReb	0.08949699173697989	0.0352054131186628
user_8ydLvUfL	0.013350181009136788	0.004581947757721571
user_8zCxfPi1	0.011485751004494928	0.0040983833624510515
user_904wNkj5	0.018118926228864095	0.0068736008946393146
user_9089hApI	0.04463240079995726	0.01699109108438855
user_90Nc9NwQ	0.09187272985837572	0.03536236826437186
user_90oS1368	0.024348589239851684	0.008895049556465074
user_90t2eXzj	0.5806814326657429	0.03570712254912122
user_90tS2HAd	0.020022569130598328	0.006524699565204877
user_911R9Jr6	0.0297692486896447	0.010903249013200013
user_91MZPQYA	0.08560882187292587	0.02601904599133904
user_92BumN6I	0.00481526878606782	0.0017771859879752484
user_92e7P6a6	0.03311170735688677	0.01088011525747537
user_92u0Ho9H	0.08338859006093381	0.036663674017180285
user_930RarsJ	0.10338831992568936	0.03766770435558321
user_93MF4SJQ	0.08767619547755898	0.028586936253952054
user_93QDni2t	0.04085430002206858	0.015122374438956122
user_942E0UEk	0.017854686395382856	0.006006922406948276
user_943xQspR	1.1219889726981727	0.06934338585429488
user_94ZzfE4z	0.48304671566489377	0.21290991105868853
user_94noabry	0.019023880387581064	0.006945930256473619
user_95Bl0bQM	0.07031516172229178	0.027744856298948555
user_95O286re	0.557247891214077	0.048432488826052555
user_95eJ7Zg4	0.029792421914800592	0.011543476343411485
user_95s7ZWFG	0.13285300710614817	0.05989822353987175
user_95tpDbqA	0.5406940358991807	0.05530927580389452
user_96Ft0Fuu	0.05684696640733822	0.02010178937021324
user_96XUO5u0	0.005722741879709132	0.0021051667345324855
user_98UDQamR	0.10188589022979799	0.04046482949753737
user_98eWdRAQ	0.030714565522505323	0.013719410418902284
user_98rtWdt7	0.02241737495932282	0.0095130449412875
user_99ag1aCc	0.25082544246229604	0.011591076874875254
user_99ujSwrU	0.06565739581746374	0.026947586048909233
user_9A3H9eXz	0.09837984421864267	0.030205570673199417
user_9ABkIKJy	0.05141442765081265	0.021460452745971435
user_9AFGGXIv	0.3263354457519918	0.020220457827096024
user_9AYhFNdX	0.04012327667806359	0.015623154481516464
user_9AjV9T8i	0.03222594255831733	0.010914698643610705
user_9AuWABUm	0.04472577047291486	0.017083099441648642
user_9BWdGkkr	0.174132627468471	0.06693831622562535
user_9BZ5coWp	0.0781306194228685	0.03100383361004298
user_9Byo2XsD	0.04476263543859779	0.017075247498427166
user_9CQt8ga8	0.03947857821224792	0.015099228598377418
user_9CTUHyv8	0.19104860460203563	0.07461993514952382
user_9ChjHg8x	0.08096254375940012	0.025301488579777563
user_9CmLvaRG	0.03346723955733049	0.013618307597094186
user_9CqDNWNV	0.04222293381886297	0.01679292364869558
user_9DELSmgh	0.025392036097226713	0.009304544713558249
user_9DY80VIt	0.2801878676458616	0.0143377735451575
user_9DmJR9vs	0.17768320824511874	0.06984906586576722
user_9Dx2hyMm	0.043069527967267755	0.017619341326948243
user_9EC1TCdX	0.10140291393065205	0.04331592677226632
user_9EH9fnMj	0.08357007123618145	0.032914768407679866
user_9EJGyqEM	0.48156500536897295	0.02925600171088402
user_9Evdta2R	0.08079836921536815	0.028681082677305875
user_9F9tYHx0	0.04254906906248536	0.01843819077519271
user_9FU0z19M	0.8358250656084341	0.023027325830163984
user_9G1qNqE7	0.043171590078723635	0.01670080040190244
user_9GLV47Nz	0.11992463011770728	0.04996705243258007
user_9GNFbLlk	0.01497343002480474	0.006825674583684816
user_9Gjl16fC	0.004506725108450792	0.0016233571724363792
user_9GlTiRQv	0.00834482303552064	0.0030011024623768728
user_9H3s0Mf7	0.057184490644186625	0.025134420432633666
user_9HYqd765	0.019806693163534353	0.0071663689258759785
user_9HqqwV6N	0.3831861705861326	0.16597876294470415
user_9ID5VFIg	0.03380813695748343	0.01507023371353148
user_9ItclwoJ	0.018492103796709018	0.006218007603714408
user_9Iu0RJ9z	0.08719280592425553	0.03316266576725337
user_9J7E4zkE	0.08522634784004816	0.03223555496560524
user_9JTwrOZe	0.13702377472356567	0.06391642933226489
user_9JVAQLIm	0.017570603903624554	0.006477387619141451
user_9Jdn6ti2	0.0984656527597413	0.03572812296369451
user_9K3k8bJx	0.3113095553730785	0.13570039968509728
user_9KYIw2OL	0.0914534366309172	0.03478682492617574
user_9Kp2szeW	0.05860633728027961	0.02457526610422753
user_9Ks0Ui8R	0.0980830341217997	0.04514970130500374
user_9LU0Ea4v	0.01434625888483309	0.005173681221202939
user_9M33gjUI	0.6996502799549892	0.02883786932396181
user_9MEIi0ct	0.02089183233996877	0.008896078629199895
user_9MWuksB3	0.033781161426196374	0.015042485637328828
user_9NDoOO7N	0.119912790153146	0.04706177837025655
user_9NmtKfQJ	0.6322182938069741	0.01726206343806343
user_9NnZZu9K	0.0769550244572463	0.026257388706146835
user_9NtYUBDs	0.3732854984300756	0.029284401772789983
user_9O1vR1LJ	0.06462221275298836	0.027311435626744214
user_9OGU2zK5	0.021421112756457594	0.00775773312884049
user_9OGeVFTc	0.0056444199256307365	0.001976162479290601
user_9OMoYkP9	0.03102381875509235	0.011033404099653216
user_9ONFqkCT	0.012611935730794888	0.005900509539609107
user_9Oa4vmtN	0.06370650349370362	0.027220207938607126
user_9OcYxi8w	0.047305241457466216	0.01818842324248139
user_9OpcSAd9	0.6648463161834661	0.0474517153910896
user_9OqXcHco	0.1735316565867907	0.07403235684332236
user_9PKMIfTG	0.1558017095899728	0.059327031838783885
user_9PMgR9Cw	0.028904626372577777	0.0102970158206685
user_9PaM007j	0.02905079155023088	0.010592557423623408
user_9PonLxxx	0.02598277267189729	0.010831588307852573
user_9Q9La3nB	0.2888263684031912	0.014843547496616136
user_9QEixiCs	0.05795418351250497	0.020464445634539714
user_9QZb58Mq	0.06856300931233071	0.027829930332631453
user_9RCDYwDZ	0.14112004767235517	0.05030857533382349
user_9RXjfwE8	0.11050414169564132	0.04846665935037004
user_9RsbFVH1	0.26697752827708565	0.11285166930348733
user_9RyJ8Z03	0.0612484337324477	0.026449877462624796
user_9S5UtHEW	0.7016622845329566	0.030748676693413506
user_9S5fAp0Q	0.04755492192249478	0.01922966943570053
user_9S6rLT6c	0.012593868865633748	0.00448121633459235
user_9S7BSGEL	0.3137066359455308	0.020231702343055564
user_9S9NsWPD	0.02968422384092037	0.012223743387805248
user_9ShPJmDW	0.09780122731973907	0.037502737806202856
user_9T9jgRey	0.07618093365936204	0.03030596655111939
user_9TKkbbH8	0.049033750376106675	0.02175950945197491
user_9TYu7oDN	0.019219753811571295	0.008264292001588512
user_9TafAiCF	0.029336175437466035	0.01118721854894333
user_9TsIg2TM	0.02662802677252011	0.009861788853165597
user_9U8Sfbo7	0.6279381161984156	0.052371966389614354
user_9URMwy70	0.033043133150353204	0.012059280784100016
user_9UyD1n2B	0.01189796922861318	0.004233187919537666
user_9V1PIsNE	0.019745182254413525	0.007510572126366932
user_9VXVYmnh	0.01712238320435011	0.005928657570651498
user_9VZF0VFe	0.05611718128488991	0.022368037119601315
user_9VZN9wYJ	0.053682597389119464	0.02030297446113038
user_9VccZsBI	0.12372637235463872	0.044966022818347995
user_9WN2bwpk	0.048701634443067084	0.018506385302820175
user_9WhvMerX	0.025043371181562253	0.00980722814508235
user_9XixQnFK	0.03449540805587596	0.013907156224470777
user_9Xm7Xomz	0.028351387908843468	0.013067357351513428
user_9YIXXx4S	0.03487826217583692	0.01361913548198842
user_9YM2rM6o	0.030190156270554505	0.010377423217584978
user_9Z6hBIYk	0.026778948611905606	0.011073788745873893
user_9ZWgh0fG	0.02524120914133586	0.008704222145219511
user_9ZgONMET	0.026308461010166224	0.007892370260787885
user_9ZlAKH0m	0.008414410213422797	0.0029776707808179797
user_9ZwvJnV6	0.013031028646124272	0.00471221880694938
user_9aPhU2mf	0.24974130593458832	0.08198917213418817
user_9aUdQDvu	0.06045461621902057	0.023119195045511673
user_9arP5H6F	0.04517717596031249	0.018816132004345572
user_9bJrukZF	0.019685544331891472	0.0085826024741139
user_9bKDk7Cl	0.09000370264558386	0.03446853637943279
user_9bRbM1V1	0.07425622430414669	0.025477088090741406
user_9cAyy1SA	0.4080504511235975	0.02663863327373437
user_9cHgNCSu	0.05990686417280825	0.023785464123421744
user_9cawNYk9	0.07522045182685358	0.027262808114943325
user_9cdHpHLk	0.05346448345407079	0.0205145410512683
user_9ctMKMf3	0.18987986004021792	0.07052345321670776
user_9cwUE0y5	0.0448971352312636	0.017119455550603097
user_9d8GylJP	0.6200183757058852	0.021242222257860686
user_9dO5B7SZ	0.0514469275520662	0.017914856342692125
user_9dYilpDF	0.045477997233608125	0.017211827889950796
user_9dk8toON	0.06407124714338047	0.02350035951949556
user_9dvrLZ9L	0.03290681974397891	0.013202940225854743
user_9eG7ufeC	0.04692952652032039	0.016717049933650766
user_9eQeUbxt	0.0719474199035791	0.020067545851466466
user_9eZpX2Ig	0.08508465731750803	0.03904025236749416
user_9ekaF9ee	0.017077540496393706	0.007532668871730589
user_9emSdrMC	0.057458560195547445	0.016478106797921787
user_9enur5Dd	0.004230881927753283	0.001526304440438084
user_9ezhHDRF	0.057719641140331804	0.023957354223343004
user_9f16Xhlu	0.9823858677777944	0.058766477962009116
user_9fUaeMne	0.015936006477276835	0.005897163984423989
user_9ftR3Niw	0.34312980848954217	0.02281840841241074
user_9gANvwp1	0.08066550235706037	0.03060912163147223
user_9gTJHOO2	0.036980483852570675	0.012701597977613785
user_9gXSALNW	0.12536801299752598	0.04289377271354186
user_9gatOWoC	0.4672075024403288	0.03288487761562524
user_9hQNSbNU	0.030721206363787997	0.011056480961513002
user_9hjTrx4p	0.19108986757526222	0.0843821355670114
user_9hu8yyEF	0.09211414532525547	0.03544263695673302
user_9i907mZO	0.039137650489609696	0.014690541352525423
user_9iXfeKRm	0.06820747374416043	0.027926496927266925
user_9ie3Q1IG	0.014897470683140138	0.005089997644354789
user_9ixViUUz	0.08960983374834489	0.03885687121846752
user_9ixgbEWi	0.045205532900510034	0.014146439762290727
user_9kosVuNM	0.018430196000793393	0.007932500121796216
user_9lwBP7Df	0.09591179968284022	0.04315026023890537
user_9m9NWp23	0.06351572041495931	0.02696123717916621
user_9mHkrDZT	0.3655592822711177	0.008987979118542818
user_9mi7x33H	0.0730438674165651	0.024268708444188162
user_9nAkBXCr	0.11765966368568267	0.044149871516452215
user_9nMwqL9K	0.3377296849616486	0.01049488667611809
user_9nNU4Cnv	0.08845322553790928	0.03953925371860855
user_9nYTfHEy	0.12478888045711187	0.04564221856290723
user_9nyfpL7A	0.05610777971114162	0.021501996492239064
user_9o2J3pYK	0.026862270758794316	0.009548699659896109
user_9oId9FMh	0.07480403059892067	0.029681001712538315
user_9oN2yprm	0.049221675114955496	0.020290542724297797
user_9oPyBmTk	0.049328795692549436	0.020743269119416558
user_9oSB0yMk	0.5285779174722784	0.02851459747721723
user_9ofbl4Dg	0.045927051786074154	0.017471955220209688
user_9oh0PpfH	0.05093535426037353	0.023805612066875797
user_9opKV002	0.02111300328734456	0.007689022812293286
user_9owjwpWx	0.06297136846252677	0.022261364079534794
user_9pRKWDIj	0.04199587565880719	0.014168362983610685
user_9pkZNU0b	0.12432963213821213	0.04802854914367458
user_9qy25FeR	0.13722459462495212	0.06446365562895964
user_9r2dzCy2	0.04689704487691754	0.017936092718208226
user_9rHj5Q6q	0.23126256779039667	0.10888866168667222
user_9rKoqceT	0.01045711208737464	0.003641218772402768
user_9sIPOnAI	0.0672331709322941	0.023911370888024034
user_9sMVyvUh	0.0350740109199858	0.013682970039815737
user_9sO7vY5k	0.05595836155446418	0.026000736474010036
user_9t6rS042	0.037837815426778255	0.016421691120900233
user_9tE3U56J	0.05818515021406459	0.023034782949725482
user_9tEUPcUn	0.05414212061253461	0.022933759056699626
user_9tfJqrp1	0.03313216434774849	0.012397173139517015
user_9u8q2RMr	0.0764540995336749	0.029688658669420106
user_9vCqZfUu	0.055632892556362806	0.021268972128757054
user_9valg3Mn	0.02362168377815802	0.010034506713981076
user_9wJ9fnq1	0.5595387998830417	0.0405723631819346
user_9x1GPg0N	0.027233414158219296	0.01001710380077049
user_9x200DPe	0.03627148198078446	0.013487813024812409
user_9xIshNNh	0.011715836155717169	0.0042550164848347925
user_9xaMDtI1	0.020606983142871967	0.007106825382588545
user_9xkXO18q	0.07710460013620331	0.026840389503568575
user_9y1It64a	0.062298432761071186	0.02574869283691239
user_9yNbfLDt	0.21091274707029395	0.011969531738377786
user_9yme6ZbI	0.3347227855954311	0.010913834233593735
user_9yoX58bm	0.004791538589737803	0.0018273258166561935
user_9yqm4C9U	0.04206431599625897	0.01430549335981929
user_9z1rx4ws	0.021689074219839816	0.007854824542361557
user_9zFp4VjN	0.4959804771506606	0.01289351766572535
user_9zMTVgNt	0.00990360520610544	0.0034839126930866753
user_9zWywaSQ	0.5056445781327323	0.018777183259224523
user_9zvgFO5z	0.09265048122907131	0.03236328746775009
user_A0ZQXew4	0.037867074061455314	0.01563545399288068
user_A0nje202	0.10550666718841038	0.04434038373220802
user_A0zYAQWS	0.11621921993549475	0.05276083125126129
user_A1bhYYla	0.06800239215831083	0.029118326096406504
user_A1rOfXUF	0.0881571665999024	0.031673683206033657
user_A1yyDrdt	0.02951238299697194	0.010492579077526602
user_A2GcxQH7	0.015040842985342449	0.005550405962296589
user_A2W25u7X	0.01404121941381311	0.005214733614655529
user_A2YCenbG	0.05061609604400072	0.01962244512539213
user_A2mDwVCF	0.11011216075668746	0.04221964940329906
user_A2vGbjIB	0.5362200089311183	0.05591523014405708
user_A34v4r6h	0.030248038205537252	0.010511911637588313
user_A3DCIlCP	0.8136285182267387	0.05565151449286436
user_A3R0lt8m	0.010400084222272524	0.003962831995880142
user_A3isnp3S	0.3551180250516348	0.012994155287325327
user_A3nMKh6l	0.08432299755121314	0.03151914838601652
user_A3qFqNwA	0.019902597357956915	0.0070666248425812215
user_A4H13u1c	0.027428225002901443	0.00982193832634941
user_A4Y1cQhU	0.07245302765273323	0.02877327753419463
user_A53C99zP	0.13233656710035743	0.05614619215054118
user_A56JENAo	0.03729567186955206	0.012345114452532824
user_A5LpN2p3	0.003973272233566794	0.0014414582272587973
user_A655yYHH	0.04475688797543535	0.01584895309890641
user_A6FKUWie	0.11272431827452764	0.047994244587734845
user_A6HaoZWt	0.0673075943306915	0.031208335629294537
user_A6IDjEVG	0.0698382543634127	0.021558308464092155
user_A6JPKezI	0.03294169063034158	0.014560821222083664
user_A6Np2vXH	0.06360865532933829	0.02351288036808705
user_A6TgKdPY	0.030768434211269444	0.011869820036575851
user_A6qzjnZB	0.143566374417344	0.059926056933310656
user_A7IK0rtQ	0.16568046488504437	0.06923010421496933
user_A7QNGDPL	0.04550420149290924	0.017918086559793246
user_A7ngHcT2	0.14630011518219785	0.051401925450405075
user_A7qDMjjN	0.2346568444663631	0.09643542606340821
user_A8M5a0w0	0.12891180036012537	0.04668412144329473
user_A8ggohLY	0.04099073088390098	0.016068422983913297
user_AA9XTQ1z	0.05347459968227382	0.02093884577340518
user_AAfM1Taq	0.4174652296730581	0.03760480003469716
user_AB0rMSas	0.043263786314178994	0.016438265672966846
user_AB3PXEJu	0.4423276213091128	0.023013531222551713
user_ABH8DRRW	0.08610583452515903	0.038587294843303664
user_ABceBIqp	0.029828224076558364	0.011530517612736654
user_ABfsGvsl	0.3138380045126867	0.014407312649004066
user_ABgbNtAT	0.9147071734197505	0.06146832482951431
user_ACSp9Jmv	1.1329607762413503	0.08018440027372932
user_ACTyrMuW	0.6878533921267782	0.03400310792827081
user_ACYA3T3C	0.040061471354186154	0.016336614288133773
user_ACe4qSkp	0.04177230670034905	0.017797719151018222
user_AD07PZww	0.058719591246406924	0.02217933577019901
user_ADT5pFBC	0.021122160912942372	0.007133309569941198
user_ADq8vpzH	0.0688828358972674	0.026555354162495444
user_AE8VgBrb	0.0685794664012203	0.026009392160981106
user_AFZZSgOT	0.9749972018167268	0.04160689359997384
user_AFj2dheQ	0.35924491944877474	0.024551842896970214
user_AFoSxTIP	0.047662617550799403	0.01939422370737125
user_AGaF8Jf3	0.026437156836458097	0.01088746196785406
user_AHK5UZct	0.5536552050848721	0.023542827319322692
user_AHY7wBYR	0.07136554875963734	0.029990820798246536
user_AHbxyQOv	0.5669959098000535	0.021722951571638432
user_AHgsuSFx	0.02716180455964868	0.011070832064011731
user_AI85M9SE	0.12247403899527355	0.043458513185664564
user_AIGsfOsJ	0.012918698008413006	0.004734788574957195
user_AILXlKwi	0.5786842908367761	0.043899181393550035
user_AINDsNPl	0.26611468304508934	0.013973378924036358
user_AIZ5nu0z	0.08690374580562085	0.031206177954310188
user_AIdKfzrC	0.08555465890121428	0.03556452868301635
user_AJ3dWXCE	0.054485427575650294	0.023666395469259787
user_AJYDh6sH	0.0379035550659457	0.013395421893702695
user_AJZl4s7s	0.1505370350096618	0.05447055399104876
user_AJtArNBS	0.07677127457902953	0.02691371218643804
user_AJv8bTEi	0.03907311177108613	0.01585311807795346
user_AK1YrTn1	0.6957495776571553	0.0393146462837815
user_AKS4H1kT	0.07953075395942465	0.02566656699404799
user_AKfd0eKk	0.016317755125406074	0.005887268541633243
user_AL6cciO2	0.005232953956792918	0.0019086180655652138
user_ALRESWEj	0.08144003588415298	0.032058066160233496
user_ALb0whIQ	0.09282940753707719	0.03784442760565129
user_ALc7bRuO	0.023268278741008876	0.007836868958755476
user_ALpAhE7D	0.024510641184752956	0.010148318865287751
user_AM4I5Vuw	0.0950883125906084	0.038593188941646185
user_AMKAFYAB	0.04972632878967588	0.023442253591609983
user_AMKGEjvG	0.08741010861773535	0.03013132409597577
user_AN8Js2WQ	0.559397833921597	0.02289851335327584
user_ANDnfm4M	0.5331771675149513	0.04675858494205795
user_ANgco6cp	0.0813758938901948	0.031221620732333092
user_ANsU9NTM	0.031314316661925155	0.01309743790673635
user_AOUi7yIZ	0.08367116055582197	0.0308436721349642
user_AOmnld42	0.4537746818088756	0.06445805303826381
user_APWSWgXR	0.05872879737937954	0.02427839229044483
user_APxz8QPV	0.01807183070642412	0.006681525934350495
user_AQFWHkpW	0.11434175967695284	0.04621649535762617
user_AQaJVvwv	0.1017045952991615	0.041174546123851644
user_ARoreufx	0.06881614033582034	0.025687584963569123
user_ARrVjpWV	0.33222055984299803	0.022685591021157615
user_ARyacjkA	0.08933803474222925	0.024634316765259966
user_AS79GCiO	0.08508068520464293	0.029973956805553
user_AS7u5omX	0.11518327180590744	0.041181302052464945
user_ASBwvy4M	0.13952166107531555	0.05166532748343499
user_AStis3lI	0.05411231915227781	0.018962448818487194
user_AT98w9kO	0.05135909311343774	0.021549713770816693
user_ATZCe1ml	0.05138609150629994	0.017985563063284457
user_ATZrXKOH	0.16963861537636987	0.07767125882505062
user_ATmnVkaE	0.04232896205601888	0.01611907366469597
user_ATqojk5G	0.07163917636671381	0.031113059919825516
user_AU0jDIAX	0.04461799809646466	0.016653206343621562
user_AUDheVX7	0.03311785907355684	0.011519236663230664
user_AUTMPSAi	0.02771242697108653	0.01037185275830329
user_AUV7Gr9T	0.07835908301250794	0.03203427648245421
user_AUhZI5II	0.022161632985919513	0.007740893945493805
user_AUlpNxVA	0.027472484108938603	0.011338989723062257
user_AUmwTg9R	0.2794116399385451	0.009246386488277823
user_AV3mY9nK	0.0881494729016132	0.03754457575165572
user_AVl8Y8KO	0.07199160445289685	0.02360020964655366
user_AVxkfi3Y	0.020591955786564857	0.0066868225259468
user_AW70XJmc	0.04554871045584069	0.01777532930911953
user_AWAtdAeH	0.09851386886924776	0.03850701316348471
user_AWtlwDN9	0.006774015272675663	0.002470136760465459
user_AWzdqEQ2	0.037889178181942776	0.012490881199217018
user_AXLl014l	0.06804103166179035	0.02929058645944495
user_AXOREKE3	0.12452981406391879	0.04914840109198361
user_AXTKw8Tg	0.21604478645992511	0.0779001913768353
user_AXeasR4m	0.07716760274048633	0.030376805416847532
user_AXoltTiG	0.24589982914666675	0.017962798399228094
user_AY3Q0unX	0.4200153537176589	0.023877589024289766
user_AY6o57dc	0.12457918588586735	0.03678710994473989
user_AYUrtI9I	0.01637525707910535	0.005803009411922955
user_AYYfKjlF	0.05778087401587153	0.023431014008234892
user_AYdYwRsh	0.029146654676508663	0.012658943707117093
user_AYnyE00C	0.20244802408617188	0.08283983995638135
user_AZ09dqt5	0.09507311246154568	0.031216447798243202
user_AZVbnkFJ	0.06274698719059349	0.022004276206050107
user_AZhqtqVQ	0.06014640989153858	0.023487637344215846
user_AZiFXUJG	0.03274724452067032	0.01299677015243278
user_AZpF6BFZ	0.019047361339070173	0.006335340697877964
user_Aa3tecPY	0.06666420658117062	0.026921619122660084
user_AaPMVQ5J	0.0894848723552296	0.042114069361867325
user_AaTSMH5z	0.06333213079459768	0.026920335283923402
user_AatgROrN	0.4549142455474865	0.03773473261432659
user_Ab50BCDb	0.033284541424619105	0.014631110816683088
user_AbcDHJwi	0.36527100467825224	0.023179789352395407
user_Abfgm3kn	0.019072969782185437	0.006716554561221215
user_Ac7P0vcQ	0.04764029914736784	0.01960626079206071
user_AcOqKttm	0.04411968018006772	0.01705858436544407
user_AcdICuNs	0.037209613200846106	0.014602987570940588
user_AdVLxFcX	0.01885095061970679	0.008138134241001677
user_AdX25Njr	0.4006172576839133	0.03378338274935335
user_AdXI8E7A	0.025934232066463565	0.012178303519491888
user_AdeC25sR	0.11036527901403399	0.0430196100501617
user_Ae2FXPpD	0.25840548371106986	0.012410026384096747
user_AeTTQAjU	0.07956642936821627	0.02610910415971101
user_AeY5i8eO	0.08502066483907172	0.0275482836793542
user_AebcCjzZ	0.02782831579352093	0.009394054472351292
user_Aetdlr4M	0.048203764041546165	0.01913245963786738
user_Af25yzVh	0.05449227939244765	0.020551871300378135
user_Af6qr73l	0.0734022308294826	0.029285529508522784
user_AfHtHwqa	0.38680285386224433	0.016862629297028437
user_AfV326qX	0.03372665491854078	0.013196829761214973
user_AfbBNqQY	0.04927969494580867	0.019766883993133283
user_Afr5Qf7g	0.09498596684221544	0.04534247375376468
user_AgPUDO9w	0.5558309769069172	0.03076439587241703
user_AgY5p8Q6	0.03972654124987424	0.014522399903758186
user_Agkn5O2t	0.01422461009638263	0.00510501712582248
user_AhReTQQQ	0.05940406918559332	0.02571254867185396
user_Ai9wyfvV	0.38399454906689967	0.026807882365089332
user_AiFohxEJ	0.01400249969788886	0.005084051743796697
user_AiNX5lA1	0.07872237694253167	0.03392547432648563
user_AiRNkTR7	0.028614319319234173	0.009788980820734339
user_AigrLTJc	0.061207787678126964	0.024608848070131303
user_AijK91jw	0.04262032252680632	0.016765152565231433
user_AirHFjaW	0.6026356173002744	0.04277062448997089
user_Aiy3uhGL	0.026216610647035288	0.008030210365769038
user_Ajcpx7Vq	0.010296550619586193	0.003917824936300823
user_AjhyAKY1	0.3825747750612087	0.022590667881864274
user_AjtXNFAD	0.46254126464767137	0.02383692859083146
user_Ak03CSYP	0.05758801800517497	0.021362617822562113
user_AkLigZ0S	0.09124259677173391	0.031108997036843833
user_Aks0kB9a	0.02782869103080923	0.010413747504624853
user_Al7KfJbN	0.06972143559687298	0.029096291288299547
user_AlOs32P6	0.3213653500202973	0.010933377163977877
user_AlPDyiO0	0.05257995893803699	0.021661934968931824
user_AlaUkELf	0.3539649194861526	0.03154072347486786
user_AlkiL9vq	0.4539385948251315	0.17783510157808277
user_AlqmgdQj	0.1101088135756794	0.04122425836311329
user_AlvDS6pN	0.05600278606547909	0.021779199796895035
user_Am0epDRN	0.17820712333257627	0.07533793154979737
user_AmBiWcxU	0.09596445805800911	0.040635131588324894
user_AmM8Em8b	0.03084316789923898	0.009817794321820715
user_AmXx49sS	0.047430702276859	0.01732811838139966
user_Amu6gZg7	0.08687120414298942	0.03263488449601069
user_An6MzeSu	0.053729282212877844	0.021759180740213862
user_AnEes1M9	0.029887057064470146	0.010423450840302113
user_AnHzEgZO	0.6460135295668987	0.04254238922835231
user_AnKiCtIj	0.5568419842611911	0.02782019771758397
user_AnOb58Xc	0.023344313428011076	0.008502590405004349
user_AnTtYuUr	0.03409532084120548	0.013430335839948787
user_AnUQ3jwt	0.05442921174935507	0.019559883242855455
user_AnrNqfng	0.8908700031293595	0.021097508528995175
user_AnylZHci	0.08741859178137294	0.034066022889491114
user_AoHP7m06	0.12958165472014116	0.04414208289585176
user_AoQHxOpo	0.5155247167345468	0.01417974354335424
user_AoZlFlA6	0.05614131896532799	0.019589206616648862
user_AouSugLN	0.027184141156396165	0.009443079105476614
user_Ap66cdQO	0.14667217397067528	0.053811223603827285
user_ApuCndjQ	0.025710565676533237	0.008406142935972265
user_ApzOsIOg	0.4111164273166143	0.013977708408329641
user_Aq0uoHiU	0.04774637515519417	0.015250779348322996
user_Aq5jXlSP	0.05553521289671227	0.017999748648693293
user_AqMMXonf	0.6126353282220832	0.0741342956492729
user_AqWCCd2s	0.025454057981175192	0.010362384937186955
user_AqaXnI2l	0.4201052722408654	0.022588515365332674
user_AqqZY6o6	0.10808531490174776	0.041630929398492625
user_AqrHwMbS	0.012235546054698853	0.004164518560532399
user_AqxSSDOQ	0.03830127109056904	0.01347259551786067
user_AqzqewsV	0.3238688714045498	0.01310900791508366
user_Ar3hkk3t	0.07325753063549392	0.027263854431825673
user_ArPbLfuO	0.05009988158474761	0.020259936996452232
user_As8VStXo	0.07127984771973053	0.028556773769201436
user_AsOy6trj	0.08243758085519062	0.03066701361166089
user_AsU0NPgw	0.05374178806831508	0.023161756924198286
user_AsqgAc4C	0.6009328757713186	0.03223565467996452
user_Ast2Hx7f	0.45389133205763477	0.036566224153221354
user_AtAsgIwW	0.0860326495131957	0.029035775398756476
user_AtI5qiFO	0.060924191089170354	0.0223621040745204
user_AtTPQjPW	0.019253562272658557	0.008262013571459647
user_AtdCrrfj	0.007583453667145849	0.00266776798395801
user_AtlOP2wk	0.017589496286609087	0.006498851702962172
user_Au6lS4dy	0.023705179929331466	0.009994792254828007
user_AuGbvtyk	0.018060052671113443	0.006776911256502012
user_AuYBAZDP	0.032650226378129636	0.01466461941479752
user_Auoq9EGr	0.010420246836782592	0.003734782860411965
user_Aup47XaW	0.018535782488776676	0.006002493032588026
user_Av07aOdn	0.01467865290939934	0.006677934554655709
user_Av65zOfw	0.023195498300114033	0.008388525610364649
user_AvLyNfJX	0.09379935021416239	0.03798960182981177
user_AvQslXAE	0.04270721837380232	0.014938793096110225
user_Avd2E7q2	0.05261833891714818	0.020481897245113522
user_AvhCD5Wr	0.02302923102188741	0.007400956848351228
user_AvqvfosQ	0.029008764404501904	0.009436523991246198
user_AvvbVRYH	0.022898471490354608	0.00806622646358858
user_Aw1HiEvG	0.0744190703547585	0.03184468115845176
user_Aw2OIKkX	0.5015729879131738	0.022057923369866575
user_AwJlnx3K	0.4905262059397862	0.020641258065325963
user_AwJyLk5o	0.05406015418698916	0.02346833654030187
user_AwNQ2Nb9	0.12817531628844703	0.047715616314378685
user_AwR3knCh	0.014145608424051645	0.005421143618012145
user_AwUY5SiI	0.15460609404343795	0.07091581578332674
user_AwlusWaf	0.04551139281391618	0.020759869937662465
user_AwvUsjr2	0.03946560991421476	0.015758952249009098
user_Ax2fsRb3	0.10232018069200541	0.033108688307154036
user_AyJpIZ70	0.03189701779995376	0.011225292127231824
user_AzlHXg9U	0.054015791094360915	0.02079987899825914
user_AzqKI66D	0.07853812288148426	0.029295298170338005
user_AzsKGH6I	0.06816599894916475	0.02797039523635244
user_AzwS1TJB	0.07196172249501175	0.030456950373456786
user_AzzEXWz3	0.07463545795381729	0.03136447708492447
user_B0yKOpF1	0.01695119746084497	0.006406352018529112
user_B16q7PrN	0.06979246682741456	0.02486339807426351
user_B1A1zINr	0.03950791660348817	0.01661713431307642
user_B1DwrO6n	0.05516952705170276	0.023359554408345747
user_B1NWCuvq	0.39564495978198755	0.018177765073275568
user_B1bPO7zI	0.05984625235547807	0.02690051026186267
user_B1gATbpC	0.010189396689090649	0.003499832949705264
user_B1qC1in3	0.04035515108862278	0.016729280270320324
user_B27Bcn46	0.0453130926702369	0.01713807051282226
user_B3ERvQQS	0.6004590474059874	0.03803694482526225
user_B48PQT9J	0.07460159494160556	0.027194376483931214
user_B4haP1KZ	0.022681079149057176	0.0074453860300929455
user_B54CRzjd	0.39186822601755733	0.14907158279651303
user_B5jmmwBR	0.045221849885416845	0.01895680102250611
user_B5yLpPZh	0.09982291119653856	0.03836604910637668
user_B60CTTN4	0.007404236168201819	0.002737883595727672
user_B62mx3hP	0.12069680793977099	0.043507633026158024
user_B68i3DHa	0.027105561690330855	0.012547255140794569
user_B6HiHlj3	0.05805742351620916	0.02104409011961824
user_B6UJSwVG	0.07742970230432646	0.029935276296794308
user_B6pfQBbS	0.03460896241037524	0.013759712861011608
user_B78UrXSx	0.028172803295140325	0.010126876980563979
user_B7K72c7L	0.29543566149957196	0.010061095301942663
user_B7p9xrFv	0.028744619206243344	0.011827637839137727
user_B7vjR0on	0.03090932002276258	0.011074013118177264
user_B7xteVth	0.4213344044925085	0.012506524999341849
user_B837sTwL	0.04697047609397828	0.019221413316464986
user_B9OwGEMQ	0.04338458151075279	0.0180016353386149
user_BA1oS77T	0.07370270227764687	0.03466544674766712
user_BAMSWzlt	0.554043874183218	0.22561018130900887
user_BAN8aLID	0.03213001049606251	0.01160925962412216
user_BAXRMzlZ	0.026553187280720536	0.00987655010047127
user_BAYnSvdX	0.04402708773623812	0.0180424224084601
user_BAlIBIiG	0.03043268837514008	0.013763310655693589
user_BAlwxba4	0.06682086164422929	0.027485192956025924
user_BB0yDOLI	0.25770158438709684	0.006822263729019306
user_BBLRbgng	0.056962213571466455	0.022852795329929555
user_BBV1eRqk	0.01829825924608144	0.006834307624496498
user_BBmMfCmy	0.1285459163148055	0.05547444022003592
user_BC4ocWiC	0.04361214995135171	0.015004857747879503
user_BCjIpRLA	0.06006254126701993	0.018951178276353283
user_BDGsAtzW	0.027371439362781164	0.009990228900457369
user_BDIIwrUQ	0.7279379621107426	0.10563828056724332
user_BDTQnZvx	0.025938151765284675	0.009559291776950238
user_BDmqFoPl	0.7111808619848629	0.04435990674942772
user_BDptTjnQ	0.009880779264217033	0.0036090415145526105
user_BE02CgZb	0.039176972491504175	0.01308031477942161
user_BE96aHMs	0.09298055561771551	0.03238508651501774
user_BEZtfFtf	0.050570045225069055	0.017266212588507114
user_BFVdnFfo	0.29132998081341754	0.018703781629532127
user_BFirYtPr	0.21796948140078234	0.09276091764953762
user_BFowMv9Q	0.014987381824111811	0.005524598928672425
user_BGUHlElH	0.11798663768515572	0.0477062750142558
user_BGeGxYW2	0.040694025462221936	0.014714076764360094
user_BHBdCsyy	0.014266535139249775	0.005122729913908597
user_BHGKINLN	0.2558047523973353	0.007113219693647303
user_BI7TiJgj	0.02865590299742829	0.010041226469460344
user_BIDmPpQL	0.4666765884946534	0.017685259572060477
user_BIEZ79BG	0.09519123289252067	0.0324897598285841
user_BIZLpqWT	0.02937267191235489	0.012137411833002628
user_BJGwfXz0	0.2862062408849211	0.007979901235960374
user_BJJfKhWd	0.02297138988512888	0.00826906208552585
user_BJSLkLFC	0.06431311078331546	0.022355709978284677
user_BJUTdmM8	0.03632032942580948	0.012395726793466644
user_BJZLku4V	0.05324083994578663	0.01862799311201769
user_BJyikciR	0.014433615266462009	0.005279560938423184
user_BKAUiqp8	0.3170786707995306	0.015186561699107854
user_BKPpHo6E	0.06205406544094537	0.025322633816649197
user_BKeuVXVo	0.03719878093529514	0.013716332250686683
user_BLszDZV8	0.3844350295199982	0.015876555801379963
user_BM4JUKnF	0.04952462990004766	0.02058569502103115
user_BMUT5xLT	0.016280682350081788	0.005209595787135665
user_BMjCEDpG	0.04937980840722156	0.018541088163173677
user_BMrD3iyF	0.062005890721076685	0.025608599879623092
user_BOpRHeV4	0.02575795479539738	0.010616160954655495
user_BOvF3ieJ	0.039887912069205556	0.017431995119830533
user_BPMfPEKT	0.012866593383056369	0.0060157792295320095
user_BQDntjHx	0.03253414434601275	0.011595639317331959
user_BQmNhf8z	0.04567677846278228	0.019497206656608677
user_BQnkFQ0g	0.2479993210325771	0.10290547980109586
user_BRJaBuZL	0.40712323876545364	0.05196016998218591
user_BRZrKDtN	0.03358185380220939	0.01630459687265924
user_BSj5MIR8	0.0813440880377981	0.027894972048648114
user_BT2ztO5Z	0.014742787437792736	0.005041838128020639
user_BT5rc83J	0.06204148236306759	0.027555735814720466
user_BTBEd409	0.021458774274347593	0.009053999940363405
user_BTDXFVr4	0.07512771659400257	0.029116832483292585
user_BTKectAZ	0.09657331695180014	0.03707073199768888
user_BTR3N2Ww	0.005667929318852066	0.0021074996090935925
user_BTWx8DXO	0.028706108936514797	0.012430058815565024
user_BUOnfTj3	0.24344306388869819	0.007459941424712555
user_BUctHtzn	0.038070159975847014	0.016075298116318155
user_BUdLoQVx	0.33491069904152254	0.01390088350745357
user_BUm3Gji3	0.045164410310461214	0.016204894282535166
user_BVAFiuOc	0.050007316249194134	0.021246988815784632
user_BVNIOnLZ	0.017203464221775357	0.006333543503602286
user_BVRfeFL8	0.043636350152752225	0.0196826311970161
user_BW4Jdm2f	0.03568222618440128	0.01247916121426937
user_BWNoNIQE	0.0376167653539813	0.01519969363521703
user_BWRXc5Ne	0.5106225698305865	0.027166525691288215
user_BWUJdDI0	0.1037451963221154	0.0387592626602642
user_BWg1MBva	0.006738834016223855	0.0024375616750794455
user_BWquDAnP	0.07272133472773212	0.03184679448124167
user_BXgzrHpe	0.12168492675333602	0.04907041328324137
user_BXnFj30s	0.013834491858236792	0.005256474149431903
user_BaYbZnIp	0.07465093330090554	0.032393765542390734
user_BbbYaZSs	0.018002230430398183	0.007823621388060064
user_BbvlhP8m	0.43013100019955686	0.019819445379784126
user_BcBih472	0.027045789871919725	0.010900223337943115
user_BcS081ZO	0.02374896066025308	0.008891715703326676
user_BcUbN1wa	0.03355306316882672	0.01372459694405706
user_Bd5DypGN	0.05542116013100187	0.022195640533889425
user_BdIoFVQf	0.03815797794800759	0.013363740139644364
user_BdNzqFCf	0.25544521383580854	0.013598914184578977
user_BeMbYpaF	0.04451878311324773	0.017404822964856355
user_Beuez3ej	0.04830689738634565	0.02112093773768612
user_BevgWo7h	0.05252912929956703	0.02205141586720418
user_Bfny2mfj	0.1041705326542972	0.03248625561641226
user_BgVJchK2	0.16585606711832673	0.07022291246090712
user_BgXaqtCB	0.01304056057970851	0.004805360854455574
user_BgcH9fgt	0.045201917554011053	0.01842533103261392
user_BgoTp4Ts	0.036805011542549504	0.012982460340273162
user_BgwABdaV	0.08086886025614973	0.03871684821772921
user_BhTkXdZz	0.3467190166694988	0.013824474250613733
user_BhU5HcnB	0.04457164404307067	0.01644818426771333
user_BhoWsS49	0.5541777988275642	0.01969947393661017
user_Bi2njIwA	0.07397439619350053	0.026728243990521903
user_BilV0uzb	0.01731593253296141	0.007567530855604938
user_Bipp3qwZ	0.3458593934122898	0.016462072157476547
user_Bit0x1vB	0.04173584640470593	0.01595114239499283
user_BjIcVFKn	0.09725269412655405	0.03714922094055531
user_BjOzyWo1	0.10954013760345893	0.045804819148687004
user_BkKYzbsb	0.21638121953854633	0.09469048314380607
user_BkWm7uWf	0.011677109171405239	0.0044797334505549055
user_BlFhudev	0.02643901655224793	0.011257331280821717
user_BlH9TiAw	0.04973823005878156	0.016926219590928333
user_BlPbnYhX	0.0441719931366288	0.0185216846675955
user_BlbFAyHQ	0.04541298799780223	0.01522986568408728
user_BldeO1xR	0.05638673237689833	0.024904487928914212
user_BllHhfuH	0.0037140461865721834	0.0013606881340367202
user_BmBHcEUj	0.773362431935998	0.05170973009764225
user_BmEjTFga	0.4565927385374289	0.015200771295154333
user_BmoqUGBL	0.3724741384011961	0.02146698158798982
user_BmpMHhQh	0.2840840847266322	0.01327572624628841
user_BmyoPeY0	0.04343262895500536	0.018137387433135532
user_Bn13ssRD	0.03729259475601007	0.017652153127596232
user_Bn41RWoH	0.03122954993600223	0.011903941507153728
user_BnQvT9LH	0.07525336151361717	0.02871380778569257
user_BnnPP7gk	0.09610627419596382	0.03433286967107419
user_Bnsi44Zf	0.01652544925200561	0.006056522277816512
user_BnwR44Yv	0.052989584319796765	0.024811089141673764
user_Bo4ia8ig	0.09271469465422211	0.04439439615489792
user_Bo64RsId	0.06510203240182141	0.030241434359603424
user_BoQUzi4Z	0.3161332468754232	0.01689726496825492
user_BoS4ktKB	0.5300052217990592	0.04848052641589494
user_Bp2AwX1o	0.58808065656479	0.02210998358511467
user_Bp6SsJwq	0.04828684146059146	0.01980085649874481
user_BpGwSpLR	0.2764445392793598	0.11626501142933675
user_BpOG3jh2	0.15688701458357165	0.07041137108228201
user_BpmSb8V9	0.046337266268488914	0.01978563872992493
user_Bpo4Xgn3	0.051480790283334084	0.019386552973389808
user_Bq8r43ug	0.1191493974776009	0.040656735074662845
user_BqJPrEAL	0.03388148240106318	0.012345484145461237
user_BqNadupK	0.3437763620900621	0.16102462551288746
user_BqP8aVOr	0.1562750073493924	0.010113751203336267
user_BqSWcbjm	0.3914004545719029	0.016101040979706747
user_Br0A2bof	0.3005534451598525	0.014546665591903532
user_Br0hgqaR	0.16723484818450368	0.06269920596688783
user_Br8zT7QC	0.04890276890329347	0.020104619565662136
user_BrUieaf7	0.029742214187825862	0.012304920109629684
user_BrkjUvOM	0.04634702053559222	0.020882206959304317
user_Brz20mgW	0.03716041552114259	0.01305036604431372
user_Bs4Zbfom	0.017112857577444143	0.006214355128138822
user_BsDyw86I	0.053635576242916996	0.022879638280014308
user_BsWAbeKQ	0.0984550949076775	0.03790881407897868
user_BtSj4TLM	0.052883212969263	0.019068963762938613
user_BtcYRyhb	0.008942838343305472	0.003175131568034246
user_BtyRAmGs	0.12246028025011249	0.04689583264278973
user_Bu3rcQyC	0.06625777769596587	0.021026572526337627
user_BuFMPic7	0.04557213819821798	0.019251801937156164
user_Bv8tClNh	0.02918663063698269	0.01018467899132889
user_BwKXjUar	0.08615932236869737	0.024930407673461927
user_BwN4c8Wq	0.5511067581690949	0.04117550124310815
user_BwWohBSY	0.4772145276809993	0.029666087571951067
user_BxIljsDL	0.08007274900227669	0.03409704331564274
user_BxtXgTAc	0.024217002255953142	0.008748764852677546
user_Bz5dFYw2	0.04422674309272017	0.01774512711972229
user_BzeN0ruv	0.030802178098903753	0.012777108090098943
user_BzplSvSh	0.07035945386351258	0.02583218786716602
user_Bzs7TOP5	0.011395051171754489	0.0040507452256073415
user_C00gDRM5	0.03260375292293692	0.011819963991216173
user_C083gVjI	0.10223726898521494	0.04546894986430629
user_C0aLckkV	0.0759183096333823	0.029478536519462195
user_C0dz2uQN	0.0319636610036391	0.012794590422056015
user_C16rhxNT	0.04341482943112733	0.01716048777334106
user_C1BKeD07	0.03875717879165687	0.015022164564207149
user_C1K2ZFSS	0.059326811137883975	0.02719627571856279
user_C1NHQqp0	0.0604770157746864	0.02556382631652228
user_C1anjVJJ	0.15675609295861626	0.06487926042981405
user_C1bdNgew	0.05556111759471293	0.02388217827264503
user_C2g9GaaQ	0.05262336334242205	0.02047647259916023
user_C3HdFlsQ	0.013700725938612011	0.005011479001307647
user_C3qaXnAk	0.06098105151117657	0.027874010781901572
user_C4f2nRIR	0.04263350294670352	0.018579116414833938
user_C4gVMdgh	0.02851142037041185	0.010836103019866206
user_C4uBpAf9	0.08376370952739039	0.029500056079125897
user_C54cHXxg	0.035961765506026595	0.0126124564523466
user_C5FDrSMh	0.8552156229051233	0.042691816902069336
user_C5Mo7bOo	0.1077948201633947	0.041538950915106926
user_C5Vi0cSV	0.0956103950569517	0.03799571614500048
user_C5t6rl8z	0.45812921398421447	0.014276991900053606
user_C687qehD	0.013906558177901374	0.004820480826007901
user_C6VKbKcp	0.057867448899670874	0.022315768001459166
user_C6pHSYPY	0.10501900175563954	0.03892830550500622
user_C6uwtIYE	0.07272105391387879	0.033280345604879476
user_C72gOoo2	0.9828051425631616	0.09338149971434674
user_C77fMzx7	0.03901516852510756	0.016028097691620776
user_C8Oid3CW	0.025198501770808054	0.008954584531459689
user_C8ikU4uh	0.05528493019790794	0.022671466405228352
user_C8xynwA8	0.0280246822844665	0.009731295100523061
user_C99Q39uD	0.022373254707320208	0.009655392565085326
user_C9YlaUEu	0.47583484316734226	0.17813403983338855
user_C9gKJ1ur	1.312727986678391	0.03693065119229324
user_C9q78CoA	0.10783038772711317	0.041695230031426035
user_C9ueHyDf	0.05686680066004321	0.023807065753633297
user_C9v5UGVD	0.008385828861664994	0.0030450188504533063
user_CA9ctRas	0.033690836728539425	0.012397767511982466
user_CAGWoudy	0.052474786736208284	0.021742131678298512
user_CBI86epB	0.028124567418311118	0.012665272209863939
user_CBXkPlso	0.35303166902821737	0.02480428963278268
user_CBjKDwdj	0.5079006585214761	0.024344943288960204
user_CBqdFrAi	0.027601290973446938	0.012768174469383374
user_CCGMSBY4	0.1554679448402454	0.05377018389079483
user_CDZmtNow	0.2734729437665775	0.016907113729072266
user_CDjtA9ba	0.04992636412691205	0.021664186712723254
user_CDsEOEl0	0.058686954235981456	0.021659959675481257
user_CDvGKtUP	0.04539403981163784	0.015297605563290666
user_CE0jV6Z5	0.005538133230547774	0.0020582322668328676
user_CEAbijkq	0.08061718918472516	0.027874213238141564
user_CEcZiRW1	0.028688983928242755	0.010238386271904073
user_CEvOrmzj	0.1112481138294576	0.047046526592335616
user_CF02BcTr	0.05396942458086402	0.02023732756901389
user_CF8ao0fX	0.2905820225033455	0.01587648853321965
user_CFelG5YW	0.052359257714427836	0.017701233216502393
user_CFh2FJRO	0.24499573739659053	0.009791399362452451
user_CGoqnLyM	1.0073913918049167	0.03955092260141044
user_CHaC84jx	0.13823720013891588	0.04581659829045798
user_CHyYk6Cj	0.2272914369246614	0.10243375611504993
user_CIFfWadK	0.3623243920808752	0.021500236002878606
user_CISuXySH	0.01086319194739626	0.003959498035729753
user_CIlM2izM	0.07940682711827828	0.03295916553853462
user_CJ5zi92q	0.05116377058109133	0.01968967545043302
user_CKLf8VoH	0.03614192467455232	0.014083840382162673
user_CL4sTMKv	0.05513793410431954	0.02217758596852388
user_CLXtVQJb	0.03756322710702922	0.016531314509997886
user_CMH40649	0.06713783138044217	0.02585930861754811
user_CMIS6jVV	0.004628091473184381	0.0016197625462993752
user_CMd0Wl1U	0.12892344568365638	0.04420006829260756
user_CMpzp99Y	0.4331777454663517	0.1885115334782102
user_CMvxLsFn	0.09090703929265626	0.03716300816060763
user_CMxLfFkZ	0.09232994078901917	0.041053428052501055
user_CNySMuM3	0.03137073375227785	0.01274964659699484
user_CONm9Thv	0.18853304862185963	0.07887754425292993
user_COrZnRqV	0.037244172594903396	0.013784405687662276
user_COyUt2IK	0.179143411442771	0.0763702932639007
user_COyy0k7O	0.03979451058115817	0.01315869358566329
user_CP46n0ju	0.11884751294305981	0.056621412873308755
user_CP5BNoLK	0.015393261066889631	0.005485091385640919
user_CPBQHeS5	0.09016166997618004	0.04167235065833103
user_CPJpJHfF	0.4164539669211643	0.023066248110395562
user_CPKCWQQh	0.6386869559907148	0.05809074415630678
user_CPKacCMO	0.042253244631212585	0.01365774590939941
user_CPUYo5Ve	0.07113119748061296	0.022456620518052254
user_CPXPM6fS	0.2891966220917186	0.019849446933072935
user_CPYVOEFe	0.03867669304436528	0.01326293756508492
user_CQWvMJE3	0.009676938529112097	0.003545012233829947
user_CRVhBMDR	0.048143875038856074	0.019558449312928106
user_CS7hjmka	0.04631574877152105	0.016232372040261737
user_CSV6Ty36	0.07254135486453211	0.027177151686291024
user_CSd61r0K	0.6512217100493183	0.029820524336191395
user_CSrzUUTV	0.018137965579850195	0.006622688890588256
user_CTCzJf2S	0.0219065039163958	0.009509299209778046
user_CTP17YmO	0.011790966421063274	0.0056348573411043055
user_CTSoUokG	0.007217166607656242	0.00256003361103408
user_CTYWmbUO	0.01658386177784617	0.0057833563112527015
user_CU4uhh6V	0.05624556910504643	0.02075873029532575
user_CVBhozjR	0.05955960862610849	0.01725073809674592
user_CVaSE3oP	0.07404788732062337	0.027519934246653686
user_CWGqcBcS	0.020083818572512107	0.0070975660456271475
user_CWZJoQCR	0.15082090811135024	0.05602863868136153
user_CXMLK7Xb	0.016458148363985153	0.005927242627659707
user_CXZb3BTo	0.04707618995139912	0.01991852394923147
user_CXgQf3kp	0.3277583154706268	0.014987391305499387
user_CXkJHHY6	0.046943253821413886	0.02129461914499383
user_CXmTAUoC	0.12113854232114957	0.041316942884644284
user_CXsHJji1	0.020412891881664647	0.007743123741842402
user_CXuzO3TF	0.06868490328793293	0.02410916007626097
user_CXwBHDRp	0.04517872075601895	0.016817181312380216
user_CYGixHMK	0.046182487489586074	0.01751688686533886
user_CYLGfnEZ	0.012659870672309552	0.004570298700015395
user_CYT1cgnL	0.36264105138349584	0.030429629774030086
user_CYUSqGRc	0.0031437900025101436	0.0011383467706102327
user_CYVCgGuJ	0.057889200701683005	0.023828920716488514
user_CYsZIIar	0.01805907244676229	0.0062245502123913395
user_CZ4OyH57	0.4774072115484261	0.04045746975320411
user_CZQsYWu9	0.52777133896986	0.022925821859262827
user_CZlMWPjr	0.1389932756110479	0.06431248918549134
user_Cb5GFSvC	0.03346487186136264	0.014793149142298623
user_CblMB4Ha	0.007828311820964069	0.0027661910539855117
user_Cbmd1GTg	0.02729974970646086	0.01254196916996114
user_CcTZ9wOH	0.03330825517715498	0.01195909627069732
user_CcYzKUsh	0.9605295983537944	0.04619100359270197
user_Ccxab1If	0.6674670783047295	0.04051548748457388
user_Cd221iLQ	0.026678527706152713	0.008801239668878526
user_Cd8YITzh	0.08508788710954564	0.029190682983970123
user_CdHcm84N	0.06894585177170107	0.02824538631945157
user_CdmNEfvN	0.027816746254382015	0.010340999249625712
user_Ce4OgY7I	0.005257629280512245	0.001969464217571163
user_Cej0TJXj	0.05268280675322613	0.0192196653140292
user_CfDIejYO	0.027768932222599713	0.009304373400141652
user_CfRbdX8u	0.040057763768539714	0.01636349527728826
user_Cfiv0wgL	0.038884248920720205	0.013734800756672718
user_Cg17Agdj	0.03690613621916736	0.015160887262540687
user_Cg4y2z9L	0.6298268304966056	0.042555073303004176
user_CgECxO7d	0.3297226499709382	0.017807699220669538
user_CgH99dZo	0.061874872858704154	0.02662699847633844
user_CgQUPaWC	0.06780094496952911	0.023161793474104974
user_CgRtAdN4	0.045713890079616244	0.016937489853253482
user_CgwVvthQ	0.0674489890713306	0.02680017166040967
user_Ch1JRTfY	0.4079672573195535	0.16853867522382857
user_Ch5HyW8P	0.004939949024665933	0.0017322555985367686
user_Ch9raih8	0.3487834969030264	0.019186907469224992
user_ChBQrPyG	0.04412538204409869	0.016391514205698385
user_Chlah1uq	0.05849783435376063	0.02354578462059446
user_Ci0gE9Gl	0.04534667920138165	0.014996677532939639
user_Ci60a2sV	0.12605233131197757	0.04717185234238097
user_Ci8Ybeu7	0.07955373291502603	0.03362655858796687
user_CiXkCe5G	0.14851616947069576	0.06448629534900555
user_CimMO7hq	0.16630305148853547	0.06758287894712217
user_Cinlq0Ij	0.028922534318258798	0.011665714375598074
user_CisPlBh9	0.04274550314017892	0.018413238126306474
user_CiyfdGqr	0.06268259199993959	0.023544850420170075
user_Cj8KIjHd	0.0380480409121038	0.016616984311852018
user_CjA9Qi0t	0.05555252494091255	0.020806631223745882
user_CjAtv1cO	0.07003845763895372	0.030914396691759424
user_CjeqPR4f	0.026062669033794977	0.00892858537532825
user_CjhlLNST	0.39990781028039735	0.02610505156028323
user_CjsLLIJp	0.10220034381814036	0.039710874901704656
user_Ck5iHASt	0.16843447313111945	0.06586412542056082
user_CkG9HsWO	0.0340502713495994	0.013700405207253153
user_CkRiFM15	0.06129133952232922	0.025477854834126703
user_CkVSPp46	0.34061626837554	0.025324709153944126
user_CkYkWr1Z	0.01975984507216084	0.007084987625619312
user_ClZksYZk	0.3946624643184238	0.01960898960681646
user_Cll6hHHj	0.13782438508376904	0.058233224369122774
user_CmIBw9de	0.04939105958991098	0.021978325560779974
user_CmTctYpP	0.043536191570723984	0.014880487117037057
user_CmbPjqPH	0.43937820846666553	0.05777082990341244
user_CmhkaLCQ	0.022878303986970137	0.008651523554731429
user_Cmkl3AqE	1.3253541373385895	0.05256178908762983
user_CmqWMmp8	0.7074066333130092	0.050688360640222654
user_CnBapJlR	0.03088960890889801	0.011238212458619355
user_CnHupoRd	0.08675051908647549	0.03444845082543604
user_CnY1JNCY	0.0786452689697697	0.033211315055735983
user_Cnh0u8yn	0.09035671625336436	0.03313932192409864
user_CnpbAs91	0.05300170010588231	0.019893347699879865
user_CnxJ81To	0.07266207140900688	0.026629969159374555
user_CnzRtA1p	0.08978524863980927	0.024418202472177485
user_Co1CTP3e	0.06313100997740452	0.02334297716701748
user_CoL0VrzO	0.06381455071351771	0.027021139188509135
user_Coc3yKcQ	0.04388529796427688	0.016527114178181476
user_CodBySOs	0.08285714007552615	0.03043231969022171
user_Coe7oYKk	0.03434032808341221	0.011711520796294988
user_CojUwdBR	0.14652935455029406	0.05468498765252095
user_Coopadlm	0.06008191313582782	0.023117067461419744
user_Cp5EFFmO	0.2561276850678746	0.014798596825611297
user_CpLU9beU	0.03820508008066973	0.014463967565100596
user_CpVcKfV8	0.03344309218390675	0.01352124653266578
user_CpZ5XDK6	0.012524087281399605	0.005905900107435293
user_Cq4E2541	0.06149435356504181	0.02262938237464785
user_Cq51Joot	0.49829793596870864	0.0207739302698638
user_CqXZfXJ8	0.023356552767157118	0.007995873297335724
user_CqY4H1lb	0.011019080573465317	0.004504216713648633
user_Cr7E4tvc	0.11775278316838743	0.03827906928208224
user_CrN0nT4g	0.036356931869823	0.013067899206309984
user_CrR3HuXy	0.0894872107467623	0.032961854157377464
user_CrVYrVye	0.05713816155277953	0.020348914062555692
user_Crb6bC9J	0.08712827246921802	0.036681274544206645
user_CrivaBV6	0.06699541994923819	0.025190589336441485
user_CruroyRv	0.04922819197345032	0.018555864904015913
user_CrziGyvQ	0.10370040269897052	0.0498689953477969
user_CsYAeyKm	0.11858002888846092	0.04656382612902504
user_Ctu00bEe	0.23209309243509463	0.09820852326582977
user_CuAgqgaA	0.08617589873133566	0.03505870187852171
user_CuFjXUvs	0.06219208218206164	0.018492621048754227
user_CuLKpSZU	0.33113707199493536	0.015100353547054789
user_Cuex2E4s	0.0827104540896993	0.029206021127065107
user_CunNwh8q	0.024368922883160477	0.01043362449174784
user_Cv6BbyRg	0.04927015960100527	0.02021385615219465
user_CvflBeZ1	0.04419479911311422	0.017536593688316456
user_CvlIfUhI	0.010060337522934754	0.003814618229224627
user_CvlxE4aO	0.03169579995466444	0.011804385238355081
user_Cw1vT8Ow	0.09111558746270132	0.03531008131673026
user_CwFwEKAp	0.011708732205470338	0.004077174847842121
user_CwSbapS6	0.04027182626604648	0.0176764410330398
user_CwbDvL73	0.04519829549194057	0.01853043828126468
user_CyIziCGP	0.040894981563959695	0.013600435452813121
user_CyngGDsM	0.06905380212221554	0.028555881010192408
user_Cz3j3L1G	0.030411445091655206	0.010627281799016924
user_CzQy6wTm	0.0511904501341569	0.01733331323712671
user_CzggCkfW	0.16212131442529681	0.05926950051050031
user_CziXqfXt	0.07521607089592043	0.02953871516149837
user_CzjxNzmF	0.05773019570416323	0.02351130638534179
user_CzwjSSx6	0.028167923076672506	0.011196543013585285
user_D00S1Rqy	0.04627969051682715	0.01795745153923767
user_D06zbpWF	0.0170180554274333	0.007424704218562756
user_D0AkYXlZ	0.06605485819353978	0.024524220262951996
user_D12KRmtD	0.03005840882371428	0.012140103484812426
user_D1q0DGE3	0.06243550216586513	0.025289978560853046
user_D1wNy2VU	1.0242200428644428	0.09476190537967417
user_D2ELf0jl	0.9301714445291878	0.03327549201898589
user_D2FxepLE	0.040147427350129564	0.016544272967807624
user_D2Gf5vA2	0.11591309850473773	0.05229454808081376
user_D2OgSZfl	0.07151174868287692	0.028200206804580207
user_D2fwYJ9J	0.05400078111535807	0.02498468991986454
user_D30IJP4K	0.6719740937137803	0.04074591728177235
user_D337yMos	0.03333296222287181	0.014681064162198363
user_D36K6LKy	0.0234526028782188	0.008378367059713775
user_D3GYoeuQ	0.4009623116042935	0.04639423035139356
user_D3HoD69Z	0.028915534437334828	0.010328471769762367
user_D3KIGHrW	0.3689319655516875	0.04238704753473131
user_D3SeZRVk	0.024169249641122575	0.010032580514921743
user_D3aPbbaP	0.32282953681106585	0.029174453049445333
user_D3zdwkc9	0.04343595107969099	0.015891213584331855
user_D47M253i	0.023336726331123513	0.009928113552834628
user_D4EGgQqd	0.028306223076811972	0.011456374019280607
user_D4EPSC41	0.3762452579516942	0.03329497876277128
user_D4KPKqj1	0.02000302749122978	0.008758365505583518
user_D4f3Zd5N	0.2789565681850653	0.010177267354546164
user_D4oiV3KO	0.3041509820036883	0.028773844710923098
user_D56uQH7M	0.038505402966940064	0.01357153985416964
user_D5TXRV3T	0.08683908428418019	0.03466559577870278
user_D5ZB3iHJ	0.3510894552245475	0.011611189909733406
user_D5i8SEJM	0.07669865665980982	0.0291471223968884
user_D5ojXHyt	0.04598768455392861	0.016625027313312408
user_D5x1YS3g	0.01836596764816166	0.006258684317416535
user_D6Gt6zYw	0.07364141967165388	0.029537109905398966
user_D6xAMuG2	0.04833048625558171	0.019894440307299942
user_D714MdIb	0.008883200218346113	0.0033912422500647827
user_D72u8Im4	0.04136809833109033	0.016645920198265187
user_D74cXO2N	0.07221056232301602	0.027566163082347255
user_D77XeMmW	0.03275072901709972	0.012220240481984234
user_D79BPwXe	0.02996940366685237	0.011000825895321947
user_D7pVGxBf	0.24350431080837867	0.007487237021053952
user_D8BmMMZ7	0.08641652114981635	0.029545185241532396
user_D8Fu6331	0.05205163290959022	0.019019418150088313
user_D8N0CnRM	0.09879476766444184	0.03594487001241096
user_D8lYiKsJ	0.122338299309652	0.053873601517086256
user_D8r7w3y4	0.33675828819221926	0.011748567917586212
user_D91qdxTl	0.06164546936993248	0.02154253639887221
user_D9Bz4bZ9	0.022898966703222896	0.011047179770760512
user_D9ezcRcK	0.33207595540805085	0.00994325483569003
user_DAUBiIK0	0.03015888525099259	0.011484770086903049
user_DAdrAYkN	0.1458666062065696	0.05565742378337188
user_DAjF30Hz	0.0390548184315459	0.01338480321555852
user_DBXGchTx	0.0459324334644502	0.016694480669942783
user_DBlLGFki	0.04611846254543502	0.016593000085359386
user_DBvQn1Xm	0.020461355064306873	0.007273819750731114
user_DByARbrW	0.08399251098712927	0.03349500043066708
user_DByQ54HF	0.0235374962904151	0.008101372797412009
user_DCN6np5Y	0.01858844229836592	0.008117739468951104
user_DCP9NBYS	0.028577930317867244	0.010109158134275438
user_DCa1zPTo	0.021023037692623568	0.0075796722242756145
user_DD4SttgW	0.21156801386280494	0.08228280429990285
user_DDHaWhcs	0.1476637948476489	0.06497689019887161
user_DDY8SLqE	0.1275693260156476	0.05421983065587772
user_DDa4sovh	0.16347972869369817	0.06053246073935188
user_DDgxtvVE	0.03360077709692952	0.01221126162594487
user_DDiXVfK4	0.028446255550381078	0.010585828352709338
user_DELB7Vkh	0.27121237397420717	0.10706195696137465
user_DELRnjKe	0.034983413435593705	0.01356805318689575
user_DEjmXHsc	0.1130001554806085	0.050254300799895256
user_DEyUiPf8	0.10864426252781756	0.037718341290703214
user_DFBvsZYe	0.27688637319989684	0.019568721996219857
user_DFDCt5gn	0.06609338153303587	0.029253380236925235
user_DFWBKonK	0.020119287813162988	0.007351167838807196
user_DFdFP69E	0.10506604107216429	0.047583695337049675
user_DFdO10me	0.06871704436936633	0.02536932138880741
user_DFxI2u18	0.016039653395206174	0.005955219432505474
user_DGF28gZT	0.016083575152870337	0.005799014367705879
user_DGYul7nF	0.4969977115563776	0.019958308537130497
user_DGjji4sd	0.015613243492593035	0.0055511709345630305
user_DGsvvwUW	0.07581616278168143	0.02355671280446137
user_DGx6VZQw	0.05754112371611829	0.021290443931374137
user_DHDvEPIJ	0.05983730886122782	0.02049428510510482
user_DHZEY3BB	0.408602212347022	0.01000764952039709
user_DHb12owC	0.10220568805936192	0.04926819437320351
user_DI8KM9oI	0.09281656861136589	0.033672677782085395
user_DIFppec8	0.09310586078440154	0.03476603993299259
user_DIyOrZnN	0.010373895537609028	0.0037601241168839393
user_DJBhDt2b	0.23535624365799349	0.005455994754158796
user_DJY6PrXl	0.03564954813267995	0.012555453790932007
user_DJZVPeF3	0.08530489496975172	0.03997440340902706
user_DKKLiUmW	0.01439674151810933	0.00656668510189199
user_DKRRpj78	0.028675600747649178	0.011911598058036517
user_DKYL9Zhn	0.0656398726074038	0.028327502268326504
user_DLCzBVFg	0.16967397401923695	0.06924553571904238
user_DLExkuYC	0.04227331830408295	0.015842424980747425
user_DLU7Q1wv	0.05761865221295776	0.02592786627868346
user_DLnwRt07	0.06127896431826626	0.02324151740987125
user_DLtxTXYl	0.40610514718146995	0.033305574338106055
user_DLyThndt	0.027766451031400553	0.00945244377844874
user_DMOtIofC	0.04762391357323905	0.018038186395829475
user_DMX1fiWR	0.06414257286210284	0.023779064599014375
user_DMcqP53V	0.051055760343787476	0.020109559801230303
user_DMlCh6xx	0.02866140300047977	0.011742183340080467
user_DMyJxzY7	0.18016540953753363	0.07107792928711516
user_DNOpBrKm	0.03868569804822654	0.013234950221984142
user_DNPWBT1S	0.05064307619129749	0.018032495055940845
user_DNQsbb47	0.2836135167318019	0.009395401481012691
user_DNYGbkGV	0.011452532938379147	0.0042185464887294225
user_DNb3whjv	0.021247511856848235	0.009011298791133228
user_DNjUODAJ	0.4535364562723975	0.05156441737651996
user_DNtKUMcZ	0.09426877384154814	0.03690988681028973
user_DO2wZDQP	0.058037423974280335	0.023036772304652883
user_DO646lx9	0.02239281378779226	0.007745508217426439
user_DO7Bnmc3	0.46324233705867873	0.024081125660549662
user_DO8xOfFt	0.2967280472744029	0.011775566089800639
user_DOGNXR2p	0.06094143709659799	0.022672471034158283
user_DOpl8eWU	0.04412004249104498	0.01865982077551925
user_DP9tPcrw	0.02232914074192033	0.007854118512439084
user_DPNBlNUH	0.0782848992214418	0.032369639042537146
user_DPPJhjMo	0.057680827295048503	0.018952366086444204
user_DPoruIRU	0.025748507688556806	0.008549602735474216
user_DQKfnFqV	1.8225311277411818	0.6619946944791059
user_DQYlCwH1	0.36433637275762354	0.013955414400615745
user_DQfLutnH	0.035542787076276436	0.01339986859001228
user_DR7htq2B	0.09245871842901868	0.04011161649580157
user_DRZ1CD8W	0.029276581042306966	0.01100909215732975
user_DRvVK3Ds	0.02339870453642704	0.00972655434744734
user_DRzYfnTd	0.024587845362635877	0.010148477285652031
user_DSKSIsIh	0.08508688955486962	0.03408303736640168
user_DSZU2CcN	0.15241273757040677	0.05995927743788684
user_DSm3HdUa	0.08862757549462577	0.02865430336790772
user_DSyguozN	0.05228630338626831	0.022188144160183106
user_DSzbOJEF	0.00945207760126169	0.0033545535531161242
user_DT9xaTg8	0.011704908250036814	0.004192221113150937
user_DTOKbyCd	0.053015118258455396	0.01951692054828721
user_DTf6r3K8	0.3519116038400523	0.01969261633574316
user_DTo96wKu	0.02038715725760988	0.008813245779316867
user_DTyRnfri	0.02306153820224336	0.009951164688667562
user_DTzwGdPV	0.04537858060837446	0.01693761658497467
user_DU5w51hW	0.4285466680146567	0.01672765933611442
user_DUBrTcxZ	0.06833801560164247	0.026406141096797602
user_DUQVE2dj	0.0889715642638387	0.033340153306583076
user_DUZF9wmV	0.0648648214607269	0.025659147668722272
user_DUg1V61Y	0.025489542844374612	0.009075065499866997
user_DVRPTHA3	0.044883803699947114	0.016685384243751985
user_DVYVf0fQ	0.032094915927484785	0.01227647277679036
user_DVfWcfCM	0.045020587643351644	0.020416598729293415
user_DVr2HxRn	0.0855392855624236	0.03950166338117683
user_DWv8aPUR	0.1162260264318278	0.05556402588588706
user_DWzGQND4	0.41356912744311514	0.02094257509718457
user_DX3dmvfY	0.08396316196974148	0.0400602235448327
user_DXOlgZXS	0.03579777416306757	0.013804730051951649
user_DY0UnNHn	0.05085070416613449	0.021523018834257734
user_DYTyN9qL	0.04738275041973768	0.018529845504837116
user_DYlV0SQ6	0.06274206161863996	0.023052024776269133
user_DZCs9ARN	0.3701148154593331	0.020248506853692796
user_DZelnWzj	0.04329383376945174	0.01627076727060568
user_DZi8vBQU	0.016991787056280162	0.007435167373119312
user_DZzynKZE	0.035070314263102385	0.012234524420296126
user_DbIsA3OV	0.01877725499894664	0.008246601001712412
user_DbNbisDC	0.05818723914751255	0.023146423896950697
user_DbWMaJ8k	0.19636061856942408	0.08922569438436169
user_Dbt10vuN	0.19256005334722032	0.08664345592538944
user_Dbu7Vly1	0.006841791765656123	0.0024261863359364925
user_DcVeQr3N	0.07888567404962213	0.02614363690181414
user_Dcojuh7V	0.032990216630540595	0.012864771581297313
user_DctDXwh1	0.618356165084762	0.2808612077959043
user_DdIMbE17	0.04111721226853153	0.017930501399435275
user_DdQvSk63	0.02639956516079134	0.010248512432249344
user_De0WDMqv	0.1616743302604295	0.060429594681296835
user_DeZk4vtv	0.029688931255522782	0.010416054355464723
user_DewJlXLD	0.10146751284287059	0.03566319274842151
user_Df1wmlNY	0.01877599325358632	0.006987690068199963
user_Df6Vipg0	1.6497340395040627	0.0643074077861602
user_DfKk2Q3f	0.11706890600985237	0.04011323439523387
user_DfqHsVRM	0.056046670790596595	0.023108982996761108
user_DftoKrlb	0.046885589922999564	0.01871599335386718
user_Dg2jkwsf	0.05738929565399445	0.02439995488122672
user_DgJJDmLD	0.017264729552815605	0.007653310805967061
user_Dgm0kmQQ	0.04752441330629894	0.0212367303909809
user_DhMlMkWa	0.05551634194721822	0.0171359444918606
user_DhWDxujR	0.06159859042520627	0.024019891233289466
user_DhrZVJ0E	0.07151222564615686	0.02693685905884113
user_Dhw3nfmn	0.006758596729231424	0.0024077969545291795
user_DiAreHSN	0.03623779702830124	0.015729679049671652
user_DiVMEw76	0.3975880268126029	0.02036107129978921
user_Diada5Er	0.07935297718318844	0.024327872083642753
user_Didhagmo	0.7579837744127762	0.036955951873448856
user_DisP39qO	0.06314985609800883	0.02143574239779218
user_DixCM4VD	0.49827081702744097	0.027193231584418873
user_DjVezYsF	0.0362243456110496	0.011593525681923733
user_DjX1g3Rd	0.07345808720298241	0.028000863816530244
user_DjcDbINW	0.08258452353085596	0.031167016366202997
user_DkNrPWuG	0.3911218023332088	0.021383423679165972
user_DkkSU0z0	0.009068329757411606	0.003562152041033195
user_Dl5ABpiY	0.06881887110589208	0.028559375044101613
user_Dl7pjgFc	0.0204913369386892	0.008781256907653228
user_DlDY7nN6	0.07852341569721477	0.03250097132654866
user_DlMMaRBq	0.11542064504425126	0.0517650938572384
user_DlNWhR4O	0.02623122547361058	0.009545625206498716
user_DlUBAHG3	0.541912705438754	0.021561235511803833
user_DlZDkYAQ	0.04959419862079975	0.019346873428235267
user_DmK9pWkk	0.03535440897738267	0.011978768976379613
user_DmKeib2z	0.0575011208314605	0.0236978015851617
user_DmKsy760	0.03555140353385551	0.012491456381757117
user_DmVlOTL8	0.9416085396837063	0.40491748189521676
user_DnSdlvoG	0.10801656354625361	0.040761004221522
user_DnXHITas	0.057115264059907675	0.024037969287864315
user_Do8pWqJj	0.0187446301273076	0.007245395106090231
user_Do96K9da	0.1762104763129153	0.06691966983836223
user_DoD4TzS4	0.03532124659442855	0.014285290368409797
user_Dot5MKCy	0.0813869427758889	0.03276010626317555
user_DqIBhMZG	0.06176161455232736	0.02306689909306522
user_Dr9TZNiw	0.06624644050722532	0.02730360625815175
user_DrFbpKXg	0.1898246369852769	0.07517904075330128
user_DsE1fB8f	0.10996568528421749	0.04181131460389197
user_DsWlDcMJ	0.22457073509308623	0.06447902385964521
user_DsYc7I96	0.0890094357405062	0.03028657403242011
user_DswjS709	0.0845576450057755	0.029782599510866332
user_Dteggawm	0.05653966635299133	0.020507769061772138
user_DtnuhJKC	0.13065919293078693	0.04575145928290105
user_DtqIVvBR	0.13389049475470866	0.058396474442535685
user_Dtwug3Ka	0.043794121497182155	0.015823914773204252
user_DuCuhxoT	0.03839560766766954	0.015294349847072532
user_DuWkUJME	0.4366875048312783	0.02612999613388175
user_Dub5lDU9	1.1132651901300294	0.06595415652011027
user_DvS8GnQJ	0.1499352244108157	0.05784803294058381
user_Dvu8F5c5	0.03886841679772954	0.013904219093391056
user_Dvutovkr	0.0719672055633874	0.03046194249222298
user_DvwicF0H	0.6897668977978783	0.03572924289393066
user_DxBhj5AH	0.09643429778785055	0.03902248849354605
user_DxGMoma7	0.22852333510690181	0.015574393205908161
user_DxGoNFSd	0.06156554411233858	0.021283905183026534
user_DxXZcipH	0.052526864887261875	0.01883302980732916
user_DxmuQoTN	0.009954159936058759	0.0033593804271231584
user_DyDLzmWF	0.07800119844684926	0.03191290172701508
user_DyHBors2	0.273465977978487	0.12069768401378611
user_DyUHhnV1	0.03265104931467454	0.01263988546972697
user_DyWYkLlB	0.03046547649276074	0.010677776317587618
user_Dya5q7c3	0.04522163262441323	0.016637812024856896
user_DzBG9gPj	0.022218030908763807	0.009544140838699542
user_DzQ9tbrk	0.0854967039734447	0.041928995101484484
user_DzRawG20	0.05464284276557993	0.0184943405429283
user_DzYuhG3s	0.30717811212195345	0.021702473892985703
user_E00fxLUX	0.0326097743841629	0.012519190516214456
user_E06DnVSy	0.7288089364593531	0.058905223450015996
user_E0LyDfh4	0.0176651430595294	0.007665648786823589
user_E0lh4tsO	0.11875632047297961	0.03640161547028401
user_E12yOQdd	0.027764282399975266	0.012732166193591282
user_E1TbBKcJ	0.02747652340241863	0.009709873519133274
user_E1aALPDK	0.44041929757734455	0.01724115433897158
user_E1yre12c	0.0332609895278584	0.013246280784958906
user_E26I6knI	0.011175954836861159	0.003966048690485589
user_E2Aj0t4C	0.34222399464872866	0.01190086940518565
user_E2lwQZM0	0.3644078103209891	0.021587171153231787
user_E2qQaLKc	0.08789303944232627	0.036439254339692084
user_E3EhIIVo	0.06588647349414384	0.02825890365624644
user_E4Em76rx	1.0307508767196771	0.07786386440108511
user_E4x9RUqL	0.0298699734355099	0.012353077173405135
user_E5m4GPpo	0.05768143125515811	0.020004091139457034
user_E5zrHkoe	0.02860603656337435	0.010680582245772348
user_E6L2ru7l	0.1180640053721842	0.05429237421279413
user_E6RvTdhh	0.11113999552146715	0.048372758600053446
user_E73QDRqP	0.03889544323105208	0.015360148821792968
user_E7qoBHMi	0.04120915308423785	0.017087572995513837
user_E8AxwpMZ	0.07402824228682706	0.02795026635477185
user_E8XC9UfP	0.05591303638167851	0.021627847862066837
user_E8a73yxD	0.05074027522169233	0.01639550964423215
user_E8nFQbcs	0.02805790548507639	0.011377975225410387
user_E8o8RZyM	0.11512617042485392	0.049246696829141845
user_E8uZOGI4	0.6119886094150015	0.02840859573380541
user_EABOGW3d	0.04542719251260509	0.01586090796999475
user_EAN7WDcs	0.0165408542390932	0.007306165777068161
user_EATbSr7D	0.1291420640462348	0.05123536683160954
user_EAYjFFdb	0.04892026334196305	0.019677089832767888
user_EAfi00zn	0.017735346313049096	0.00632894568960323
user_EBBugyCu	0.04180779878493424	0.01663680537690854
user_EBF5ZOBs	0.05807982597227517	0.02317670133840716
user_EBjXrgfY	0.29685302191126983	0.01526122904859965
user_ECHn7BDV	0.4708147927859569	0.03649126127831596
user_ECIEH9C0	0.014704552152457393	0.0052529073941869515
user_ECVmZF0s	0.03375520863549291	0.01296790250942543
user_ECXqpyCq	0.05360746406630041	0.021826636650364682
user_ECpW4JCs	0.12108439280399927	0.04679807103089925
user_ECuC0yEB	0.04532262766886932	0.02062766769416106
user_EDgXDwlg	0.016541330746565372	0.005708989721564425
user_EDiT5LUl	0.2520738425245437	0.026887746904982218
user_EE1LGc5q	0.06558732337122752	0.021262564436653374
user_EEYllWrs	0.038045953917790934	0.015637125932626728
user_EExSWuNQ	0.07450824397398079	0.03131999319345767
user_EFJa31i7	0.10881339164650475	0.04612404131073915
user_EFmJa5V4	0.3220249312834529	0.015541152245349663
user_EGASoqyf	0.07214313918035295	0.02975076012616505
user_EGUiC1b1	0.017631966637959524	0.007854645839013808
user_EGrdxrY0	0.09601815669301215	0.03974625597699158
user_EIRqff30	0.04332625468692892	0.01837893462986727
user_EInmdxOa	0.2033775982791824	0.08595202374027731
user_EJ4brruy	0.030140230200467442	0.01355608560416775
user_EJDkzfz4	0.03084925787341769	0.011779355609590824
user_EJL0S3Oy	0.0017955804201598632	0.0006511349010509118
user_EJOYS5Ag	0.03318562645426046	0.011401295468767695
user_EJQgsx2u	0.17686998651462782	0.0822902567826804
user_EJkhIZA1	0.0318806759967207	0.012813934441319263
user_EJyupnNu	0.03245897416070037	0.01075775274835769
user_EK7IhG5C	0.10211163739181071	0.04922294472464502
user_EKDjRby7	0.05029167034955824	0.018332605514797935
user_EKZ3UUd4	0.0433199340274942	0.017619771853184772
user_EKoz8shs	0.3700174631710809	0.018778733815414964
user_EKtW7ZBq	0.01619933125255976	0.005993577760718673
user_EKzbRb7c	0.3442633161982966	0.02133179078025012
user_EL9rohkv	0.2842357419371741	0.011026053234203694
user_ELE02OA7	0.004662538373780436	0.0017012636891021414
user_ELqH937O	0.009289262682721337	0.003472073525012573
user_EMHkiMcV	0.11603955679675505	0.04919195548725859
user_EMXan71Q	0.050138021351631604	0.02223053393228135
user_EMiINLWt	0.026832030126847754	0.010440340826326779
user_EMpjyycO	0.15006350870171137	0.05699500808896637
user_EMwog9eD	0.034870636443155564	0.0128339414281465
user_EMyujY3D	0.07432237242238182	0.026198085992305182
user_EN0ZWoWP	0.06021757276014742	0.0246951528900841
user_EN43Jsqr	0.040555176384736734	0.01587920624106514
user_EN6ZI852	0.07702394111291253	0.030863063955141108
user_END859Bu	0.02956385263594088	0.011532819870540468
user_ENMtnaUG	0.08001876398217832	0.03077114725556742
user_ENmxMHIB	0.03930387653369456	0.015183643482191407
user_EODoaVuE	0.04311415455691468	0.016031043519141037
user_EOILa9C2	0.02798548776581243	0.00959696120037413
user_EOPRp1ln	0.1876707742432354	0.010839440916141531
user_EOV9wbt5	0.02294766139651655	0.009471357675763459
user_EOufMJwF	0.03229935750949628	0.011793592080287638
user_EPVkJT9P	0.010530919946703313	0.0038981635491747548
user_EPcJa2yj	0.09623496959056536	0.04443833336446926
user_EPfKuIfQ	0.24135290006510632	0.08814070696973711
user_EPjtbQEu	0.05025160251108859	0.021411796147361186
user_EQKHdsBG	0.015642202297333683	0.0057358537062332056
user_ER63WpNr	0.2076656387480383	0.010782500993783913
user_ERZJ4Lnn	0.5612695192462244	0.027144875114586003
user_ES8MolaN	0.02137410264383114	0.0089589782320632
user_ESTr7JK8	0.4072149586237657	0.02976107755312849
user_ESoNe8rz	0.02276297812465415	0.008238949983736761
user_ET6N4z5G	0.017865629081282995	0.005876107260336269
user_ETJqjl3B	0.055713499574483176	0.02557763681478436
user_ETbBnjR0	0.11665341258192051	0.05104487322755012
user_ETk6IryY	0.0824380658100687	0.03377045623212818
user_EU2OPkWl	0.20609358384944712	0.07697680689775104
user_EU9KDxBf	0.07439633511251809	0.031025311720429993
user_EUE5o79Q	0.37121170694421984	0.16064538178431165
user_EUHGnlUX	0.49788724869455586	0.03822544328927693
user_EUc6sJsI	0.0075240604950949815	0.002835512807046578
user_EUiHE8p0	0.019488563958260385	0.007343317152122814
user_EUkAPiNg	0.04716689889870948	0.018733521846135106
user_EVKYHbp7	0.07898986089647872	0.03560359431871901
user_EVMFDxZH	0.4829304247755243	0.04241191337004604
user_EVNPIg8v	0.013128517076226816	0.004951085975512696
user_EVdeVAJi	0.14423555462944687	0.054593118835628146
user_EVgOo36p	0.029871631967242337	0.0098550762836813
user_EVriiizx	0.11936634904583569	0.04493272893921831
user_EWAmzlm3	0.03555649551904151	0.01379365360351569
user_EWYNissc	0.08683441359114578	0.03691379792001164
user_EXTJPmxd	0.11424063288310635	0.039125207036854674
user_EXluHq4F	0.03358048879424401	0.013929680740326732
user_EXufoSXd	0.04678839977926062	0.022369560893497287
user_EXxobZgX	0.06875107412771081	0.021937316899032992
user_EY2sKhZV	0.05642160557953045	0.023865677412678747
user_EY5B5wUH	0.25578001974103753	0.12045115856057487
user_EYHnDjP5	0.06512300298075477	0.023375389285201404
user_EYIElmiO	0.14304928854268456	0.05846433356603783
user_EYgLaTZi	0.07378460426889867	0.03037544064792852
user_EYh7sgYn	0.15901426462401483	0.06420934085721089
user_EZ1XtvNK	0.0955004160459185	0.045343915410204855
user_EZDTzUP9	0.1208292522202087	0.044250735350039185
user_EZIy4KGx	0.06467745915318168	0.022870291702816316
user_EaLOjpSx	0.3715496548154985	0.15923815037484015
user_EaRn4Db9	0.07942363902698105	0.033369113667375196
user_EawC5IGh	0.036448652875511175	0.013676726599906742
user_EbcbtAsW	0.031192774450588098	0.0125875816722149
user_Ebt6gkcp	0.017149069185537498	0.006295154914424932
user_EbzmaXX5	0.041887966767680765	0.017677598106689677
user_EcPFTTPW	0.04052349737102829	0.01578379513134253
user_EcYvjHxq	0.09759275696289323	0.04169296334952798
user_EcuVn7pm	0.27696996286326314	0.008257064488294937
user_EcvTvLYs	0.09809692629996847	0.034287838721549994
user_Ed9YtZUV	0.3315887314844596	0.02861960938707182
user_EdVNdFJ4	0.05262586165003595	0.021178559908767637
user_EdZQFDsX	0.11087442221966613	0.04217981027891503
user_EdrvTrY5	0.6724637283690637	0.04369815585939129
user_Ee5SpojM	0.04373590376827502	0.01857231286608805
user_EeeRsfvn	0.03639895618929995	0.01616138740910698
user_EeofgGhL	0.09148991615754021	0.03694040718960622
user_EfQknkDu	0.02814612537855346	0.011753688880304598
user_EfeRJo5R	0.05639502527441631	0.017046238577338568
user_EfjsTZ9K	0.010118971348788933	0.0037533010706335894
user_EfxATEOa	0.032644188994411835	0.013456248444688398
user_EfyDC2uI	0.025281969914527858	0.00901016326109277
user_Eg96cgo3	0.1594405563976342	0.06339171621467171
user_EgHYUIG6	0.30261699310187035	0.015153173580311083
user_EgaOaZbd	0.07795654631003339	0.03000453132024139
user_Eh4Qg5ry	0.04496278567824315	0.015537166341911659
user_EhBR1wzX	0.3441534316913403	0.026419281800791998
user_EhO9oY83	0.0825834238785716	0.03243084741610544
user_EhT68zPZ	0.06693614280390316	0.02840833438447634
user_EhdnSE2G	0.09216140474963566	0.03545465821524415
user_EhldzUvI	0.26968342555201574	0.12140414669426883
user_EhnLLT3T	0.028125070353006078	0.011535619637705758
user_EhwfnxWG	0.1511309990301256	0.0588739416354132
user_EhzU3dIj	0.0174421909938859	0.007602546777809277
user_Ei3snuCE	0.0381341967206907	0.015449151549453952
user_EiIDfEV6	0.02945609213261877	0.012268778096517647
user_EimbagMt	0.027260949107800997	0.011384778245562633
user_EimoigGc	0.043776347692995446	0.018415258767501268
user_Ej2md47R	0.019795769743766706	0.007444265138495903
user_Ej4E7Bdw	0.06076192373868888	0.025787015220361875
user_Ej9LE8Pr	0.024965835728534613	0.008639693859448844
user_EjNqfh1U	0.22833646107885885	0.010579511657258702
user_EjYmPjnN	0.19651396869946494	0.07453027036608795
user_EjojDlVs	0.015339683104727095	0.0057158604850260685
user_EjzO0CMz	0.05698875669827052	0.024546811313447523
user_EkQzQPG9	0.06133921571397767	0.022007064604508374
user_EkXDbdQt	0.017788769796743993	0.006334381179529306
user_EkgLbcdV	0.06466000052147448	0.02422035535894664
user_ElBZ68ST	0.10733403805690409	0.03652546300434933
user_ElicYw8Y	0.28663536101042675	0.1260678827033036
user_Elx24x8h	0.060187173683407924	0.020294272414661543
user_EmSnLdAq	0.08227547950552182	0.029084768073168364
user_Emj0eWv9	0.022436511168821262	0.00947398431022415
user_En2Lk9d5	0.1100683952836585	0.047605363687241165
user_EnQBXDmn	0.019022412836450363	0.008116306940432824
user_EngA4KLW	0.4071573752451387	0.03669297336712013
user_EnqfWJQ0	0.13209201356392003	0.0402076437305588
user_EoI4eGJf	0.07764490963776284	0.024565243198562785
user_EoZYzpn1	0.04434202241009079	0.018553343731084734
user_EoaZqPvW	0.6003927142797345	0.039040506769657556
user_EoaysiUg	0.030568132512658455	0.013694393235395346
user_EohDse6n	0.05877543173303183	0.021076297912543673
user_EooWQVGU	0.15895765706278578	0.06516562810177681
user_EoxNH50c	0.41223759019342066	0.03259700808055292
user_EpJQ6ROD	0.0075334552143012795	0.0026572394198719107
user_Epinjr0m	0.2543123579612563	0.011934825942293942
user_EpmbLqqZ	0.08285657123338232	0.036980204199871754
user_EquaermC	0.14826883279651065	0.0579020984957107
user_EraEyAhz	0.09557276968045068	0.042184605617334905
user_Es0OF0MP	0.007028472086864999	0.00255570738595315
user_EsAUSxRn	0.023290932366481998	0.009683583833139681
user_EsH8kNl9	0.028159033595374867	0.010493643474166177
user_Escl3eBa	0.04806713368108356	0.01789752393176114
user_EsoAffVm	1.9661128562176504	0.6936956312433855
user_EtboEcEL	0.02946588554376209	0.010198565719082247
user_EtqbbABH	0.10530268141570512	0.04645502387971787
user_Eu2dVfW7	0.02327208788041292	0.008354252420479701
user_EuP8fnRe	0.06260939012848737	0.023716376732999898
user_EuPqywUf	0.006039831822699213	0.002137750639974661
user_EuVC52Bf	0.015189486087128333	0.005700169171987509
user_EuVRNZxe	0.2929829507708716	0.017422514231572178
user_Eucsnu7g	0.7471260247296245	0.054293715184000134
user_EujFdYSh	0.8626430274563713	0.3656952341030104
user_Euy2VudH	0.04897767217200642	0.018964114697446507
user_Ev9qkeYR	0.028557442240929626	0.011717211306171241
user_EvNqJKFQ	0.03325783946404351	0.01376149203364114
user_EvSCO2es	0.07635588648589804	0.028477327440919832
user_Evrby2iy	0.3135827848097254	0.016776857620205882
user_EvsLPgGF	0.018342666817961664	0.006893725290392748
user_EvsNuNK8	0.010218640577257427	0.0035817038940529457
user_EwnMFa1c	0.45775718819874534	0.026533729083921976
user_EwoUKz7A	0.41031600070142	0.02224063791247095
user_EwpfjIUP	0.02016257706636248	0.007218790498210001
user_ExYUtMLU	0.08538458399718758	0.029720222341435048
user_ExgZ3Axl	0.02247080846120551	0.00827951214431973
user_Ey9ZkRp9	0.9051772745384297	0.3266197078246095
user_EyCNBOXS	0.03943698909932711	0.01463212997761098
user_EygBhGVa	0.06877705088338501	0.029421873281601597
user_EymxBZx8	0.04040949890120472	0.014569697437129818
user_EzBgrwqo	0.0559426793521121	0.02149937550292343
user_EzQMyhwf	0.08009112752710051	0.03683413560962489
user_EzY4XaDB	0.04954016327388915	0.020013966377133686
user_EznDqbiz	0.0699542171545047	0.02970507945815636
user_EzngMk8V	0.05714813369507081	0.023124887457867095
user_Ezvsb9VJ	0.051522405455889916	0.018755214736670824
user_F0MBt3jx	0.0180649234953843	0.006701663267502937
user_F0vhpdmA	0.007086045535615475	0.002478155568917795
user_F0x8cwaX	0.06316611147382169	0.02320608403588412
user_F14n6vf8	0.0337588532064125	0.012184121067977992
user_F1GcK6ru	0.055658282592733394	0.022010921180653467
user_F1PxC2Jd	0.006037352970578277	0.002112675683370607
user_F1UX0T24	0.14667324865386894	0.0630142657950556
user_F2QDBjBH	0.029500108347524374	0.010735591996933773
user_F2XKDa96	0.024837528326683213	0.009022526112533727
user_F2YF0ZY1	0.3365993992152855	0.01639905305058314
user_F2ZrcEZj	0.6291091738085486	0.027994608084650603
user_F2iUdH6a	0.02323912559465719	0.00800248480791583
user_F2tDSPxr	0.0198936552111219	0.008279877424247658
user_F2xKYm0W	0.0396852831318579	0.013283965061042877
user_F3ydJdCv	0.18240606482352542	0.010640307057400074
user_F4JhafMt	0.044621875537763755	0.0164236224886124
user_F4TknC7t	0.04214860124246683	0.017410641741620294
user_F4YlcC0X	0.03843235269142019	0.013887740409505162
user_F4xa6Op9	0.3414516604841819	0.025383887532220376
user_F4xk4WW8	0.3972435539331725	0.1821421713642171
user_F5Cwcy2O	0.04764147296787833	0.018211172162038044
user_F6REjglr	0.06357342242963691	0.026332441111283657
user_F6YYflr9	0.6761680849687028	0.04097625840619942
user_F6ZLMox4	0.025434021519895756	0.009482511710593599
user_F6djFkl0	0.17922522939989766	0.00883806189984338
user_F76Y9kOY	0.019929226933975072	0.0073048735009606175
user_F7KGVGfs	0.4605167796988972	0.03320926591052163
user_F7MuTTia	0.055455236847209335	0.020300928724065255
user_F7NWhqQF	0.30634601813602197	0.12789289400495624
user_F7Oir6hC	0.023092246584383816	0.00823060361491051
user_F7gjFSOw	0.19482076575665697	0.08644844894012924
user_F7uBwkHm	0.03279211077179782	0.011876956874489074
user_F81pTxsS	0.10399470262510227	0.03597502160753528
user_F85HCFdL	0.10375179857760586	0.03782757943113336
user_F85T6wmI	0.17763805275480976	0.0778708607669071
user_F8CPdFIo	0.07761452329876581	0.02792462110701916
user_F8c51i7L	0.0045970212276484936	0.0016774729246576581
user_F8hgkupR	0.06100392390739266	0.025136583527620254
user_F8i6YbND	0.04844920379822897	0.018698567547612517
user_F9JHuabZ	0.4654794805549772	0.017108453182736783
user_F9MS9ro6	0.02194320021838331	0.00806417249715293
user_F9uhGsfL	0.04148263788444425	0.013997060360502876
user_FAFISPZm	0.03328289522951003	0.013726823800736322
user_FAQ0I2p2	0.025707280773985344	0.010732615680494967
user_FATivv07	0.04997327721611318	0.019685250924645233
user_FAVrUE8a	0.06572067928580408	0.025928933167976467
user_FAZAbU6q	0.0308919308494117	0.012357333876632766
user_FAqURqfb	0.04181201138354437	0.016562739569173368
user_FB5SMYBh	0.1483274667794443	0.056388384595853845
user_FB7xSGLc	0.035540582182089185	0.013134747125749018
user_FBz5QqaS	0.248190414802379	0.00832318812729264
user_FC9Cnh9r	0.17427983558236831	0.08222084559602122
user_FCWiq9PI	0.045566940625341744	0.015878508188054554
user_FCXn5H6v	0.06856748492602638	0.026087165602339823
user_FCdOWL5Z	0.026051639441034585	0.009356326912887278
user_FCuOdz0G	0.036238090180807384	0.014758737380038267
user_FDAriHkh	0.038606451304579174	0.014976642144508605
user_FDCHBmI5	0.10866047013227922	0.04196825871475153
user_FDdjcPeV	0.29781280055390624	0.024549816363073143
user_FDnV98Pm	0.034881572962411254	0.012864686810992643
user_FEKOzh3B	0.004900834139702666	0.0017514173631320614
user_FEn0OaSv	0.12393412151179126	0.05173721968229602
user_FEwT7xma	0.04420267082765267	0.015107510677221854
user_FF6pIfCI	0.012415387679953899	0.004559310766875011
user_FFAdeEGf	0.20663366296039049	0.093345117250806
user_FFC7CUxX	0.03931263480945141	0.013185944028363263
user_FFEUJsed	0.0355232455914297	0.015661448366153952
user_FFYXB7Yg	0.03530942029463754	0.01300984346315389
user_FFoPmtEH	0.10607694884081101	0.031124621231707856
user_FFsV9pmo	0.03398346442518384	0.012054932455000738
user_FGAse2kI	0.09550891181091556	0.03514789346920344
user_FGCrVgOv	0.14819938312607872	0.06650075814708949
user_FGcmwAWA	0.07790511942327019	0.035805014116423894
user_FGuvda5i	0.027099318381144537	0.009908065726958794
user_FGvq21uI	0.32149938954500945	0.01996913366149801
user_FHC2e7fo	0.02514858267468381	0.010396121084814807
user_FHj8pxsd	0.5084190987733427	0.01900639693258214
user_FHzrmwgS	0.04368827011941078	0.015469774916192346
user_FIChAlUy	0.17739656527762881	0.08032710506686165
user_FIPwpYRH	0.06338367963003243	0.02834698410391355
user_FInSlwsE	0.10768968961912434	0.04977536993532011
user_FJIx4Vsa	0.05378719154298244	0.022609236361554763
user_FJTehfNn	0.03909139994457234	0.017283408483828925
user_FJUT4XtB	0.014473650644435156	0.005217203109703683
user_FJZ8NUKK	0.06954587858234211	0.02588898121002482
user_FJckeCXb	0.005952406776145891	0.0021723017577166114
user_FK2rVfjf	0.02034631851251302	0.007222498246726494
user_FK5RNMlm	0.03608211105746892	0.014672414594194803
user_FKArLeFI	0.05224783167133252	0.022005068178852373
user_FKJDzJL9	0.031111573259234915	0.010856490315068941
user_FKY89pnF	0.6501858533684699	0.04716605380038935
user_FKrVfW0I	0.7068752834109127	0.051309877492261124
user_FKxAerVC	0.04172429750350769	0.017756287195587563
user_FLG6ibbq	0.026186173484390535	0.008980134719055701
user_FLWwBkKn	0.0025711172800321723	0.0009550788220209707
user_FLpFIbnB	0.06551137123486017	0.030390635880448612
user_FLzMfBGG	0.04850439134762827	0.020057818016710617
user_FM3mPUto	0.0959171075289714	0.03869723396391464
user_FM6w9TMT	0.1021904380289349	0.04610265736208157
user_FMZLxBd5	0.08943295515477777	0.03437758994840643
user_FMe75KPM	0.17720757558240793	0.07142857968791652
user_FMescKFT	0.07888363033726137	0.031675904117230376
user_FMhZLezA	0.4473277800941205	0.036551523428970806
user_FMpnAG8U	0.1032960099711669	0.04593519415787882
user_FMuszsKu	0.07413201942323383	0.024844385519015737
user_FN8vxaJF	0.12576994997958255	0.05148142858592442
user_FNX3UOS6	0.025301148236044995	0.009768486508454424
user_FNyna8iX	0.043690639013385366	0.012806622773667009
user_FP6dIdxr	0.28481278248063235	0.016116926920650372
user_FPHxi8zQ	0.05697384343714789	0.019991573171604132
user_FPXqzTjq	0.1506978070551278	0.0510091856361394
user_FPoPGSiT	0.03994804743174839	0.013825605101942043
user_FQhYiMj4	0.05400903898163119	0.02129155892598525
user_FQmGJoAW	0.026408120737219876	0.009887835938990487
user_FREpiTar	0.0535045524565687	0.024752582558798267
user_FRHGc6Yh	0.025617749398454334	0.009523852751510754
user_FRRUea0O	0.3099409932889166	0.01621024486377893
user_FRrv1FPn	0.1322622541224887	0.0570330420945164
user_FSrdQegy	0.01906044169314568	0.00821810780238376
user_FT6TERgv	0.1859571728569965	0.006537882769224996
user_FTAMpEyU	0.06749416052318173	0.025089938675280535
user_FTBlcXF4	0.5693890563928525	0.030799449051377274
user_FTNGzWlC	0.07433441753965574	0.03030310735583436
user_FTqF5lc6	0.07593436878886381	0.03583940512560251
user_FTqJNQx7	0.009342773048199107	0.003400936464392982
user_FTwBaBln	0.02534188134118532	0.010791797767951429
user_FVBQChDi	0.6667619574392809	0.043906426449017585
user_FVROYSpb	0.006795704712896054	0.002395789712737587
user_FVbyURXB	0.05990449510881524	0.022314446999025857
user_FVpWBSac	0.04604854947277194	0.015297659975010633
user_FXWp1kml	0.016176959466233237	0.007155799220610697
user_FXZnAFBH	0.049518532761122766	0.02004068577963567
user_FXk5GSih	0.07600753645395925	0.03051742386637198
user_FXmwvmiu	0.0381056814424578	0.012675826992377117
user_FYE3RxOb	0.04531886920784727	0.01670859248981075
user_FYWD2R0L	0.48482134976465135	0.18422536715535207
user_FYrtsvdl	0.020715949789717455	0.007375574865694046
user_FYuoqJFU	0.3597262979964382	0.030918697390996445
user_FZ6LmVLM	0.05039108656117022	0.01875054787149953
user_FZCYiqts	0.1364034594301749	0.06044240159565959
user_FZRqnvWD	0.055085772230087315	0.020144229735114528
user_FZql5XtR	0.028287034908169206	0.010804870830057933
user_Fa0BFCPy	0.08448854968921125	0.029106508319932438
user_FaPCBbHC	0.019605075310059086	0.00711705831754112
user_FaXDXc6t	0.33923836273179303	0.018876344250109894
user_FbJyFLte	0.028176147359458198	0.01047966156426986
user_FbkiBBle	0.047767832121468276	0.021216482798307557
user_FcWBPJea	0.492666406134775	0.049641359111613464
user_Fcffvemg	0.010995210481627889	0.0039214215413874475
user_FciUU3uM	0.05679397823585644	0.027367793827382487
user_Fdd4FKzK	0.6793694343504394	0.0212408432403046
user_FdjmGLln	0.03640499834683468	0.01580251354080347
user_Fe5BE2bc	0.046096572660642585	0.01562967592919367
user_FeDkrY52	0.027529643550492863	0.009635009430526502
user_FeUQn5Ai	0.08955644966248485	0.037373814934695215
user_FeblffUf	0.031085781140328457	0.01107724239242013
user_FeiDKQNW	0.04919302689048561	0.021211859198802026
user_Ff2rTKZA	0.09745222841989033	0.03622048036473164
user_FfS4JOl2	0.0966112147636543	0.03674060139393649
user_FfUKbog1	0.022111679315327086	0.009277317197560298
user_FfYwi6Gp	0.24101671306930392	0.009030104722488863
user_Ffs8NcXI	0.0792090363429323	0.03418545084174046
user_FfwPN4SP	0.08935887242636019	0.04328925004036657
user_Fg2kAn0g	0.33659034141069233	0.019017766400197
user_Fg3ASB6A	0.054814614360239294	0.02142127793807304
user_Fgnj3T6k	0.04568101363702668	0.013356752155407083
user_Fgz1Vixl	0.007005702873400105	0.0025376831982338033
user_Fh1BuJm6	0.04408606350092348	0.01594611110867389
user_FhJPhrRK	0.05217407022887653	0.017679208307926422
user_FhKLf9rl	0.012864971828644484	0.004423509758411576
user_FhMDHUfd	0.06519366571790114	0.023208492387948004
user_FhNJrE6N	0.08092786984974057	0.038843407475318295
user_FhNwjDZi	0.4036667644575939	0.05117970603137117
user_FhUKvqvU	0.04502613867569881	0.019119224666336903
user_FhuCqWl7	0.5573180184096738	0.025054208247266136
user_FiGhaswy	0.3547535188796251	0.020803861232988913
user_FiLNchkC	0.5049907699509987	0.027408299675594883
user_FivGNiiY	0.14183324417285686	0.060947049662669645
user_Fj0SjWeQ	0.2044799755636022	0.08844643469507293
user_Fj6aOWYh	0.013746885965364969	0.005056813934209145
user_FjFrhY8t	0.026458643182240407	0.009774613090018364
user_FjVETFJd	0.010871972127672703	0.0041735561118007745
user_FjZb8BFU	0.026683552290894128	0.009841351636595998
user_FjikHWUJ	0.10945058868410058	0.03815949507567515
user_Fjot8WKy	0.4806041888108942	0.0222783099227896
user_Fjt6HodH	0.672405863913687	0.05286132167703578
user_FjuF8ByT	0.03210920405598652	0.011929874966551447
user_FkvgCpaE	0.04770688373030118	0.02117329650367048
user_FlH0Sarj	0.022149417154975523	0.009179117804828647
user_FlRw8WAU	0.008414311021139993	0.0030991138027326916
user_FlV7c9bA	0.020317791011729317	0.006894510925700287
user_FlygVVzx	0.04613295730395994	0.018725205020503333
user_FmEFIzOg	0.0522340825254821	0.021147293342762646
user_FmH6slXc	0.07862372440964978	0.034081401952621035
user_FmKSAquT	0.17106430038680548	0.07519777140363962
user_Fmz7Eskc	0.2486153978608151	0.010331019484060419
user_Fn7gO2HL	0.028856048050434853	0.010832542901182582
user_FnbqVePa	0.22305696710274875	0.08506784501376163
user_FnhPLDTM	0.4259519707442227	0.0240559922103535
user_Fnk9SPbf	0.023950009992486768	0.01026178687986685
user_Fo61GFj3	0.021068024201529104	0.007840511784750702
user_FoBXmShD	0.011243391902592104	0.004060316692347015
user_FoXKwT86	0.5947916856123462	0.054015935345809105
user_FonzJhxu	0.25442249147768725	0.11296526438544113
user_Fp3O05TB	0.30047605262557164	0.012856935305658459
user_FpcYuwrj	0.08892790356070482	0.035712344237294004
user_Fq3E54HF	0.029529692759974663	0.010491850254805023
user_FqAiDmEN	0.42676122871915134	0.015663181256839492
user_FqWm8U2M	0.039799324303583676	0.014837688713358168
user_FqbZiE11	0.04315270432712734	0.017399029611919727
user_FrROXhYR	0.08134127193208197	0.02493078460255949
user_Fs2qELtY	0.15309587588731655	0.054437679602618784
user_Fs5KBE89	0.6700983475130086	0.04121981278453241
user_FsGJO0Fb	0.05272200415511652	0.02175521416804151
user_FsNVMnc3	0.008364861038261895	0.003014648840732147
user_FsfGAQNo	0.38472285646972965	0.02545652150405875
user_Fsr4cu03	0.05879717994677236	0.022611279765733294
user_FsxK1KvY	0.04759899938590094	0.016075065746660597
user_FtZhAlKZ	0.07240214309918985	0.029319390156706808
user_FtZycvK7	0.02681142029740347	0.010492476640501706
user_FtvrqRWA	0.02642234555116309	0.012327171554909038
user_Fu2V9SFB	0.05205741244599851	0.02062246426738576
user_Fu7C3gxN	0.18910963151916724	0.0636259861308008
user_FuFaoUwV	0.0215507999199707	0.0070730306660668025
user_FuFyNTwg	0.43080520786471593	0.029786393763671162
user_FuadMoIX	0.006192681139954106	0.0022394925835949385
user_Fv2wqJOR	0.0747610372074218	0.027642658795629986
user_Fv85l8GS	0.044285303092554115	0.01609152198092854
user_FvVSivBJ	0.4352583473258885	0.02476444515304339
user_Fw726pWo	0.0745513457366738	0.028886284630055898
user_FwpilczO	0.0581531148517873	0.022794426592455855
user_FwvVUZP5	0.2897365468590032	0.1350210335246252
user_FxL6ndt6	0.027424215947296823	0.011207762231111716
user_FxQ53I51	0.01457402762953864	0.005510313326907599
user_FxgORWRk	0.028025038779216804	0.01106853685814228
user_FxirNLfx	0.04349728942491819	0.018195680231027238
user_FxnqNg0T	0.02646262284221139	0.01087619050959002
user_Fxp7Ta7S	0.08457755765742594	0.026792150308648028
user_FyE1YOtj	0.03882755367585128	0.015430984377585376
user_FyTv54u2	0.03394852979457924	0.013498973708782492
user_FyUudRPu	0.08900636121863739	0.037899834997910976
user_FycXIyx6	0.025007111143138052	0.010276561511018802
user_Fz2EXqXm	0.05964597714338942	0.02502545987606266
user_Fzobc5ny	0.05013161623406669	0.022228963091757654
user_FzrEyTWw	0.6243507239369381	0.023914884050133145
user_Fzu1MBrn	0.0898035595416086	0.03777499680354292
user_G0PgtfYt	0.012420409142115424	0.004349050995335928
user_G0dnVd1c	0.0353969369330948	0.016959745995514388
user_G0idweVp	0.16034554196389236	0.056108303973580256
user_G0ygcXRX	0.06075173379848217	0.018958608609690043
user_G12PBkzI	0.07636044320579655	0.03408248768500247
user_G1zKn5xu	0.04107907984003804	0.014188302846433002
user_G2Lz6DNV	0.06790273964967894	0.0255075520662588
user_G3K4Vr55	0.024982543033776346	0.010627764739622689
user_G3PxmKbz	0.01600102822517993	0.005626445041020976
user_G3e69tdn	0.05009752435242448	0.020149865681567333
user_G3kYTLn3	0.13122721387092906	0.04926805838621478
user_G3tKXcNQ	0.07946667351981618	0.03621537296172021
user_G3wgaLfo	0.33611200531763524	0.02126006636848115
user_G3wgq70q	1.33153049205283	0.10878191603183061
user_G4xujpd9	0.054489873747922246	0.017557099061771716
user_G50zheWd	0.08073701853509786	0.030407189997667207
user_G5hQu8Hl	0.22016533523006304	0.102330648947971
user_G5o1kqlm	0.0207183650721081	0.007883272891734612
user_G5tKpsYt	0.05571382165689548	0.022032480597883434
user_G6A0BffR	0.8856816479797915	0.02653577759389397
user_G6UUIHPZ	0.012472551781616742	0.0043006829459874794
user_G6VbinP8	0.015322862023079573	0.005790741866060465
user_G6njJkOv	0.04787223146043863	0.020515199592049727
user_G78upiFY	0.06765335951136323	0.026996539219011722
user_G7EUm6KM	0.05234260908843811	0.024464325624822814
user_G7aSGk9U	0.03704989968286587	0.012984568215882612
user_G7btHaDx	0.05975815514682914	0.02426809111876206
user_G7rj1SSS	0.06549919439461721	0.024774463096577878
user_G8E6ZJ3K	0.016486932556473474	0.005846612943911621
user_G8MZizt1	0.020569531275872972	0.008821572430929266
user_G8RKPjH8	0.08784685960045724	0.02429916281752228
user_G8U3SDyH	0.27942393061244364	0.12988996317644252
user_G8UknLGy	0.08776081004368833	0.038995673257095846
user_G8cTg4qF	0.027504576530665154	0.011305347317550288
user_G8wgHP6c	0.4478645158823205	0.03787298434662343
user_G8yQ88HO	0.08767062606410844	0.034322507432048975
user_G9H3UDYs	0.02214469363637252	0.009575025429676403
user_G9Ho1ocT	0.06487209297664	0.02609133916641349
user_G9LrNn2J	0.5605936107982166	0.04501528176972556
user_GAI1dMCR	0.04799285244192975	0.019927995081415666
user_GARwlWv9	0.25449656666882364	0.10064905298003649
user_GAT4f5zs	0.10449299549948879	0.048315838156355435
user_GAVmFMzl	0.018134260991298914	0.006636004567707646
user_GAsXdb0u	0.05893732080680027	0.02319848576109571
user_GAvDLdSv	0.04077904206186566	0.01607116253363836
user_GBl963Hk	0.029591536557834502	0.010997947310229092
user_GBwIWUeF	0.3831182818264512	0.01882869868626451
user_GCOCCoBv	0.9212471497020503	0.07790766532057264
user_GCPK1mZh	0.01115288374929908	0.003998437769672677
user_GCUo3Htl	0.09417246278176494	0.04127516999977522
user_GCaaBmKq	0.7394915813463216	0.0246579449119641
user_GCeLGhJB	0.10675736511557944	0.04307985576229807
user_GCuFTsop	0.3459540472654158	0.02274363728831312
user_GCxzT1Ru	0.18574343760841738	0.06754706973973228
user_GDSpiuOl	0.06132140703469692	0.025353772533521404
user_GDxeTiQq	0.026778436613689754	0.010741279582759864
user_GEAcGaUk	0.006074295982308336	0.0022299855435341013
user_GEBFpxc3	0.05136751466779208	0.022126099738788978
user_GEErkBrI	0.020749265736670623	0.007608531703754463
user_GEFbJNZD	0.44453380749928106	0.028174499130489264
user_GEPuc85U	0.02170463395389552	0.007850997946568246
user_GEkGuDDA	0.01887745885289034	0.006669669303952441
user_GElYLR3m	0.09452201603483784	0.03195465522365532
user_GEmlWZl8	0.021253467414754243	0.00792633487940758
user_GEsUIEgA	0.05139071054696878	0.022766955965049945
user_GF6CzRBN	0.06401999121965782	0.02596621139249064
user_GFGWOdMG	0.0446846101497973	0.015378023761276472
user_GFIaQkcG	0.06314200024522629	0.024611727058888297
user_GFR89hCo	0.1361828383456783	0.0495494544611258
user_GFkb3Uk3	0.09017700037879828	0.040048716427091985
user_GGAoTUWR	0.4523961408921225	0.013968121885848096
user_GHGUsNyP	0.014795606509645405	0.0051337044437610386
user_GHJQVZQf	0.28978212215356414	0.018523196914882863
user_GHMuw7nU	0.01573194956867501	0.005907083975084871
user_GHPXHmFb	0.07194729176358125	0.03400811278346987
user_GHQBEz2z	0.0194727384271936	0.006867360583868281
user_GHrxUAoo	0.02775433583803723	0.00998348374977329
user_GHx0fi3L	0.033280698514771716	0.014638864608199423
user_GIKaZCjh	0.028324278332940628	0.009142686190235472
user_GInBXw3I	0.05703021716941627	0.025170701918248172
user_GJJLJ89t	0.12030605099205546	0.05709654298175066
user_GJXQrqJv	0.6102460695339901	0.23073161527803937
user_GJYzoz03	0.008949397472689538	0.0032683732515720897
user_GK6LvqCz	0.07677447763854113	0.028786752879129313
user_GL2Mg6cz	0.0419076864442498	0.01778540175741778
user_GLALZWEt	0.10847188794320219	0.043410942200259636
user_GLMFLhpQ	0.09765086382107618	0.03705444179912171
user_GLk3O27E	0.15719518796025886	0.06971444606354207
user_GM8L1531	0.6323464045519949	0.025471641083873495
user_GMYm0kpG	0.06758992723208336	0.026771015641773553
user_GMbuwBrR	0.536267271477002	0.017507483288053044
user_GMqi1Cwl	0.08306310500983233	0.031212293335600393
user_GN7wuYLT	0.3629869659378276	0.023364472377522694
user_GNQJdtP4	0.16173207686194818	0.06215153452979858
user_GNYUHDPU	0.0423393094729629	0.015099381867483438
user_GNq7JN2o	0.033275487784223776	0.011607955340507597
user_GO0r3CXq	0.01803013272187432	0.007878949088025812
user_GO4gR4Le	0.027104271885094365	0.009871169148788156
user_GOAyb1zl	0.09700634105909946	0.04746617243479985
user_GOvosFd7	0.06786516960007896	0.031500184315892577
user_GPBF8zVm	0.05844672067902122	0.021923736419711414
user_GQAWKdmX	0.0404967815168697	0.014644627438855999
user_GQLNmXLg	0.040346888606427926	0.013986837414168191
user_GQhbQ5GC	0.08317669929379932	0.029679958780924567
user_GQk7SZZI	0.03935003205619233	0.014894226668540936
user_GR3SMtxI	0.0655302002270042	0.025754242448223393
user_GRC57JzG	0.9923649237508738	0.06142745574650163
user_GRGGGxxW	0.24966942648827775	0.00984937883645324
user_GRWXWjvP	0.05967463028633097	0.024174039992665722
user_GRhr53fe	0.024678890005900858	0.008259977735823603
user_GRt7l3ut	0.07210558917924742	0.030965913216549096
user_GSB2JgYk	0.06154864543251698	0.02394317685161377
user_GSFH9a9F	0.16357796279655187	0.05465689131432613
user_GSUcrHwi	0.038204184294466065	0.013439639236744504
user_GTBNKF5q	0.01854878659164396	0.006646038650894642
user_GTCTReyh	0.0770827905175501	0.02817884291548088
user_GTcumXHf	0.07091440957975995	0.026589377514521242
user_GUMKj7tj	0.9368247116389834	0.04587550416579533
user_GUxlc40P	0.05809106558741825	0.019858259013086247
user_GV0B3XmJ	0.040770740168912606	0.018791824687565697
user_GVEaWu0v	0.07252370683828588	0.028730381323695563
user_GVJic7CZ	0.03688674341125292	0.015460558212592608
user_GVYEy7cS	0.0728667606767249	0.02934184642344653
user_GVxwFtsb	0.04858519325917211	0.019616895353399607
user_GWdLRZsu	0.23527215220996406	0.007123293170295499
user_GX8L3MCi	0.03250412352543443	0.0122567247970486
user_GXJ1PoWC	0.03309823310400678	0.011439273079738386
user_GXo8RDGm	0.053698842236915074	0.019745205626068563
user_GYPIyv8f	0.5023545179451724	0.025054827599675672
user_GYdfID0i	0.13470744934669227	0.05472698771242774
user_GZLRH0PC	0.02994119538114564	0.012325011618655481
user_GZd4m8ay	0.04395589257234297	0.018935014428820073
user_GZrBciVG	0.024528899983761815	0.009100920748510743
user_GZyx06o0	0.026491713847156765	0.01083110244993326
user_Ga0KfFsQ	0.014534510155642083	0.005388326963063676
user_Ga150yyA	0.03979779588268739	0.014070749407845003
user_GaTELaEA	0.04534137123276506	0.017637449683311917
user_Gaoi9VAY	0.6583020609862513	0.041087697331510034
user_GaxnjA2Z	0.01152032180312302	0.0038121740636283983
user_Gb091R3e	0.032755891027365314	0.01450774392380841
user_GbNZtDTF	0.08543497050172673	0.035155051469853045
user_GbbG2zHw	0.0933980849205786	0.03286021875226644
user_Gbn4DhgL	0.06268562640362818	0.02440518655997356
user_Gc3ED0Qx	0.06093651239551118	0.020882393478849962
user_GdBmZb1R	0.037170036835280466	0.015312405969245109
user_GdUVAXQJ	0.6128822054355161	0.026354812559583683
user_GdYmB2V1	0.06064428984973995	0.022431551722517398
user_Ge0T5xYV	0.0432320635966269	0.01692094150197319
user_GeAau1Xq	0.06175207389701351	0.02114129175215529
user_GeBFQmDG	0.14809610181584804	0.04938970519985102
user_GeMCoF86	0.07156017622688177	0.027276491897753552
user_GeSVlbHL	0.0782084874220281	0.02864332146434068
user_GefmZa6w	0.04124140134365621	0.01508735510094634
user_Geor9tJ9	0.0464340261765726	0.02126938191037146
user_Gf4A9ICI	0.3924474929025242	0.03348205809630208
user_Gf4HgRqH	0.04636796849375008	0.01875018674003206
user_Gf4diXqH	0.03983273909347047	0.014857141949605536
user_GfLU2iMk	0.03257141823655023	0.012361174295311078
user_GfTTuzkj	0.04391917201509828	0.018743379988712904
user_GfYfOPi8	0.015554693029211818	0.00506054902613069
user_GfZY33X9	0.01392523990314536	0.004840109894511295
user_GfZtps6t	0.5042369408387571	0.02886067733224692
user_Gff2diuR	1.0051586216279482	0.039109859516910324
user_Gfi37NVU	0.06806482544742914	0.030171008905558797
user_GfixxiBX	0.024535841637548704	0.008655260617594111
user_GftmlZVE	0.0669727051676163	0.022455378296805044
user_Gg8N4rne	0.05491284881992482	0.021867338930236655
user_GgVrfXrr	0.449403504375385	0.04658619719630169
user_GgrPcBCo	0.5346629289000847	0.05441189936506953
user_Ggz5Q2q0	0.009157788466679626	0.00333201453112977
user_Gh7ZOZ8l	0.012377315344231556	0.00585688409481585
user_GhZQaGxr	0.07188992746863195	0.03047891558930392
user_GhetylLR	0.015222234798508563	0.0054810565839288556
user_GhgN2Bil	0.06658146841144724	0.024074457435496965
user_Ghnr8kID	0.3377761963309151	0.028333448511243736
user_GiJTGVww	0.0342792694547059	0.011516925533697377
user_GiVrj9NA	0.034067944560183805	0.012542533472252745
user_GiXTscsy	0.01804672921430451	0.006319111657628327
user_GieKye04	0.24583380408379737	0.01725512312939512
user_GislF3fh	0.02630640784474174	0.01054978843980477
user_Givi7ocN	0.036042502170754255	0.014122983071700505
user_Gj62Okyi	0.5576624526201933	0.22233000311824938
user_GjSHKSiE	0.40972719807390623	0.03020388489000396
user_GjSRfxtK	0.042074250508701755	0.014475973271659635
user_GjSoTzzu	0.04838181577424323	0.018490342452729663
user_GjTfQoUU	0.0856677221473971	0.03300404949482514
user_Gk9elUk8	0.037893464409748716	0.01322094578627686
user_GkLGxEV0	0.03677369676254683	0.01575846763979153
user_GkQyw98b	0.01898076603174029	0.007489143376216387
user_GkgF0oGA	0.0177882945633046	0.0065114046760624935
user_GkkxGy0s	0.0285774486546276	0.01016063028964752
user_GkvrTXEq	0.02678328103090438	0.008792178310972511
user_GlI2Juyx	0.03824812723447847	0.013570125286427521
user_GldoYx4u	0.03253569975038939	0.014311052918232137
user_Glg7q2EV	0.2138338309572793	0.07946335699208555
user_Gm2Y1AWt	0.7636948643451102	0.04005631324585625
user_GmIikDJj	0.39007083299593526	0.031697124651158155
user_GmMK18aV	0.4789758530899373	0.044126509025374364
user_GmVZHl7D	0.10959735364407633	0.05157038028665817
user_Gmk7lbnb	0.024373368774654493	0.008858975376606721
user_Gnt7xuEH	0.025986442810289324	0.010694139707261272
user_Go16sJ0B	0.06118743613000249	0.02539651927646965
user_Go9F9fEh	0.02435169986121138	0.009892911228804445
user_GoD1IpDC	0.5392993056867399	0.024522022449791795
user_GoXDkZKy	0.10033913890830547	0.036944336581379286
user_GogcOMO7	0.12250465232162244	0.04745689385473443
user_Goznvacf	0.4867410281650588	0.035493005754313904
user_Gpb52bil	0.38545765172529084	0.015993855421341165
user_GpkVi9kK	0.01926824601699538	0.006912934631697572
user_Gq69KPoK	0.05220771378760873	0.023303413134137793
user_Gq6APraZ	1.675115443436483	0.08246485726339951
user_GqULhwFm	0.03786466549961223	0.01627400469831632
user_GqgSF7V2	0.01474422286675086	0.0055788005018309545
user_GquvPTCp	0.10884414181889995	0.044579972691309415
user_GrLCbWgt	0.04043300734751128	0.015072951325967737
user_Grf2KEia	0.03679041669115052	0.013674849267002732
user_Grn61MFc	0.03474529590065921	0.013021460953517769
user_GrsorEck	0.03993759533920068	0.015286962151589471
user_Gs1EjOEI	0.6555622911178375	0.2525397477164969
user_GsKA7T6l	0.016833630829939755	0.006169147618842828
user_GsTem0mn	0.8912902585431026	0.03987774220939284
user_Gt7ZKfBs	0.06942074174577834	0.028202398507621827
user_Gt8JBH5G	0.07839393153792687	0.0348157151087393
user_GtLYtc2w	0.042627508800730934	0.016386394851031393
user_GtwopgfR	0.317459996561386	0.01679612303308181
user_GuiPjvsq	0.02149867768792036	0.00785994578421715
user_GuuN0kXe	0.05480721459007122	0.02302188833100273
user_Gv66tjZg	0.05265414092133153	0.019223237955863025
user_GvCnfxzB	0.05356393959827884	0.02043316321847876
user_GvVsISFO	0.1929628270820105	0.07063831577451947
user_GvbcFkuc	0.05450975581766292	0.021581671302554832
user_GvqFkYT6	0.32979174630696695	0.014281806094936591
user_GvvxeBUW	0.057420552114376966	0.020126853629519575
user_Gw6JYbhy	0.4662603665406109	0.21427605116154005
user_GwDXJLTV	0.04036841776091502	0.0175438225062237
user_GwmQsE9h	0.09219118419286662	0.03682958256818001
user_GwpMw48T	0.08170237640400421	0.035277984691477554
user_GxBKtJ9X	0.05996271751510687	0.020385076655431204
user_GxV9e3Yp	0.1437932031119735	0.050720611287814216
user_GxVz5YLl	0.02524339306407286	0.01194063659498489
user_GxgXIYnS	0.047495438155014884	0.017244962746793893
user_Gxh0AbVN	0.053915890963919605	0.02134555280179601
user_GxpZUscZ	0.037795467477601936	0.01311592140638757
user_Gy3cyjti	0.03037392180529877	0.012625551109166416
user_GyBZ7vqJ	0.08085195387405172	0.030402558589557465
user_GyQhLPBI	0.24312871116668872	0.013572434646495291
user_GyUPkmbg	0.07917780970790997	0.025670396274805926
user_GybomcXo	0.04291074729761614	0.016839247812368358
user_GyeNomv9	0.29872129930727975	0.015347612530799502
user_Gyh6dm5r	0.6414628650152168	0.02036201133060571
user_GzRYJsoZ	0.05246194191215118	0.017738631812309093
user_H00xjVdR	0.2924022464434595	0.011581035539254603
user_H0AqQXhv	0.08622047112338396	0.0355502630429606
user_H0OacW6f	0.018622518083927755	0.008191257719333366
user_H0Tqhj9C	0.18902225005087642	0.059474401547625205
user_H0U3cmnz	0.025866697392334548	0.010264133157002822
user_H0nRkG9j	0.007224828144362923	0.002456439556830256
user_H1jcCvoM	0.0806491221206502	0.03350891180432576
user_H1m2PwKO	0.013080624521532067	0.004737034600814887
user_H1pJFT0t	0.00877394456670938	0.003164346816761037
user_H26IW0nD	0.06671533089311468	0.028256011481864324
user_H2CvGGCX	0.035981439219898895	0.01339259598444665
user_H2JXjreT	0.12414582851771293	0.047429129374749045
user_H3Sc4Nni	0.03818446987770716	0.013469044782252831
user_H3Zk36nV	0.013562072075820289	0.004966973089536547
user_H3cIgKRH	0.03737682431527344	0.01384214799720767
user_H4CxCG0Z	0.060075211316002707	0.02309576774532206
user_H4rMrDFO	0.029958531840436425	0.011464784233034491
user_H5JEBu8u	0.07225946197132087	0.0252218936746344
user_H5bXF8TO	0.05575968429297249	0.021240050035942443
user_H6BOUBHP	0.11077648510977703	0.046821731833706935
user_H720hzaB	0.12360016258596648	0.0568685642107397
user_H7CHb5oH	0.09960179927408323	0.040787106917261014
user_H7TKzKZd	0.16777526088264896	0.07311529547618206
user_H7UeERBW	0.047164328858772434	0.020203647450014264
user_H7YetzUP	0.09587267464243186	0.039193661956287755
user_H7amQ4wT	0.4351591193653628	0.012142041528982031
user_H7v4gd7O	0.023738284084021705	0.007637356361798725
user_H7yRE3qj	0.09211045015100616	0.040125867340658455
user_H8CbqBPA	0.06240152810237791	0.024122525844426226
user_H8SBHImK	0.45470051790181687	0.020227138336255522
user_H8YUdZuz	0.37467609888337816	0.02544815090869393
user_H8iUMSYf	0.3993870001258589	0.012413386411912641
user_H8ltICuq	0.7751547943759138	0.07910391537769935
user_H8vIDHKD	0.02757536029109596	0.009747123428685688
user_H9EriQ2c	0.35173118577606244	0.03630292709575737
user_H9SBSiuX	0.10053019565149914	0.03699092252805247
user_H9oq5DOS	0.023659216046941774	0.0113127090243214
user_HACJIbXB	0.05116472144701212	0.023073789193165137
user_HAENtFVN	0.04949652854478686	0.019923028816289788
user_HAosr3hj	0.022558586942400385	0.007932613427802342
user_HAxM3CZw	0.04095035685174569	0.01771200014134769
user_HBEaSDL0	0.16375627810663643	0.06778066608545771
user_HBI3QBa2	0.10704360904161556	0.03592878069400247
user_HBLzutfX	0.10600298889483221	0.038308496493336154
user_HC08TD30	0.05538101921615341	0.021294245464226844
user_HCr742Lc	0.027409784375302833	0.010356987313949989
user_HDADfkCD	0.04061395251395916	0.014271523982768899
user_HDSbiHNZ	0.030962087162150147	0.01534280697844164
user_HDVta5Lc	0.0932181963456131	0.041582388330442754
user_HDgrKbqv	0.009914264700353202	0.003560005295606493
user_HDhXXLbp	0.15301199979856261	0.05507525520933274
user_HDtbiZ6x	0.3411829054349294	0.021157900741196375
user_HF5dCJjA	0.07641953066024068	0.03214023611306244
user_HF8V8fZP	0.5134768743544496	0.04078164271222269
user_HFWxG9kk	0.2527038135765374	0.010736681415249538
user_HFahL3PJ	0.024977559100900833	0.009378288705295761
user_HFg82JRh	0.036147670181670796	0.014476968162981925
user_HFghonpO	0.3004762182336189	0.1277618042275642
user_HFiiN68r	0.018659305214410088	0.006474609180143829
user_HFraL8rO	0.09973031162824847	0.029497931304473656
user_HG1b4LdI	0.023715489302580786	0.008796583005261127
user_HGBVMOKe	0.06402762783967897	0.024859559428849678
user_HGLKxteq	0.04279113026580415	0.014662360216845343
user_HGZJ7Jyi	0.028778420152974916	0.010939075150394733
user_HGgq9aXt	0.042228303631784016	0.017049786514524837
user_HGnT5Qut	0.09108306328379052	0.03526588717608923
user_HHH4LVby	0.0659810091004063	0.027244912048528504
user_HHKbS3Te	0.044624170424868645	0.018371512477305917
user_HI5Hcp2F	0.043475360991186394	0.018596384315996334
user_HITZ3LtF	0.02990516991582205	0.010770400805162414
user_HIztYztS	0.4034540026315231	0.016533515130161443
user_HJ3Rfcp4	0.11170800774877096	0.038778781589866904
user_HJ3kCCEZ	0.0374049008980745	0.012383134571611783
user_HJ8bFnsd	0.03522874800625035	0.012934421522043247
user_HJBD05VZ	0.12928806169819618	0.061497177029629375
user_HK2Y4NLx	0.7494606890165814	0.04494988678253839
user_HK4dHKub	0.08841959293727844	0.034480372473817404
user_HK888W00	0.0647334774705994	0.020193840995174045
user_HK9WBUTw	0.07825339917165569	0.027343565060602995
user_HKQmEiZa	0.058119172022380615	0.01844628625091649
user_HKlGnP7h	0.03892586978980893	0.014881505556255227
user_HKpX7FdM	0.020768712796211918	0.006590755486044863
user_HKph6iVK	0.07986148986255961	0.02885546701543751
user_HMITznCz	0.10507126634415151	0.0412248084277497
user_HMMYLQC5	0.06694504074401186	0.02641898579431972
user_HMRlWscb	0.03570734402312811	0.015611005433025021
user_HMStToVd	0.007878365797191568	0.0028221872607274395
user_HMWqVIbu	0.028671207400573304	0.01165920672596772
user_HNinsi6i	0.02434256281221555	0.008540000073773112
user_HNrj84eR	0.3484876839550579	0.02378862012647221
user_HNvxN9yK	0.015517067612996961	0.005752072966002058
user_HOCv3l66	0.046301394852325664	0.019872693843191784
user_HOEOHhTr	0.03718014530174166	0.013108067830357463
user_HPIVE85Q	0.22082258133173274	0.09882452188649651
user_HPU4uCk7	0.07200976846076126	0.02540335634711696
user_HPWGxocb	0.05367229707542609	0.020355429480498136
user_HPhD6FDZ	0.05334598773381845	0.023279855044550702
user_HPmMOtvp	0.05729219543198423	0.022226475208152005
user_HQPrlCkn	0.06733211005527868	0.02511031476642697
user_HQPuImJ5	0.2483288218740006	0.010412488778288825
user_HQWkkHvr	0.030111406658283407	0.011124519054451066
user_HQe3fwTy	0.09344295008592839	0.035018421279695934
user_HQslo0zc	0.1437410601594731	0.06469198629056966
user_HRdPMMLO	0.01651073191509385	0.0063505281201889545
user_HRrnRyRo	0.007716399482897228	0.0029965405594329316
user_HRwh1ehC	0.062018651244059336	0.02376397930684495
user_HSSIRSbc	0.12371543604454457	0.04933596727441904
user_HSskgiBf	0.0378537083169982	0.012968479686114526
user_HTOVZvpx	0.5061059181742456	0.01469008236656259
user_HTjgtlys	0.347479947838126	0.016940355795330847
user_HUUBk71W	0.027764695162495797	0.01278444586644663
user_HVBzLf2d	0.17254200791065255	0.07753210767082377
user_HVTAALMB	0.017049666589622998	0.006144020684817131
user_HVflcDeG	0.011748919254669811	0.004451391722157591
user_HVh97klj	0.03894502702032392	0.01527700618910505
user_HVrr1dOv	0.027511015789996447	0.01036354810044689
user_HWV8IoHV	0.3289088159528066	0.008783598910886101
user_HWg6jFrj	0.08335199004759666	0.0365464089895825
user_HWv8brm9	0.0744435054036964	0.025803982518327166
user_HXbnDZvB	0.11638025350209664	0.052918681578076485
user_HXfvEHCB	0.04143292908574701	0.017345804413590456
user_HXnCvCqB	0.025788471087993446	0.012075898870538308
user_HXqm6NcB	0.13549705881303253	0.059142476606433195
user_HXvIYxHH	0.15512970538535098	0.06110964005880865
user_HYBzUiWl	0.03943717169773313	0.01205838286406683
user_HYhxkWkh	0.07672096273699856	0.030668727345388842
user_HYjdya9K	0.031466532404087894	0.011582197400605796
user_HYo5hZNu	0.0338316405310977	0.0100348509428408
user_HYzxYBOS	0.03228530174597956	0.014326628540862618
user_HZ2rg43b	0.04015279554045345	0.012589350357875792
user_HZHnd5n5	0.016247528950146563	0.005737865693912133
user_HZOMUGOv	0.18953426225225553	0.07787088979978775
user_HZaZFF9H	0.05797501143903619	0.020699743867053737
user_HZxW3k9Q	0.18997500759529037	0.0790672059752307
user_Ha0fvB62	0.018483320242239615	0.00694881402321948
user_Ha38nILH	0.018763567388359624	0.006711400431688462
user_HaAZQ4BZ	0.0222657723277587	0.009328411525115632
user_HafZ6zPO	0.019936589744530307	0.007313048426354994
user_Hb7AIrad	0.05939041607930314	0.02261512192823094
user_HbbPWBtN	0.037470240574663256	0.013694451457748193
user_HbgGEkvH	0.00405362954643468	0.001516419576928871
user_HbsQiX83	0.5611182662012855	0.022288426850318708
user_Hbx7ptVc	0.0996733547046426	0.041390689964463614
user_HcRg3ltM	0.04100491616230767	0.015394584650107061
user_Hcpb8f9T	0.09906237933602938	0.03917210574473388
user_HcucKVRJ	0.037146912298600926	0.017549895977744725
user_Hd8mXRyc	0.13616458527029163	0.047898500083192554
user_HdAM1whY	0.04030304561228143	0.014581548562297786
user_HdHXhDoa	0.03962335352556688	0.015151872133845043
user_HdS6heZm	0.14565833959436536	0.052523898540503385
user_HdZZOwfE	0.011498883749626078	0.004017800656497333
user_He4CqJfS	0.01304841640805262	0.005063079991279017
user_He7HM7We	0.007371379029826247	0.002608792213992529
user_HeJdln1L	0.09350075302615761	0.03411449107675718
user_HfQ0WcgW	0.04139803986512617	0.01576504167659471
user_HfkThDzk	0.03848383778187875	0.014978107019728149
user_Hg3t8Lhb	0.34948015630845813	0.009125254035264447
user_HgibhYYQ	0.07126459579155361	0.03104988713271157
user_Hh7mZ1BL	0.023952764470339127	0.009932282782756768
user_HhToAGhK	0.026050569153226254	0.00920211162036018
user_HhZ0YLxH	0.04043602742154612	0.01555365900642039
user_Hhg1YNt2	0.11294484751214513	0.04730419285135474
user_Hi1WGxp6	0.09798726271920664	0.0364972941266524
user_Hi7rtvK4	0.38186509899129206	0.014158652058465334
user_Hi8bA34o	0.12227586904269878	0.05363035623922439
user_HiAftiSe	0.05548212507525824	0.02449397839189076
user_HiR6UON6	0.06310925738913478	0.02643664024430179
user_HiYjQzyQ	0.028160085640621602	0.011732344395878131
user_HidazCp8	0.08157826432317217	0.037668294837877286
user_HjHvV6wm	0.019048211182284225	0.006723988038685697
user_Hjm1i72r	0.1062818061507162	0.03909539903661
user_HkCVtfJv	0.03462975513774631	0.01293774124467951
user_HkH7z7uJ	0.009163049914125499	0.0033064184285356646
user_HkSoYrCV	0.23480712734244882	0.07212210260742627
user_Hl7d2Vmv	0.04537576656889183	0.017884336857623043
user_HlE1Pttv	0.6054216046564932	0.023430145688878905
user_HlIjYGyw	0.09752302664670298	0.039334277522661415
user_HlTcIdKS	0.27714031850132326	0.025810974332709086
user_HlUeSNmn	0.0975587406751639	0.03634839152862152
user_HliCPYCq	1.03046325650442	0.0789081284937088
user_Hmi0SxVs	0.33599135948433745	0.011435266089270202
user_Hmk8drSx	0.22683649047762403	0.014103604587426018
user_HmxXcXEC	0.2732022041646565	0.1220581269137081
user_Ho3rH87H	0.030284416804066572	0.013747588872716612
user_HoHF8CzU	0.03267091251385138	0.01317477430328467
user_HoJRzpTR	0.027978180472497935	0.011274468049061714
user_HoSHYt5X	0.039876179054146116	0.0164859330901335
user_HoZ6CDqX	0.0850356373849346	0.03305381910313956
user_HoaSlkic	0.04299660575006872	0.01651716062678424
user_Hov4ieqx	0.095627454528953	0.03735529995827253
user_Hp4rQgAm	0.42625270375471125	0.028377904166030775
user_HpoN4dHp	0.007416135136693966	0.0027241156747300215
user_Hpy9y9lJ	0.01245243073607083	0.004439955141030217
user_Hq6NmRCT	0.019320982819657054	0.006728942969999206
user_HrGCB1ek	0.14983905931524288	0.06506140155199215
user_HrL24eSq	0.1340695209950274	0.0602818076284516
user_HrXdcnyx	0.14723199060554149	0.005533092447041361
user_HrshbKy5	0.04294249408215124	0.016010541435002173
user_Hs0obPrD	0.053779297943215044	0.022787620646616456
user_Hsic6m1Q	0.025763855416573958	0.009467412987817416
user_HsttapeR	0.07847765237352061	0.024829499750273175
user_HsvLNgBq	0.08278248531509887	0.03166969268337071
user_Ht5ityJ3	0.02578438336533358	0.012071186656602829
user_HtPgo05X	0.4306618255476098	0.017305591346439938
user_Htu0cT3N	0.05967831509703325	0.022540572316886713
user_Hu775cJL	0.08343265507913418	0.029328485159842425
user_HuErl5KZ	0.05428963725696531	0.017590052671383683
user_HuJ5cQGu	0.05072813225053421	0.020502980197467085
user_HusF4Ks3	0.16430025720745456	0.05946419366738835
user_Hv5F9jb7	0.048522756464829564	0.019101590548893654
user_HvCCACol	0.06872019364883108	0.02633106845215339
user_HvIlVti4	0.008143093203293476	0.002901599544647189
user_HvaGV6up	0.03338501327580076	0.012341126713726693
user_Hvl0LnJj	0.05029891074816042	0.019275327677826384
user_HwA962Cp	0.06051914115512714	0.02256404407969519
user_Hx096kLd	0.056573806865535245	0.024637471174497518
user_HxU1HKAO	0.5843451129612569	0.036836218579539566
user_Hxqy2rUG	0.03311214393479423	0.014796998810211882
user_HxscIGKp	0.019650364967158527	0.007686000669323056
user_Hy8sNqjR	0.03900002100318694	0.013198571325131988
user_HymmfvSN	0.015181536741177675	0.005637560392168774
user_Hzdxlo1e	0.06269861015384309	0.022809211459538042
user_I0lRmlX3	0.276224025133431	0.11190906994682895
user_I0qsDOHv	0.025113616049501814	0.009184549991265285
user_I0rl1z5y	0.041422965121492315	0.014802102932214352
user_I1gNuu7c	0.029841079730525452	0.010618891957874013
user_I1oMRBsS	0.14170398765097508	0.06204021540555261
user_I2pHJyp8	0.05823236965981986	0.021925242037784294
user_I2rqU2ca	0.050821239743920374	0.02094553297712911
user_I2tnZrVd	0.17947398000981193	0.06863980554653226
user_I3MJptYZ	0.011164532653988769	0.004161973118139867
user_I3Y261rK	0.5101429085748095	0.02405267457426462
user_I4nfUo3i	0.05053148078870285	0.019816679176885753
user_I4t85JMb	0.1010989840194566	0.041118295300487245
user_I53H4Rjy	0.07028835776448868	0.027742801518552834
user_I5KxbmCP	0.07236423950286212	0.02435235711719899
user_I5uN58Uw	0.013726130620813898	0.004982855041449027
user_I61Gfku0	0.042680209105089656	0.019437277388139128
user_I6Ce5CSL	0.06371950873516985	0.025681692081634733
user_I6GW8cSS	0.01831467739341317	0.0062377888822446
user_I6LLTJKk	0.02246317284546674	0.008047317710450853
user_I6XwJ0fg	0.01606644109773004	0.005607877434727649
user_I74ONIZs	0.01736654112836697	0.006373183301644224
user_I76OUaEN	0.009853255226980294	0.003375292280680369
user_I7A71M7t	0.40440863248358916	0.01778567329773539
user_I7BbC1MY	0.4819629612227102	0.021323871187166908
user_I7Oxxhh7	0.4839020376273368	0.014038580460748903
user_I8AaxZUC	0.5025751980472518	0.01901842865078917
user_I8EafcYO	0.42509515645449336	0.016556902874651325
user_I8wqlSj8	0.024615048078107576	0.008895593924262547
user_I9VKgSvx	0.08998865103212728	0.031123356971976004
user_I9aQO1aQ	0.03045198880460342	0.01175936670812877
user_I9bMnbR3	0.08635681622795341	0.04223270777817745
user_IAdBLyQ0	0.039343277681418515	0.013165088482170179
user_IBzlIavX	0.043129611581638846	0.017893546829961724
user_ICHZAMGx	0.051809592604159446	0.01997890801895197
user_ICmsspPS	0.037963049227773354	0.015337315997630505
user_ICpisE1d	0.057786276647756735	0.022333752523521905
user_IDBURFGu	0.33831464458389704	0.030031806318711794
user_IDIzj3Mr	0.04971084976258549	0.019096332088573587
user_IDwl65XB	0.08105217325509331	0.029810179451486916
user_IE4LluJW	0.049629606335326266	0.023047295762394154
user_IE4XQ38O	0.02452604753645101	0.009412851043167969
user_IExcP1i8	0.01502612304596676	0.005342196221488925
user_IF6pgP3K	0.17168776823698878	0.07881831004011942
user_IFEL698O	0.32351319303235554	0.016578036500327527
user_IFFHlg4J	0.0811650260077606	0.033114914577159385
user_IG7BcrNu	0.6312155668163529	0.059452152975296046
user_IGN5zXQ9	0.2716433450070406	0.030284042758421895
user_IH4DKszN	0.01963960190393512	0.006840840699614317
user_IHWFdeYf	0.03924966252317476	0.015533620481725472
user_IHyVPuqR	0.15260571969252373	0.06333914556345127
user_II36uPsP	0.059772317746518824	0.02575396827228168
user_IJ5WniUO	0.1418658516779972	0.06287746879637278
user_IJgIbsBf	0.05809065783823903	0.022432928588275634
user_IJu3Z6lr	0.029699004282283073	0.013443711314744701
user_IK1m7Qb9	0.40398826993451786	0.030590198148128685
user_IKhHcdUx	0.021961953419039004	0.00799616130086682
user_ILDihN7w	0.052121213980458804	0.0197650136656759
user_ILOslQfx	0.08217882443961064	0.030930319596232242
user_ILgU3UH2	0.12770043401926578	0.042450742083884954
user_ILt0ozk4	0.08128202097690343	0.03186326762101829
user_ILuXvvmc	0.0621071889316719	0.022232976591979575
user_IMEJh2Tg	0.06277289900158631	0.02371828246551033
user_IMVlFBez	0.07335975345712845	0.03292352331926654
user_IMnL2AJ9	0.040797250660268354	0.015913485693658965
user_IMz0fBVN	0.013272236746793679	0.0049391167144566435
user_INCS9V54	0.6205299281646997	0.02930775661284599
user_INknLqd0	0.18191930983128873	0.0748768496264566
user_INrXaGql	0.07109236170547914	0.02793444801792417
user_IO9Co0fv	0.016110683627738147	0.00555438728976308
user_IO9YcUng	0.03535483958166383	0.013147077694745586
user_IODyVc7M	0.5624038590666358	0.028914711414643135
user_IOUtX6Mn	0.33010454441369097	0.14685924510438458
user_IPG6dMYF	0.08126756835851828	0.028560673755163427
user_IPJJIeZQ	0.09036515245615075	0.038446106326547894
user_IPJtuKNN	0.038707044852534206	0.014784276329749223
user_IQC9vkYv	0.02189846174094788	0.00727368645707627
user_IQMhiG4b	0.06897000344401921	0.02864992177467847
user_IQa7ocEg	0.04462392725776355	0.018992796432671898
user_IQv9cv21	0.051145243198748434	0.01791147063839469
user_IRliUm0w	0.12728795950200353	0.05970894842950491
user_IRpbzFjt	0.32989941368449927	0.022250372259626863
user_IS4kgkx3	0.03652667602741271	0.01569501732828052
user_ISSvbnmY	0.041810553001748504	0.014606471754013054
user_ISVGTByC	0.03698676028226512	0.013269082237175555
user_ITBYbV6K	0.012064650821197419	0.004435882002344453
user_ITbWOQgq	0.43850342341881765	0.03950016100866365
user_ITf9TgEd	0.5146589244744872	0.021673133861706058
user_ITouFlcX	0.03642234776437183	0.01509256552002857
user_ITtuJ36G	0.02691869388134505	0.0098468156765855
user_ITu3Sinu	0.027245463240146192	0.011075249587087778
user_IUNQ9xMc	0.5539378330713972	0.03785230622247369
user_IUimbYC8	0.04039678256351592	0.016174486373961416
user_IUnvIDnT	0.05216931868765802	0.02340209832739118
user_IUprtDN2	4.605170185717252	0.9595312959614057
user_IV5mTJOt	0.014343266364755289	0.00654143361501411
user_IVJlNojh	0.08314812691094883	0.037190036882363296
user_IVqelBmj	0.7993759587046475	0.0711927762511915
user_IWQRbgDy	0.14131831965530034	0.061724111596320276
user_IWTuSQD7	0.09646858138387336	0.04586334808537279
user_IYSTnDOj	0.04682490398871311	0.01675649378128326
user_IYeH6TBn	0.02778720965991182	0.010350444176350834
user_IYoDKdzR	0.043493990393809315	0.016574646379811146
user_Ia88nvX0	0.1605394781751988	0.06747501469495627
user_IaikZIrI	0.11664466178847954	0.052783698674976794
user_IbQBvWfv	0.10027340037422092	0.040819924628291905
user_IbRkxCbn	0.07478652354338287	0.02878833297847596
user_IcOQpIhV	0.015103937657129847	0.006815606246199233
user_IctsH8Y8	0.05027828859425113	0.017908448381368448
user_IcvrRrHp	0.08628759750553569	0.032690234468689565
user_Idcp4dDy	0.04233974906170868	0.01675327505903728
user_IdsCkkxH	0.06312004459840903	0.027456395446390912
user_IeFmRwmr	0.11291006487692505	0.03711445166124206
user_IeNXobvz	0.13035298117965802	0.058843218918949336
user_IeRV6DXp	0.028025854778236332	0.010205869502663105
user_Iengv2OK	0.02437411864644286	0.010556765570336706
user_If1P179q	0.03292611469252166	0.013454474443662615
user_If7o1fbo	0.25599222536831817	0.007243485895411626
user_IfEWIP60	0.023733956895416783	0.007631695896429633
user_IfLHm2k5	0.020234262541871197	0.007344461742226089
user_IfPjAw6A	0.027155394809709625	0.01042456641532764
user_IfYXbhVY	0.0666393571938936	0.025615645014908657
user_IffRNfIE	0.7157800114757173	0.0319414886975976
user_IfgmNmQA	0.36950869322369767	0.028808716568327453
user_IfkhtjcT	0.04107812654727877	0.015057098232484207
user_Ig3CxRxv	0.06827861573936594	0.024906136565882073
user_IgAy9goK	0.07186922738437562	0.02608861959712466
user_IhLJnd16	0.15134877676575648	0.06032054024463709
user_Iheo7bxU	0.21862039470795555	0.0073533591953048065
user_IhnSQ7Ud	0.03519091490256477	0.01681800746149792
user_IiZcKyuA	0.07663405133134515	0.030410747389174493
user_IihzNQeW	0.011459297519028092	0.0041703932541284575
user_Ij3lcWSE	0.09624389949889872	0.044202514246664965
user_IjAagVc6	0.022385432483092688	0.008464659738664983
user_IjN4GIHC	0.078699582885882	0.02897260794178049
user_IjcDi0Jo	0.023227120796803495	0.008215136039021083
user_IkDhQlM9	0.05865940716033846	0.02433158574065927
user_IlD9SV1T	0.005046302365935774	0.0018353227488210199
user_IlP3QFRR	0.1593292805176138	0.06914766969096975
user_IlUm9hdp	0.026148922390021947	0.009295921899412238
user_Ild8Xm6k	0.13656055871817643	0.04682545664259102
user_IlkHhBxW	0.008948335166464556	0.0029375484939548418
user_Ilw8w690	0.5744659985547287	0.029685939071351
user_ImRPvpax	0.02787371465744526	0.009722646035247636
user_ImZ871ii	0.11363834375147941	0.04764912295397119
user_In65Hkvr	0.05635460748200196	0.020836985732386005
user_InSUG8BX	0.3716811439217308	0.0198324213274072
user_InptvqNq	0.11739940658917497	0.05408712008728222
user_InvYvBr0	0.5244613307035795	0.034065527479712844
user_Io4N3NYA	1.3674706170050237	0.1365486387017159
user_IoE0B5vs	0.08887140673821742	0.031085710754584134
user_IoI1GvXr	0.04411986582570196	0.016701009296607856
user_IoVuMRyF	0.0925684707806273	0.036430846375189035
user_IobCWofW	0.017564368250264726	0.006211018869796107
user_IobuTll6	0.1506365709941704	0.06209980775980079
user_Iop7OSPS	0.046817304680827586	0.01942965399724894
user_Ioyxun7l	0.07421397315372855	0.02675767576768753
user_Ip8mk3lx	0.03557421523927772	0.01394039534845092
user_IpR0v4fe	0.6290514454194125	0.034436829038421525
user_Ipav9MJ3	0.017794875374648043	0.007824309450442992
user_IqFdfmjW	1.0976112304461656	0.0436268997902814
user_IqHMlyEc	0.07621863357665443	0.02433919351101125
user_IqThtRzE	0.028034212909996643	0.00947223728013395
user_IqTrPRDN	0.8688724691848234	0.04718673873123159
user_Iqj7huAq	0.020552951866232426	0.007258671332888947
user_IqmuHXKe	0.016304789770528835	0.005739189486958015
user_IqthN3VQ	0.32391503965626733	0.018532246744288706
user_IqzsZntT	0.7941741888841467	0.024047672154561005
user_IrdVi4dH	0.09818466580314239	0.03808199108229887
user_IroLVvzO	0.03932540933907296	0.013572164603724358
user_IrrtIOrD	0.11554187858086903	0.04581657779468475
user_IrtuCFNA	0.015277893215434424	0.006924358272083616
user_IsI8UqVa	0.3431633020246916	0.020041102658512208
user_It9775XR	0.028580484634118337	0.01013291782612649
user_ItBcAr0s	0.02286128521929605	0.007920597375551385
user_ItCs1YKU	0.07677621871563683	0.03202679066845536
user_ItSwSCZU	0.026048077766177697	0.01093106052577731
user_ItV6N2zv	0.0990060635153942	0.04687736902215871
user_Itj80eK8	0.11458397299630854	0.04080018934190516
user_IttHrXzI	0.038284462448793716	0.015184729005803387
user_Iu8Bk7nG	0.04824512382309919	0.017945017222283054
user_IuHNjJRy	0.13152087311760968	0.0567352923024572
user_IuPY2FuZ	0.19159327764434336	0.09064437978187727
user_IuW10CR2	0.03061546698140756	0.01138851274798611
user_IvZDXo6y	0.020084018458093097	0.00766032552967128
user_Ivbqrld0	0.014485786165998563	0.005250364573307967
user_IvciCh02	0.02355608847654716	0.008246974944844674
user_Ivn0wpLb	0.02579035790806229	0.008724635526160292
user_Ivw7fjVo	0.11665660698438032	0.05064724652432489
user_IvxHTVEW	0.05746524485381049	0.019595816629303223
user_Ix1zhru1	0.30535957063598473	0.022029508541319104
user_Ix59BiSP	0.32379759180572343	0.018895201137233867
user_IxUU1p2E	0.026596500889219672	0.010713207342625642
user_IxfEc3si	0.04332893341921196	0.016588698554583968
user_IyOmAvcX	0.03060623945624362	0.012678607302237513
user_Iyq2pCH6	0.3476115997246663	0.02906127741569701
user_IzTTtx8V	0.26642644867324894	0.011785238405017915
user_IzvMahMC	0.0075298744424224205	0.002716551341194878
user_IzxnNAa3	0.4995392549022838	0.02550698972126951
user_J05FbPzn	0.15222362801552958	0.06661739938111857
user_J0qn9MBL	0.27817204750641095	0.012291619745651964
user_J10RuySG	0.06762074336417499	0.021483689441787076
user_J2XIO4Vn	0.0025301181751973597	0.0009025232232710055
user_J2XMVnVx	0.03538521273535606	0.014025760684247572
user_J2nVHoCk	0.4249813678024036	0.03255484585083242
user_J2rbidwb	0.008574299843064712	0.0028820773592100404
user_J2wDRtZC	0.03711840264114183	0.01382834851920513
user_J32f7JZQ	0.03750218426893864	0.014498591025530137
user_J39P1yqS	0.5319044880940003	0.0194026975133918
user_J4YbFxYr	0.018791912040169	0.007057923286626667
user_J4g8N3l9	0.035419787353133315	0.015530385442389409
user_J4i7V8M4	0.0761876093541022	0.02819972493397595
user_J4ltoQYA	0.0649694835041789	0.01936725058685235
user_J4nNIk83	0.015008588898572144	0.005321869237167091
user_J4yVDoVJ	0.03347447221739898	0.011272714818898492
user_J5F1WIHw	0.028086471328019003	0.011874608000548754
user_J5cEavd8	0.06542489530533688	0.024403967986656956
user_J5dbJt18	0.19390922631880206	0.08700297875865097
user_J64RaAZQ	0.05367336739872043	0.023411085467373076
user_J6Eixpcg	0.10500863855978426	0.03490885258950534
user_J6iHCt9L	0.07074851302685706	0.027790052457777926
user_J7Ss85im	0.025938387151949776	0.009736206777774963
user_J8SQqDBN	0.03489828787723659	0.014366885055712653
user_J8TGfSbo	0.17246702643383852	0.07106421287389121
user_J94QkBGo	0.2444446987874258	0.09402753710629559
user_J9FrzOM8	0.029138725655171102	0.011771208252978494
user_J9RRHhNM	0.0429049845142051	0.015967331425043394
user_J9VVyupJ	0.0516379847043362	0.021204170124817207
user_J9VyeHh9	0.12230862187580192	0.054852238532457916
user_J9lcOtw6	0.03424770019616368	0.011579935498115725
user_JAd3eBgv	0.04980542801933921	0.020428441938360412
user_JBIVjSF6	0.021819521807787963	0.00919622612572636
user_JBOeZv82	0.020942573942953298	0.008958783358070078
user_JCQ9x9v5	0.10964549704351143	0.03894151037218924
user_JCnYPei0	0.02619362570697941	0.010903057675246432
user_JDEpEhnR	0.38264901626310294	0.01960259047932138
user_JDZnyDWU	0.7724667513004916	0.04221885734050525
user_JDoY5aJk	0.34765922046205233	0.02609271531743644
user_JEN66x0A	0.7226957563892881	0.03159135125749082
user_JETE5JSu	0.4133114689658238	0.02195224550788345
user_JEybzJMO	0.03950075874693607	0.014221891135063823
user_JFBx5Iw1	0.8610529172191556	0.08502602454345626
user_JFv6f8XH	0.07659009520897568	0.031493113177658225
user_JG0pXhXL	0.10374605490866809	0.0423257589491906
user_JGDDxYrI	0.04657030412086266	0.01960130743450694
user_JGQw8kXk	0.06720538651044482	0.028466897829384216
user_JGUIbsyj	0.034796979969732605	0.015150879559625859
user_JGeWefEL	0.0669376395995192	0.028080072425865035
user_JGjcpcxS	0.40022751556871533	0.02598315421245732
user_JH676Ba6	0.07505784362884325	0.02944396238487432
user_JHBSrTDp	0.005700018221444305	0.002052240156158083
user_JHUBLqpo	0.05143199979318514	0.019384903018370363
user_JHse8uN5	0.039978560627094505	0.014839451937704551
user_JI1OGfMf	0.07058086602157768	0.026016504427485203
user_JI49UcIB	0.058243638339555245	0.021830684243849263
user_JIRGOXxw	0.026341497160480475	0.010683814208941943
user_JIzMIiOP	0.25328059930898417	0.11974715722585509
user_JJ05KRbO	0.026976182860089015	0.01112669469224942
user_JJw9eIi7	0.03631250357309192	0.015809765694819136
user_JKeb6RXz	0.5625849308166055	0.06389949447129317
user_JKn8ewnT	0.16305893003508873	0.07195946520077412
user_JKtoJVrM	0.33440628128365546	0.03171837283095412
user_JKu7y7PY	0.0367013009822619	0.013603506723594628
user_JL7LIv9A	0.2060322601957224	0.08176457749647133
user_JLJV63Lm	0.017511830600981	0.006352525605038814
user_JLJtpFaR	0.16783315779536778	0.05967971518540001
user_JLOXhrdl	0.0750750772781897	0.028447313468214393
user_JLw8IwPy	0.03667287555056625	0.015908806440311365
user_JMHnc3NM	0.08019165040786218	0.02895174541941822
user_JMKtoHoV	0.017575647415436657	0.005814134969240023
user_JN1Abbe1	0.043956687392292255	0.01769153216776865
user_JNLczntL	0.29437951389883527	0.010862780675618841
user_JNTKbMXv	0.06754067137182254	0.027692502146807834
user_JNUI9Lhb	0.019912733311158788	0.007798888893573898
user_JNgkQuhE	0.05423564091313586	0.019853649951900545
user_JNyMa1Qi	0.32506184072337657	0.01795596026349166
user_JOYYElHg	0.04939239653513688	0.018891121326748438
user_JOaOKxil	0.030904256510317474	0.012794132241682717
user_JOj2Rl18	0.06931109622963458	0.028952369631389172
user_JOj6r4p4	0.02349696564096304	0.008617381159675475
user_JP2C4q1I	0.0553098684982192	0.02090582515084793
user_JP89Dedm	0.7180294050557758	0.07953644013243488
user_JPj5UmUm	0.04272850194597583	0.012901371976186213
user_JQI5skT1	0.017119862291512432	0.006553771878366074
user_JQUBPd78	0.02004782381437616	0.007373122111818025
user_JQvqGGpi	1.4279057365956151	0.11771152147664839
user_JQzv8aTh	0.30344426882126946	0.02066826525897501
user_JR6tmsnw	0.04300372588398637	0.016862506196865395
user_JRIToUE2	0.01213322555860877	0.00429107353194971
user_JRWFJYfo	0.1155156403379459	0.04745773007513804
user_JRXWC6bf	0.029137423123209244	0.013363366679280779
user_JRv8H5bU	0.526546643773401	0.025167068099396832
user_JSDjYDGA	0.09074617820567324	0.03656867611539406
user_JSFD0aGh	0.07094147629368197	0.0258544253476133
user_JSQA6ahe	0.03845899952542075	0.01107705973596834
user_JSyQ3KnB	0.24369595824888282	0.013669337340542147
user_JTglGdSd	0.2303016200474973	0.1037502059072199
user_JUZ1Sqoz	0.01773843989091732	0.007762729818169854
user_JUe7Ljbl	0.013263474153265018	0.0050209749863024174
user_JUve054c	0.005821931770445439	0.002158999618533178
user_JV7WJkSp	0.024369374526478017	0.00942091405185499
user_JV7Zw1IN	0.0208882308342748	0.007944786059196103
user_JVBjb8v3	0.028339473783629367	0.011331877222087216
user_JVVAFqKj	0.05898720407677084	0.02204129689466776
user_JW7XnLF6	0.06065541612860881	0.020098346956166788
user_JWfBgSL1	0.041257960328981116	0.014631506092058355
user_JWgTgrj4	0.045465756079178354	0.01957916070569769
user_JWzRs6Gd	0.09685847438322699	0.03869459635422106
user_JXP4RfCZ	0.019668428166801623	0.007485823981324651
user_JXbpNrW9	0.010469015443897783	0.003750819220584595
user_JXzHz87H	0.06926950684806567	0.028550057420453342
user_JYEYBGOM	0.10055612858966037	0.03812058754188757
user_JYZJmYBQ	0.024457632376799404	0.00867967577030211
user_JYwV6k17	0.18328178344271157	0.07571447966971549
user_JZJYEbv9	0.03910501103302841	0.01590108677676056
user_JZJc8afz	0.02789755350992802	0.01176886945419893
user_JaBJmXWl	0.028813619793011995	0.011955725641786496
user_JaQiFgVI	0.02964848685192894	0.011454616963847858
user_JabwwxBR	0.09701786207686905	0.035998701802320135
user_JacNzJGy	0.04231807481039424	0.016059092922212605
user_JajsDDrd	0.020900992011145918	0.0073829430363277606
user_JazT9I0Z	0.019988291827111898	0.006834743049936788
user_JbDcFDNJ	0.06430581921687868	0.023673730505409794
user_JbLRtkFT	0.043523186436843046	0.018250364755076503
user_JcJxHtCM	0.057576937006601624	0.0232360271735
user_Jcjgbset	0.7314080213006972	0.03329094984925271
user_JclKRKPb	0.044205303773228594	0.014974785143535476
user_Jcw6L6Ki	0.0395943283758268	0.016060348414729038
user_JdMNNYwa	0.06601687468248296	0.02507921288797171
user_JdNeoGJM	0.09163963281354509	0.03682123956630666
user_JdOW1tvz	0.020407179511763004	0.00864917318395987
user_JdbEIaDx	0.08304911398430853	0.033556395689960106
user_Jdvzlveh	0.012410818595249732	0.00448631302203204
user_Je7D3fBv	0.049573246704341135	0.020188967569504748
user_JeDcaY4f	0.09931495118690291	0.04310363066151765
user_JeK00eah	0.0770573897016492	0.031260335462112036
user_JegsagaE	0.022432981268706256	0.007161018678233101
user_Jf7nWq7C	0.08071113513606003	0.02936952486612575
user_JfRLmfjJ	1.113554417547697	0.412073755971971
user_JgOAxXNt	0.15419546998390044	0.06368532090634119
user_JglGyCkK	0.014535155265388577	0.005075756893069345
user_Jh4zs0JT	0.05806836043102594	0.020040738987260366
user_JhIp7CAf	0.6584567773376453	0.029700763025411612
user_JhQnNaNx	0.0504315287568209	0.01888985289635908
user_JhiR1LnM	0.09301758671212498	0.03345880782476836
user_JhnHutyd	0.13409943179218728	0.04823591714186911
user_JhngXIs9	0.010164844625243134	0.003599658955136205
user_Ji7kD4Wy	0.48256254321038117	0.019916707543190176
user_JilD7qiz	0.05412134127134939	0.021693236598928245
user_JjA6mTDy	0.27296828743333035	0.014399654126823262
user_JjDDVvQn	0.02401449901399435	0.008795878717261197
user_JjapPLTy	0.04521893564120468	0.020518589071222344
user_JkVR9f9N	0.07867962866553871	0.03185006141464983
user_Jkj2PFrT	0.059792015555832224	0.025808678010800706
user_JlPAJGbJ	0.08233291100429942	0.030082165715891073
user_Jm7CfcmN	0.007111810266005412	0.0026666057199303435
user_JmAAy4C2	0.04988273941741744	0.0202164433978081
user_JmKoAk5B	0.06511546122581961	0.025097568863336917
user_Jmzg8XSr	0.04731931636435095	0.019870575944787028
user_JnZq3yon	0.07950643294198599	0.03187059501884198
user_JnbWm6tj	0.09540789153557455	0.03479348387291128
user_Jo9W1lLP	0.04754622858485928	0.021218173492231446
user_Jo9fCFit	0.011574465499516469	0.004020156928905639
user_JoMuheeg	0.17630294100563204	0.07039966122178067
user_Jog4QLYe	0.05373383174711627	0.021531720158294826
user_Joocr2Rv	0.019070132339311766	0.006610449954749362
user_JoypTSio	0.05080726500323766	0.020821278735815327
user_JozWkz5o	0.3132340448039038	0.12556353376054452
user_JozmpTM6	1.351151137494024	0.06849366659598606
user_Jp8SPUJd	0.021314155976078407	0.007909775729838746
user_JpJ1UK9P	0.024901261154507543	0.01025064423262388
user_JqCYeGSE	0.030032647784014294	0.012160503336914739
user_JqO64FtG	0.0968537256466458	0.03771335804997853
user_JqXHvF0A	0.07648223419034371	0.03274386005454933
user_JqedY0zB	0.03924431046750154	0.013906476548308833
user_Jr0rppf4	0.02558742519008255	0.00916036651850183
user_Jr1YDZvL	0.025896010615102587	0.008547711646452016
user_JrVQ0gFS	0.04854689766444012	0.018869609691657806
user_Jrl7RUcx	0.05340461902779651	0.019599759363606833
user_JrwukOkP	0.0814972358819516	0.03303000777157588
user_JrxfQgny	0.07761981993084367	0.026923901524247628
user_JsCXsPAF	0.3154717651927664	0.028632279051627484
user_JsP39baa	0.29207159741502486	0.011371889508128013
user_Jsb8VSCE	0.0723028834855172	0.032408965160781594
user_JslBDMg0	0.08994789875087578	0.03748873991513654
user_JtBkCD7n	0.06922119105626756	0.02692162118147932
user_JtCNsGBw	0.034563810695382904	0.01450339841962827
user_JtOxBPgF	0.055814902669439705	0.023113005865761677
user_JtzXarvO	0.05987803229884352	0.022898150722643187
user_Ju10qEZt	0.021787843084072216	0.007294007126103626
user_Ju16Jrht	0.043366071861048246	0.0160338039878858
user_JuUy0Pi6	0.18534902341084797	0.07836516827463376
user_JuXP6RpT	0.02780717249033844	0.01044777640735787
user_Juwun3VU	0.4473282526787419	0.01649188998897343
user_JvIbswkc	0.012286775096901091	0.0044280511392048244
user_JvSUmZT7	0.15454802915641802	0.06109264443441718
user_JvdhIXwS	0.0727388678586082	0.02662658537093391
user_JvpBB7WG	0.04497469939852157	0.017426236095941183
user_JwCGKIzJ	0.07478128236784559	0.03523924113293264
user_JwKEEfQI	0.1079501242378487	0.04896613716581328
user_JwkYMmZ1	0.03051769105852639	0.011900627613693643
user_Jwney9w3	0.04388331279521774	0.017418141925687258
user_Jx6LY25f	0.023055404855157162	0.008461586608778014
user_JxBlJ1hY	0.07154596475675867	0.03019794310918658
user_JxGEq84v	0.10967350763604844	0.046493109942984355
user_JxQd8d6g	1.599165096614625	0.12467264005939756
user_JyTKXfjw	0.10364650464928543	0.03453246033960468
user_JzEnoMy2	0.11624572848967951	0.044347626151212786
user_JzmN5P5g	0.03131079406953815	0.012185797350324169
user_JzzrIr2P	0.10073920282905714	0.038012518725367324
user_K0HlOg93	0.019819894289966666	0.007640937321192918
user_K0OwwZdg	0.033915012100306376	0.014731896135240827
user_K0UGGONU	0.0770463196875113	0.026763497173160875
user_K0Uixtyc	0.49948360000389574	0.1699674249463518
user_K0pN6aid	0.08787574649629669	0.03498644823151293
user_K0sJfh8k	0.03746176110105936	0.01418555360307232
user_K1RWkqvu	0.29465472464613157	0.022840628665952555
user_K1oz3HbN	0.05542257962094188	0.021298414948344422
user_K1syYROo	0.09185549034233068	0.03624515605934211
user_K2BJReVE	0.06222381995433601	0.0256537337500936
user_K2FeCPkf	0.02616411232463209	0.009803782866950106
user_K2XqfA0L	0.5433701153301037	0.013561298789662257
user_K2etyOgK	0.031547689266829035	0.012342714475477495
user_K2mHotMR	0.019616741462098585	0.007309660578534084
user_K2r6x4rc	0.5824084456158144	0.017028145342181215
user_K2sOMI7Z	0.09465023229085437	0.035885189247121065
user_K2sR99El	0.026946398534057402	0.011210648892566786
user_K2tQeMSz	0.1444329361126722	0.04692723454634597
user_K3CGa9uZ	0.617781107107666	0.03101864624268157
user_K3beceV9	0.054257018966816714	0.019656013689370106
user_K3j63tsl	0.06144873589825352	0.02036111665491
user_K3mVluUh	0.029646693286555073	0.012085805956524047
user_K41KGXMS	0.027476764905162022	0.011453582178794582
user_K4Fjkk9y	0.10426481681889871	0.04675800808076168
user_K4Mj57JF	0.10432638758327187	0.040953563679020956
user_K4x6JB3s	0.02158966905253709	0.007908502800521662
user_K5XoF530	0.4491272082037258	0.02126016262530161
user_K5gsLsSF	0.06439556622948939	0.025173719487572646
user_K5ypdzc6	0.052789376889240236	0.02014727794618547
user_K6EZryBE	0.04160366969231143	0.016355378063754422
user_K6FtTfSi	0.0286074791895324	0.011594323559598729
user_K6gBuYRN	0.10002239737983898	0.034418420681817274
user_K77aiUJh	0.02087084558308505	0.007189212456137195
user_K7VNQjVY	0.9591101837404798	0.0452987875639778
user_K8PvouwQ	0.1182562162322294	0.04432751295073925
user_K8SLQ4iG	0.5882864503801561	0.022490278622625336
user_K8c5NXRr	0.06595290443590382	0.025516670858331453
user_K8hHdkfZ	0.6237348227926741	0.02730882445405744
user_K8ioRt1S	0.033155144280781715	0.011953184823365496
user_K8oBxkT6	0.9591907428681844	0.032970702484128214
user_K8yw64x0	0.04132006564433004	0.016266469656919448
user_K9GVNYNA	0.6693596031608231	0.031023117263488772
user_K9vwEVfy	0.08631985292523538	0.03363237896267984
user_KAAfotsC	0.025622311133210528	0.010328095174546137
user_KAGoYMcy	0.017469165934782642	0.007534856736383665
user_KAIRXdSB	0.040385266414334375	0.016695500365855185
user_KAmbjrJG	0.02092980217654377	0.008945783875820512
user_KAz26gTU	0.04123184320084351	0.014650389612622178
user_KB6PkndF	0.018099066284733067	0.007887582894786662
user_KBJtKoV8	0.4018069941622211	0.01994391567147754
user_KBMnCJvS	0.01932749531281039	0.006379539431825152
user_KBi66aXA	0.07814402816414764	0.03308511217843085
user_KC2d3v1L	0.06228070982183401	0.018321230298123905
user_KCALczU4	0.576887407909622	0.04589398695583702
user_KCEsKfMg	0.048542603297178924	0.01857295677475592
user_KCRTL8Vk	0.7995773741863808	0.02585689607212223
user_KDIjGiaS	0.02047891428537426	0.0076317999711741896
user_KDamUpZF	0.05746404543853508	0.02506359012842181
user_KDhW2sD0	0.028671350125607807	0.011655905787891307
user_KDiLoR5K	0.03707742543763285	0.013030017327612768
user_KE4OqxHw	0.09930542613592196	0.040385617475397116
user_KE6tiP9a	0.02018134348876347	0.0069169300161332865
user_KE7RS4D6	0.05114180755425626	0.016735586662108497
user_KELUzR20	0.052668273224888436	0.01906060406727346
user_KEbrBWob	0.061925079212985804	0.02360710921868869
user_KEgL4nvw	0.04037352722465661	0.01462642219286219
user_KFA45oV2	0.039865220038287415	0.017799992862371588
user_KFBNVVjX	0.02915570250371046	0.010752694602215488
user_KFn02oiB	0.09335525185573912	0.0374625257009903
user_KG7KaWro	0.040349140649455655	0.01586675619835257
user_KGIQ3QSq	0.2164169337096631	0.07699033536495759
user_KGLoTXf8	0.035699297750454356	0.012986999223314666
user_KH65hQVM	0.03897325867633396	0.014498532536230641
user_KH68U0kQ	0.022310633871064942	0.00785140678396636
user_KHfzKeD7	0.026261644924084112	0.012208683191780034
user_KHyvFSPV	0.04973677279478096	0.02105317165442119
user_KI173ie2	0.040052921069943695	0.014769177186159499
user_KIQ3e3wV	0.0467341818383183	0.016581987784658858
user_KISgWQgD	0.30247806473851985	0.009825033196454334
user_KItomyWR	0.15504305204691976	0.05828860665175509
user_KJbRLrt3	0.007371763847977754	0.0026944045320200453
user_KJjiV00E	0.05552192583352616	0.023076230815437613
user_KK5UqAUE	0.021703868854104656	0.010607267108352757
user_KKHMzkVL	0.2537369323491846	0.025860453523664055
user_KKsC9IVa	0.0619246100744428	0.019542565532483708
user_KKsHvGZJ	0.11342623607601131	0.047279477668723265
user_KKypMRyB	0.6084822532536538	0.025400036114797922
user_KLK4MoxB	0.06923327299830692	0.031979025225284015
user_KLTOzs8n	0.017294411959626613	0.006070637633283044
user_KM7UaQTr	0.09005324480619012	0.03373149052892179
user_KMQI3SHg	0.04452869023948991	0.01536002383004659
user_KMWQiKLQ	0.14072731870263863	0.06509301151279387
user_KMbONy8m	0.8360751779224218	0.09336819955654152
user_KMm1U32U	0.03159022048555547	0.011270176418249686
user_KN2Zjsdo	0.021216471173555004	0.007768755122229127
user_KNELZc1C	0.16925893531493413	0.07173460104343052
user_KNG5pjGj	0.05572979318918783	0.020168338273743886
user_KNILXdP0	1.4035646353626041	0.09936761883658715
user_KNaA09G3	0.016246004906818982	0.005508732106783656
user_KO0t8OMW	0.05743799848433958	0.02597413160846744
user_KOG0K4ah	0.046556375089516905	0.017119643374329065
user_KOI5vdia	0.041156344673995995	0.01403778159906611
user_KPTi7xPj	0.19756960751533198	0.08651041343607294
user_KPm5MuFz	0.3285913804817315	0.010424472652452403
user_KPoLOmKG	0.043444019586878144	0.01980948211034161
user_KQ9hDEjZ	0.019386339893928996	0.007068020652847453
user_KQieXXTB	0.0021720711397264954	0.000791615727550889
user_KQmL7x0q	0.05892796118553598	0.021155163812213645
user_KR2fRS3W	0.4379723776895665	0.03594514164875852
user_KR7cqerP	0.06644545315602074	0.022225533802464118
user_KRJuqyUK	0.10412783359548189	0.040435993470486827
user_KRmYahzv	0.020921693651036865	0.007484781809182041
user_KRpjgAcR	0.04445190653874762	0.017906239005120998
user_KSDQmg3a	0.09333387527147341	0.031207969300424583
user_KSHZaOSy	0.039217477244704146	0.012485083997085101
user_KSNg4FKc	0.4580941022301888	0.017715156678834238
user_KSVvbvaF	0.08233429946630402	0.03211034224109382
user_KSW9VDVO	0.07298975771721539	0.025174657352239706
user_KSotRo4O	1.0155162011070642	0.380365205863513
user_KT4R6RuM	0.04783725322709752	0.017165657766223447
user_KTc6wnHM	0.4745171441587316	0.0387910258744544
user_KTghtFbA	0.27376510933676745	0.12289041308330884
user_KTzwSLPt	0.23202894988849593	0.014879704493438383
user_KUA6kden	0.7228968667515588	0.09110461875046051
user_KUCBKlwX	0.03779746683257994	0.01354233909361622
user_KUMxc662	0.31744082094319076	0.008729032089746236
user_KUbglIVn	0.019659455752026316	0.008526333878769722
user_KUvFFvR0	0.018541223883565803	0.006910927713167675
user_KVP5aVIk	0.06641886059982016	0.025252509527496168
user_KVV69C7D	0.8393424458331947	0.03082962382767733
user_KWN7tiih	0.048360943909856985	0.017940072640317495
user_KWmjdOpr	0.009773167337963785	0.0034889584869440106
user_KX7EkuRa	0.3895144977440655	0.025366223843160358
user_KXJgegkR	0.07299793003724639	0.026194588123080308
user_KXqVCEwS	0.04258708735883099	0.0164213235931939
user_KXx67O1X	0.050131064921643605	0.017756048224766723
user_KXxlTEF7	0.0610371720862745	0.023764026707332124
user_KXyIrjHc	0.4761499068883591	0.17209607997038048
user_KY0weSBK	0.05842127432042281	0.02282673427411799
user_KYLMwlhj	0.04935123707941785	0.02177642127085559
user_KYPiKDCe	0.02508283391645008	0.008812734967815063
user_KZ6T1Jgc	0.30101800994216515	0.013544353220255424
user_KZJh5cQv	0.025721879584182133	0.009156106063761547
user_KZRvF2cn	0.09079935889679908	0.033521059792790533
user_Ka260N0w	0.6446831590607329	0.03660915435061136
user_Ka89sN3k	0.22012337155990946	0.008561898640159524
user_Ka9XDeDO	0.5845512158391734	0.04799083107502175
user_KaQbvajk	0.03936952205053157	0.012247922447472642
user_KaV81oHa	0.03127490948707354	0.012897001478260941
user_Kag9xEJd	0.11753913796924725	0.046965664819000046
user_KarVlVcp	0.08988341021981383	0.03104838257363158
user_Kbisy2e9	0.8096244623968052	0.024915171943306783
user_KcOJykDp	0.04132180093319676	0.01498203534446189
user_KdKDNQNc	0.024308903659790077	0.010192903982249101
user_KdWsah8y	0.051579651862059935	0.01991491863331954
user_Kdmtf93o	0.07567894464684112	0.02653996246007324
user_Ke13feQF	0.14890348116958965	0.06069449727493642
user_Ke1TzWz3	0.03603962638564678	0.011149882934206481
user_Ke9lEzFG	0.02199155263162022	0.007061932468645307
user_KeLjYyj3	0.05937946207461217	0.021878414895818436
user_KevOaWSR	0.09524796835618313	0.0377419978831884
user_Kfc4x6Bq	0.04082437993647723	0.01523489996986472
user_Kfc9tLvy	0.032083894948207056	0.011191251214982057
user_Kfef0j2v	0.053634890246384265	0.02145856599340916
user_Kg7ut8hW	0.039532983003362755	0.01578168876370745
user_Kh4IifJB	0.0991336718318442	0.046523078863037484
user_Kh7xbHTp	0.03688089634242362	0.01368568516028559
user_KhFBNn4S	0.2908697380885481	0.01185505335610626
user_KhGDdPzB	0.1530915934237383	0.0715242714194637
user_KhMRpUGe	0.31922374250743013	0.010296429402848759
user_KhpnwIEZ	0.04556096663832628	0.01838321702744935
user_KhyxqFBm	0.06373160128037424	0.025162388093008466
user_KiEuC0we	0.05640799731266301	0.01770001483223928
user_KiHcS8SB	0.009530427845547758	0.0032972067203192474
user_KiutVuq5	0.01860388102345366	0.006847734742028043
user_Kj0xPQyh	0.1305609640387144	0.005929968846858662
user_Kj5fKyoJ	0.8740313538998451	0.03372658601588181
user_KjNTD7fO	0.07060600615170724	0.02722894099970231
user_KjXS3Qkm	0.0460953898411192	0.017084595149628862
user_KjpUK4Lt	0.008714455210851367	0.003098402718260754
user_Kk6J2X78	0.07835089666753359	0.029791042408471916
user_Kk6h1A5l	0.07528870175456452	0.02859610330007474
user_Kk7IxcAY	0.005505982023077761	0.0019727982896848434
user_KkVTQ1jv	0.017461656518643356	0.007398312110470326
user_KkeYIRT1	0.03218512114091607	0.011428415433424998
user_KkhT6ZmM	0.1222400415357666	0.046961778481091676
user_KkyOTOBW	0.05210617122798391	0.021119993280320586
user_Kl5qjecb	0.04024507036255639	0.01612550555786852
user_Kl9oGRhb	0.30260016367153353	0.009920676042713442
user_Kl9zminZ	0.06451467266973653	0.024834891975059035
user_KlP8jjAJ	0.06380148084926432	0.029801617873302953
user_KlhHclDr	0.024677015731620615	0.009436697937477517
user_KmYsOfYu	0.058152812004338264	0.022885628018351593
user_KmjDqkrm	0.6627532146450021	0.065867084773547
user_Kn757BWB	0.017997168739154926	0.006802124790219725
user_Knb1DcjH	0.022961361516435706	0.008259655322474193
user_KniRT3Bs	0.35620572493137864	0.029088903049699775
user_KnltnOwl	0.045440234649088355	0.020400611216717306
user_Ko1eirqj	0.0550539737761821	0.01729586046167222
user_KoHsFYnB	0.032065093493605104	0.012438248460131827
user_KoL7Hzxq	0.5071774465514545	0.02203798463571892
user_KoN57jC5	0.019551878479788294	0.007256529770319342
user_KoX1yhxG	0.04959315130962373	0.019742600093266643
user_KorOxhsi	0.017981679247259658	0.006807847623434317
user_Kp1b4PGN	0.022100369934331048	0.009442805901671208
user_Kp48ERmq	0.03933969290429127	0.014088385983664919
user_KpTAmW1f	0.06723831851795686	0.026452808241755252
user_KpWsXpcZ	0.5086736890764411	0.052561328351966356
user_KpofZfzR	0.9584506834106816	0.02453014377309865
user_KqEqTIHL	0.09313464648442658	0.03890309565186759
user_Kqb9tqRM	0.030518439375005348	0.011221182035974848
user_KqxRj54B	0.10174179669807763	0.04906264705039748
user_Kr8N1AB9	0.05914273624818746	0.021255466544855016
user_Krfi5Rwy	0.04680795967622355	0.014079383581880552
user_KrgR1IX2	0.016397004459314683	0.005879093693723001
user_Krkq8n2Y	0.012808239720211015	0.004895216624803974
user_KsUfbcvK	0.049064090244108724	0.02005090755806267
user_KsVi5DrJ	0.049629406895171625	0.023498258035779544
user_KsY1pFZ4	0.07142889732381513	0.0235402832133539
user_KsenW7uh	0.5664248301448125	0.20305307461193337
user_Ksl9Y0FM	0.905807873221048	0.09042046376289631
user_Kt92cXFi	0.0591760140562967	0.025606254247887563
user_KtG57duq	0.04319842776341115	0.017494458082543476
user_KtPLnGhl	0.07280215498977413	0.02649017527590695
user_KuExOavb	0.07072558229853854	0.026529797683265674
user_KukCEfGO	0.02783827522763796	0.011698359612824357
user_Kv6HlBIy	0.03992404236738983	0.013338905757150432
user_Kv9I4xSt	0.022151504170974577	0.007282602901714027
user_KvMik4u7	0.03069911419264859	0.01056499171002998
user_KvV2nefB	0.02623380707865676	0.00811134010317546
user_KvoevqYr	0.0713930349152731	0.02567884774645642
user_KwBSNqQN	0.02724589203948473	0.010752915791891164
user_KwBjvuT3	0.02114603453363771	0.007794199625222737
user_Kwb1nFyV	0.09313338220233586	0.0311368774961284
user_KwkUQ9sU	0.093029148982677	0.025695153242220284
user_Kwy7NzRf	0.007964414382606127	0.00259600481390751
user_KxIXpzWB	0.146372937217714	0.0598791239058123
user_KyPtYo2p	0.039874696999630886	0.016140797908748096
user_KySFBqfc	0.06691856177406331	0.02549909098219613
user_Kyz0bhkW	0.0316371249531744	0.011447851056186495
user_Kz158zzr	0.0351780470977615	0.013901308364194356
user_KzWuuBsC	0.018017071655608598	0.00792150461478133
user_Kzhw8mkR	0.12032275035114368	0.05370260274178051
user_KzjZuhql	0.05378534279275833	0.016598944872565326
user_L0BxuN3b	0.4159674822768805	0.025871788064798014
user_L0OfSeKJ	0.07400006818507873	0.02878759417885729
user_L0oNAUWS	0.4221500357659598	0.013352650613739678
user_L1LFUPNV	0.030182128786224435	0.01358574928523368
user_L1U6hZIG	0.025380229024768577	0.009017031044262465
user_L1Vibc9u	0.7445392051190758	0.05000915349069451
user_L1WbZV4c	0.04642541314765006	0.014903650566453734
user_L2D5TYq7	0.06009285429495957	0.024579415622585848
user_L2RZwwHK	0.10334565221818927	0.03066998574988107
user_L2Zvn3QZ	0.04541997614878367	0.019065609704814374
user_L2efTAHT	0.0020335579173814166	0.0007704239225426923
user_L2kuesnv	0.05213821281744393	0.021418395831363884
user_L2me85a3	0.04755783839123917	0.017426797558217043
user_L3t9EMbN	0.03860329982720796	0.014784683031431276
user_L4FF8u1l	0.08021782412485756	0.030252763091253906
user_L4MBKHTp	0.05216397881150381	0.017931931731649847
user_L4ZdKo2I	0.3619012987928521	0.1687772709748627
user_L4cSYrTb	0.04390215177244501	0.016251589191215263
user_L4lp8Rd4	0.02707201681043221	0.011041109967371683
user_L4omGFZB	0.0245411093810402	0.010436394746669953
user_L4wulnP5	0.34864596380764606	0.16463349993015536
user_L5DH9tQY	0.0540665085060654	0.020833707979087
user_L5Z5JhPI	0.06902226172195211	0.025479890359927485
user_L5hF0UuW	0.1465537155418628	0.06079845752602026
user_L6B16vlF	0.06653446506025322	0.02941300746855186
user_L6FQPcoP	0.04206122882733502	0.01667334440334719
user_L6H3mkNA	0.04051110484195	0.016879978033368628
user_L6ctdJor	0.060363965700571086	0.022833543078422683
user_L6dOwwzR	0.029201759908133812	0.01174462677163803
user_L6qpkayk	0.03293167233197823	0.010008872947365358
user_L6z3L66l	0.05335187869394324	0.024686453584333235
user_L7449tu6	0.07415456614366255	0.028524237703692567
user_L75Gde6w	0.4656160537227764	0.03246066239175741
user_L7LJVgR6	0.0426183466506183	0.019547054495115988
user_L7nvwqUo	0.1933790268324684	0.08012199279297096
user_L7yAtX0I	0.7169348727035093	0.06395472596784807
user_L81pYD3f	0.04951241657232493	0.020119373674728408
user_L83F0hfg	0.04943395863200138	0.020608032711730905
user_L8OhCBWB	0.28082612005083685	0.02029853518119127
user_L8cxcJco	0.010935782978490908	0.004048727586874405
user_L8wLoiqV	0.09756467760522237	0.04126476838557963
user_L9k8WKzP	0.04819034635502162	0.016868227552751084
user_L9nsJseV	0.08214848854041008	0.027794366500844103
user_L9vbZfUZ	0.050670846450139646	0.0213432707893815
user_L9zZwZHx	0.0683970528796779	0.028584562150248564
user_LA0Vom2H	0.02640233157307533	0.010917259811648067
user_LA4svtkH	0.08597433859320663	0.03275984205539631
user_LAJZiJ6O	0.004839624062617554	0.001698453867784346
user_LAKtdtCw	0.10246003377793697	0.04635908554362352
user_LANAd9WJ	0.38669919110047946	0.02559964391540856
user_LATJaWSB	0.05330116988589865	0.022603353278405923
user_LBijzdx3	0.02939207707071536	0.010549708942648927
user_LCjGNt12	0.08734606299598748	0.02876883039918746
user_LD9fkYLE	0.038962180673714986	0.014167488421655943
user_LDP20a3R	0.08827637185575887	0.033780813793731664
user_LDPTw1OO	0.29238003418719744	0.01583418462639241
user_LDSrFD77	0.08077885609153432	0.03065491044932568
user_LEMSfEIr	0.0891126341671174	0.036818774217402025
user_LENLpWxR	0.011703209738287465	0.004665578249366512
user_LEOtWnqJ	0.03360070409856863	0.0128294568726276
user_LEXJwzOu	0.025526630422429517	0.008723543770982266
user_LEXqE4aN	0.09435755964710231	0.040638259762597585
user_LExAeW41	0.028673120959941435	0.01155085984193956
user_LF28b9DA	0.02505937866766091	0.009097332909039751
user_LFIMFlQR	0.22051845518122443	0.09093379367167498
user_LFwg1mV6	0.04860745038218951	0.018679016822615996
user_LGLRd6Im	0.041700209000220256	0.015641462010203798
user_LGV4cD7M	0.026155697615319395	0.009957509909254822
user_LHJRMrT0	0.4254413670718816	0.021463581777470278
user_LHKcf7Vf	0.045177573033519	0.01807673664599276
user_LHUDBARS	0.28381906439487703	0.019046666964847008
user_LIZSZeMX	0.15251007173330364	0.06601472732677967
user_LIaBTOOa	0.011471321223099445	0.004041908030936162
user_LIf0iVdw	0.07419398317931161	0.035054506669275995
user_LIfH3ePj	0.08790115977054805	0.028482552588433997
user_LImu5BMT	0.02290795841879895	0.00838119837665207
user_LIxjFpfV	0.015381869927643198	0.005224144568203409
user_LJFJmSwM	0.09915503375455889	0.03462238623365823
user_LJRrmz6F	0.12055378774662068	0.05431806951784207
user_LJwRA0CE	0.7923669146418638	0.042639527681769006
user_LJymEyQA	0.1259777889687	0.040416559207547706
user_LKEnnATU	0.3887711208564224	0.038717869738371234
user_LKgtYF1I	0.04821224671226018	0.018808157115963352
user_LKxCXzNe	0.04869896555833707	0.01701782425062276
user_LLTCnsnG	0.022425519057079162	0.009632688506476418
user_LLbMyaj9	0.04779543257642065	0.01571787013825574
user_LLcfpeYU	0.014526184608766628	0.006652198496252586
user_LLzumWVy	0.09748766847117174	0.04037021927186107
user_LMDlZXPI	0.43888029346208424	0.028377051228764116
user_LMQsWPT2	0.011667320160204091	0.004284541027610684
user_LMXWQeIA	0.03417515098479567	0.014343467660641556
user_LMiNVNVH	0.0588949932874802	0.02434908641861901
user_LMpOFoX2	0.2618681472061537	0.008453998704171165
user_LN7Jzuwk	0.04898771468044781	0.017537904033659363
user_LNN6NxRo	0.04110457101608072	0.014849049130036727
user_LNSBikwo	0.029748942897666303	0.012456546121296397
user_LNbHG1UK	0.5214986588650501	0.023729119012274705
user_LNr3RbwF	0.07712883921466573	0.02957573361858603
user_LPD5xNBb	0.028532767990039752	0.009516327961448698
user_LPJrIWOB	0.04917196470371051	0.019702489277227557
user_LPaWGCpu	0.07859707248623475	0.028753062036514416
user_LPt7mEXe	0.11473720469466032	0.04837207539810211
user_LQ7tcnWj	0.07430814824214574	0.027739981571584322
user_LQ8yicMW	0.08304264391221661	0.029503059774809583
user_LQW7NFrw	0.041277851410405936	0.016181084703711702
user_LQgyI92y	0.04305445756531583	0.013517688617355536
user_LQpwS1Ps	0.05677415690306735	0.02230975247768834
user_LRKB766P	0.08328349953975717	0.03529697206901677
user_LRyBVIZ8	0.08081043103198816	0.03483453960046826
user_LRyegivK	0.04213993969261576	0.018444623934030284
user_LSRNfgf5	0.03228402247994877	0.01302567091919423
user_LTletIrE	0.29180014991985065	0.019061007991094902
user_LUGVQu4f	0.03721650773913629	0.013614769555189758
user_LUdo9XK3	0.047202175057361066	0.0193658293562978
user_LUtmf0Rt	0.019326932307439246	0.00842528687217849
user_LVMeVhfQ	0.16000334223788512	0.0644210101724023
user_LWbXUU1N	0.02041655389454402	0.007345271963656428
user_LWrTn2Yn	0.06219252347845368	0.026349794226092262
user_LWyrJLAc	0.18095899919240974	0.0677944730002645
user_LY2HqrTi	0.012316343532503665	0.004596075022765274
user_LY2Khrpe	0.024513479662214094	0.009073478808609673
user_LYZJTQy1	0.018763760799232043	0.008159406914005725
user_LYv9kK2K	0.12117867725804385	0.051530461397666656
user_LZ4zHW2b	0.31896169290441717	0.021443298099616606
user_LZGpfSF5	0.04485092768950473	0.01527470354242848
user_LZbgy1ZF	0.07637213397548297	0.03077725722089829
user_LZc9HDCX	0.018684813985344016	0.007028947158267907
user_LZcBYxql	0.040556254210303844	0.014319998803350985
user_LZkfJSpR	0.03000140302129123	0.010930094401304252
user_LZw9thnX	0.007037608642886727	0.002483359765520898
user_LZxlRf5s	0.04859573654798641	0.020695691638763187
user_La2IRkPM	0.05604442473529632	0.02423424655125008
user_La9HpjA0	0.16598079797367474	0.07743600601423935
user_LbAyr3B7	0.038238682885370225	0.014849504252463131
user_LbvPinyV	0.020334711930010067	0.006990453514787841
user_LcMR9YOC	0.03345832334240191	0.013016883356037156
user_LcY6R1oy	0.5282278990158795	0.24372335842469767
user_LccJwf9S	0.02704620178414173	0.009587287549622951
user_LdYrf52q	0.07992857809968526	0.0355840601240878
user_LdzCa9B3	0.4798277919557691	0.048543722303401454
user_LdzPBUO8	0.05659684213491206	0.019269639002122183
user_LeAaJ7F0	0.013139150023021054	0.004864346138300628
user_LeHFiYcu	0.0697891454595312	0.024448098136900784
user_LeNJEo51	0.09629052021547535	0.04175473904492043
user_LePxwN3H	0.18408110593166396	0.08446028910517787
user_LehDsXlq	0.025699515554374892	0.009398466563100762
user_Lei9oCvf	0.3760894071842261	0.01653705909888969
user_Lf2HhStd	0.045212559251547435	0.017417168705303087
user_Lf6jH9wL	0.16678879348813272	0.06326082141338522
user_LfnMPODp	0.09510139085490756	0.040604087248062706
user_Lg9zvUuy	0.06721153491288617	0.023253908204117983
user_LgFTZQuP	0.07225179825275124	0.03037427466533225
user_LgFcqstZ	0.021101552609380937	0.007558576472397262
user_LgSbln5b	0.15639483976255097	0.06923918259536763
user_LgdWnmMx	0.028719294010053076	0.010601224233121848
user_Lgj0H8g6	0.09992047454756409	0.04020692125142992
user_LgxSgjED	0.07158114645836905	0.027784601441976524
user_LhNiCJ88	0.0385878817492344	0.014617922428163295
user_Lhco6BkH	0.07373376008568676	0.026543777549664246
user_LhqQYCfn	0.02150223800432227	0.007327184884501167
user_Lief5tvT	0.035060725494796635	0.012019269805231537
user_Lj6ICeCs	0.14192586026661083	0.0637638614052308
user_LjDkMPUu	0.03657776404326316	0.014892412729618606
user_LjJhlJjv	0.1915130026683239	0.07007065125300457
user_LjO1bM2E	0.42066984350938746	0.029767999254408522
user_Ljd6Tyg1	0.0636017869865095	0.021838365153562016
user_LjnGtfUS	0.03390112643358653	0.01332677955485541
user_LjxQCQWS	0.1382199148593366	0.05024740735075705
user_Lk5enntb	0.019036878202888685	0.006379488152582255
user_Lk6iEGgQ	0.05764880783791722	0.020463538616902265
user_LlBTEnQN	0.08366872539797847	0.032379500589508774
user_LlYyPw1y	0.04518858430950008	0.01641423466768953
user_LmLaj2Fv	0.21950213279780356	0.09047137456548354
user_LmYs3ToG	0.007818046360004955	0.002854506708665466
user_Lmc6Ri6L	0.10435404738492199	0.0424027609939835
user_LmsS9QVi	0.04036172760641185	0.015267821541086735
user_LnZ66Wlt	0.036903237544091055	0.015014035632818381
user_Lo137NSl	0.06861988958801156	0.031412163582626884
user_Lo1neXdd	0.025278131877671264	0.010594942837422884
user_Lo2ZRU2j	0.02705171240668909	0.011184850052913408
user_Lo3lU3Dq	0.06978018293717059	0.028895003557812927
user_Lo6jaPtC	0.016455760555437432	0.005882904387493351
user_LoPLecgs	0.09210544064220907	0.03793307373170005
user_LpGC6hyP	0.04720689718449275	0.020966742627492943
user_LpPYx3ye	0.04385165792494178	0.01608248853625565
user_LpTUuess	0.5031224004419969	0.035159331688534565
user_LqZX6TCm	0.06799661801510454	0.027805773153834687
user_Lqadn0lr	0.0856134371966254	0.036146779165361374
user_Lqbefwbl	0.030648900270021012	0.011155363703903475
user_LrTgdnen	0.03192294797267084	0.010952527330726897
user_Ls6Dk1b1	0.03792040081825396	0.014301142227419482
user_Ls95cUo0	0.09423682838755522	0.04170969029565692
user_LslOoigB	0.061620829933885436	0.01932136900731169
user_LtAoLGBE	0.03540557929233816	0.015573681839895567
user_Ltywc4Ox	0.01015673886546186	0.003798820259287329
user_LurAZYZ1	0.06675036498348676	0.02470146373278154
user_LuzE6VPb	0.12988466494264245	0.052904771339385155
user_LvYBrMjf	0.7868148654337987	0.02139225656650967
user_LvhhQFUi	0.06025556797722464	0.02159646288931922
user_LvlotCkL	0.04699858210474054	0.017954581077663987
user_Lvsa7hac	0.040563358406949426	0.017081001921104087
user_Lw50QZFN	0.09011022958075288	0.03376150348315888
user_LwRjO6uq	0.01110092533153511	0.004058371013088754
user_LwXwCp6Q	0.05114812693178218	0.01874621568686044
user_LwwFomyg	0.045462419939540685	0.0164017814929916
user_Lx4bwtIc	0.774116754076172	0.05265903976610564
user_LxjUeu3Z	0.018313412280922495	0.006278311359415774
user_Lxn6mmFg	0.030983663893629	0.012799592110428675
user_LyAXguDz	0.005631561805802886	0.0019987673397565834
user_Lyrqcn2O	0.056758721987075586	0.021568621154104406
user_Lz0bRzNV	0.04450664436981795	0.01683689420294575
user_Lz2ZKJ2i	0.01613872319244283	0.005853417272413334
user_LzCCjmDq	0.07533458138051387	0.027620821490586513
user_LzcR8TFs	0.10366071238835109	0.03825858106665436
user_Lzh4PWCT	0.1086853260498736	0.04761218163829674
user_LzioRKOp	0.150721657560821	0.010648661127509862
user_LzsiavBw	0.07895290727689888	0.028023194085813528
user_M0MGvLiA	0.08841056598902367	0.03908835895111834
user_M0jUW7JE	0.030417803733180232	0.012202942095325655
user_M0pYZOGT	0.047520615417171556	0.019994402630299755
user_M1lzjzXS	0.009312199287231121	0.003291655751209672
user_M1oPMruQ	0.023645286669339224	0.010100801607125124
user_M2iLOrji	0.05755476042497249	0.02296614670584846
user_M2nbnY13	0.07740765972114015	0.031107350285392875
user_M32eeSHa	0.3906060097297962	0.026298022350529755
user_M3AlSsLV	0.048259615502275435	0.01797672874552978
user_M3LiOhDG	0.0526853270914991	0.020304572583597084
user_M3OTDIh1	0.08203625537664921	0.023796093428020183
user_M3QwUEne	0.39492790085728224	0.03076197538363597
user_M3Rglf46	0.038471704827830515	0.016342754827711137
user_M3TIonyz	0.06377606050790001	0.027405673661676098
user_M3vlib14	0.024018353985333314	0.008093342085830641
user_M3zCnpz3	0.025106705791223215	0.009338484960665952
user_M4EsgO9J	0.3749143539075602	0.016852143062937495
user_M4PaYLRb	0.029191766899168536	0.011835796635240033
user_M58sXxcn	0.06989326498950665	0.023162462920784596
user_M5DjTcJl	0.04627316674088751	0.01953026970990069
user_M5c62QHi	0.36522622563849705	0.021946742933952296
user_M5lUa01i	0.04679975586000199	0.021223212373873687
user_M5vUksmr	0.07101844148114975	0.028552716163566305
user_M62WE0xr	0.04739945437374539	0.017963895973550865
user_M68vehGQ	0.10950693210189266	0.0431662897719644
user_M6c9z1lg	0.05061143840772468	0.01934571906809948
user_M6ywuEgC	0.02608632416402069	0.00933022963228647
user_M6zK8iek	0.06730052666954078	0.02346079382709542
user_M7LytS2m	0.07792452727208116	0.03218142552661637
user_M7S2w24b	0.016616537196042794	0.006243200535977299
user_M7rTqq0q	0.014428583567423752	0.005534816367365772
user_M8LJSLS1	0.06725637265695375	0.025793371438330267
user_M8MGYMhv	0.08831521068900544	0.032774959424187386
user_M8bAACo5	0.17809786811845624	0.06825870793810562
user_M8lx7V7v	0.08110558430023296	0.027493255477846822
user_M8oljU6P	0.08428561493499273	0.024584321256873265
user_M8zCSefE	0.39155486987394467	0.02132769027148027
user_M9ATA8k9	0.5087568562915947	0.05264191784072067
user_M9MEvYY3	0.07247310752112919	0.028404109364941414
user_M9S6ximl	0.04410147315648785	0.015066828362181685
user_M9aPJgHD	0.055737887360011146	0.02232591925450953
user_MA9BScV7	0.039759860066721775	0.013506262981809306
user_MAcm1fth	0.03138628680869368	0.014101623529306374
user_MAteohXl	0.10661073771710218	0.04980557313331272
user_MB3fVkgs	0.0414181762156596	0.015266189755791715
user_MBArVdbJ	0.048600860871132454	0.01755990553515079
user_MBFvZ6En	0.02259193248215723	0.007927373922040471
user_MBS7Sxav	0.05907602371879854	0.0250871207717502
user_MBXswFlX	0.037219567053168895	0.013963827521425146
user_MBiF8o7H	0.04822433369602132	0.01724425316155912
user_MBmOdy1K	0.5739282592895512	0.034516029338792296
user_MBrUR6SV	0.057028705567649274	0.02089237693489608
user_MBzTDSVs	0.4037089755605995	0.018746638685618763
user_MCBD81Et	0.040407455058390676	0.01620945348122698
user_MCCn8hUV	0.6087591794059883	0.026250922275283837
user_MCMsuD1E	0.09116553443948389	0.043855100686864865
user_MCdr4OKC	0.037830863051450246	0.012950447195587493
user_MD4jYR9Q	0.05565777363449423	0.02073144665373933
user_MDEq9Uo9	0.0171656646137709	0.006088660993180931
user_MDFM0BEL	0.04252927038441923	0.015176145556325451
user_MDHkPAyj	0.04383981203412626	0.015452387378441401
user_MDPPgTTC	0.14196953515942384	0.051437467239404226
user_MDWjmLX7	0.06536540868010111	0.026566541323781206
user_MDnVtPWa	0.031430487836688066	0.010795466505389064
user_MECQqDjK	0.1257022725574278	0.05328248321472126
user_MEPODf8T	0.0747514424660851	0.02794405361871394
user_MEn0FUsz	0.04306438903918088	0.014747285874082005
user_MEuoJywO	0.03206603499033091	0.012194324551380812
user_MF6aVDsH	0.01856153556976678	0.006541864938897066
user_MFGRuA8V	0.06627944884520598	0.026548416451001023
user_MFzhJ5Ar	0.009782976569488632	0.0036918397697653536
user_MGP0JdyP	0.06513728905736137	0.02348264839197693
user_MGUoVnQP	0.07985489535418888	0.030905753521874885
user_MGtZab2j	0.023222504945917894	0.008146851227682286
user_MH7UBSBA	0.5313913039735059	0.02718148000107214
user_MHCnsdiz	0.00938062378263162	0.003435464877647587
user_MHCw2Olu	0.1216172689747036	0.04864004824307702
user_MHkAfvOP	0.004594055438960572	0.0016344421696333185
user_MHx40OZK	0.009945785431942779	0.0035655174790356708
user_MI6rT1rp	0.060524321126353545	0.025291472535548597
user_MIIWHTcY	0.0542665516150844	0.022836347595940346
user_MIJHd2y8	0.02528817478201037	0.009666062310388943
user_MIJs635I	0.12584007257597646	0.0548565529706574
user_MILi2foN	0.9377653428195412	0.02697508666637935
user_MIcJV9uo	0.06726597201821437	0.027747674529060847
user_MIs9Xip3	0.3793196265229176	0.03683500927844645
user_MJ5W0TZw	0.04536783026046738	0.017425488290362414
user_MJXhQfzY	0.39049812988434685	0.03469849651430753
user_MJygERb2	0.09652182213005736	0.037767323269588045
user_MKi71j4a	0.03868747868239025	0.01566815986894492
user_MKxBcd5L	0.10328239906002734	0.04039240291867231
user_ML6n1Bj5	0.0022687367539000643	0.0008096561780890462
user_ML8uFv4y	0.018456024767984122	0.006335709311444338
user_MLvR53ZY	0.09117438410768881	0.035122488797706415
user_MMiiQ4Xr	0.09493715889481574	0.034025212531588446
user_MNH4h8KI	0.038112782961548214	0.016547141204609938
user_MNZLP1Fa	0.7729918425579114	0.09445982302235661
user_MNjbFEya	0.3149739656106413	0.014957962763958003
user_MNnGnACI	0.8705028112629505	0.2850006225104419
user_MNz4tSLv	0.08142561760812894	0.031666981075563955
user_MO1feOOu	1.0996553962707978	0.04957856720988764
user_MO1uOpdw	0.022375358936004567	0.008145080237043705
user_MO9hBPm9	0.06475756628657695	0.02517406641240984
user_MOFQCD3U	0.042432395670788575	0.016815087757912475
user_MOSZZzoM	0.6228267526021892	0.019473143060955867
user_MOSrsSw8	0.05154859195909377	0.019434251128041303
user_MOstlZig	0.05225709796511328	0.0225225641999148
user_MP6iL77h	0.04471315878137676	0.015606591362678886
user_MPEbmEWr	0.02835448893819062	0.011870050135709772
user_MPHum3wN	0.15483909748319308	0.06785414617097243
user_MPJof5Rr	0.4031798291133208	0.167475304928902
user_MPZnOfT4	0.3742211282033583	0.14858338955906156
user_MPl6ihdO	0.036940473683656515	0.013525725340277813
user_MQ4a85lb	0.04233689901531304	0.013950350152570252
user_MQ6YWWba	0.43896518011597674	0.01640157199408856
user_MQndmVyY	0.06540120965872706	0.024036009909769285
user_MQqCIkUr	0.05002193249606461	0.018599209736114067
user_MR0qPtGP	0.006544678635593567	0.0023264357145591115
user_MR8zodoC	0.029466339405135943	0.01069820492348812
user_MRLAWdj9	0.051895674879279804	0.019388113648160548
user_MRj7OGYi	0.08610375449810338	0.030300303176099736
user_MRnphbla	0.18080624013895374	0.06819084440232462
user_MRpBgKQD	0.027526392489425094	0.009839347660602927
user_MSP5Dc5I	0.10703421512149669	0.03730312372877877
user_MSQ26rH4	0.041554472889349145	0.015625523624681566
user_MSz2J3lE	0.03810056800528796	0.014566637852627054
user_MT42K4Nd	0.03589748744234953	0.013958428240507597
user_MT8aWXHL	0.0360191569608091	0.013511872798651238
user_MTYPksAI	0.4690661843133986	0.019248668194413034
user_MTavFgbR	0.06771158279384268	0.02710779252466014
user_MTjFchzk	0.031690002385021926	0.012498414616201565
user_MUStyveH	0.020459364070725395	0.007273175097500894
user_MUXok8wI	0.031418546200967325	0.010921365476387801
user_MUrq0qtw	0.0780044041566121	0.030557818346281074
user_MVmXINKn	0.05303655877667201	0.020218889188536766
user_MW26DaOU	0.4176297922569189	0.011398256140823779
user_MW6CzhkQ	0.8914393256989006	0.09438225635078722
user_MW97fFmL	0.3712378138669887	0.027732262726846493
user_MWBq5rB6	0.040967932658116324	0.015790228049608702
user_MWHirCYU	0.37195161173408703	0.022668702486116146
user_MWbWnra2	0.7236595313295693	0.299991098320678
user_MWdrcFGn	0.01906125202086774	0.0066029331762119245
user_MWjm2YqS	0.18299703872584513	0.06613910886089894
user_MWsNOaRh	0.01843152718705078	0.006670761952288435
user_MXI3m25N	0.7670643410842933	0.027011889298348874
user_MXO3wMPG	0.5377676140796589	0.030794921573596284
user_MXPM5yoh	0.014996410673216137	0.005501638189846871
user_MXPxIPUk	0.060194085675466254	0.023402676870259057
user_MXhCrU0B	0.03299204622580805	0.01296018682221676
user_MY1OndvX	0.033508483209313	0.011914448951213318
user_MYDQQMnF	0.027593719649079352	0.010126363771776148
user_MYQ6m90y	0.8200776625161545	0.03885586007932548
user_MYRKi8ih	0.02488808161245548	0.0088579578253705
user_MYUlXL19	0.028227318460280815	0.011463302790165723
user_MYjWthL9	0.07133136878061562	0.03291122428785975
user_MYtiDNYn	0.05498114740084564	0.02011662049985362
user_MYzF7EtV	0.9409056049812266	0.033887359003604386
user_MZdFKMO5	0.030362139804670653	0.012514709419751614
user_MZjGPuMJ	0.0070585612416904225	0.0025771235307353534
user_MZk8grKk	0.04998715296345931	0.0209790635177289
user_MaFrzPAq	1.0169224646319532	0.05044360146775373
user_MaGcQYzx	0.038857522281912665	0.01536122091516452
user_MaLftSI4	0.02184810127022019	0.008097275332026541
user_MauLbAv1	0.10754678074054308	0.04258973212415326
user_Mb0nlTRD	0.03056954389795185	0.011245608413470207
user_Mb6tXt78	0.03372776986431303	0.012404858841750023
user_MbATw7TN	0.013648824555960545	0.0052130729511235515
user_MbNZC658	0.01727060761687927	0.00610968244875
user_MbhxSHYC	0.030765700401840807	0.011579583672093887
user_Mbp5ELOV	0.017549334152080057	0.006254400121822794
user_MbpAzMLw	0.02713869860349069	0.00976971399015539
user_Mc4pckht	0.0371305968893039	0.012591501875805357
user_McB9m0xm	0.04591741342942007	0.01693981037605342
user_McChSTf0	0.38609489287791376	0.023217602787485955
user_McNo15Qb	0.40357317445554525	0.013803266899564591
user_McRU0r8i	0.05529725030630858	0.018160304714846646
user_McpBTtdH	0.07535145457055341	0.0320043162444254
user_McvFINx2	0.02717011138428649	0.010189699674264021
user_Mcx1irDe	0.08260471446780364	0.032961017901623674
user_Md8ZhBpn	0.8091372075652444	0.07969095196204377
user_MdWfLPEh	0.04515847128072718	0.01836692140711973
user_MdeRXTmf	0.027054178372138624	0.009954022577864628
user_Mdr0r47e	0.05740179465097099	0.02263042617292311
user_MduHT8kB	0.13787104726690202	0.04478712638168873
user_Me6LF0BZ	0.015768704526843206	0.005622290387052636
user_MeOUL0hS	0.019177457325677945	0.006712804110623771
user_MehRKl0T	0.042286527272323036	0.016093601430058755
user_MfCmKP1H	0.03967583696660022	0.015585543092195307
user_MfRqBlJE	0.033315945393450216	0.011858266763071319
user_Mfg5Dxbe	0.02706327945980081	0.011017394583456562
user_MfwoHGub	0.44733217704022404	0.016340160556586145
user_Mg8sgxWP	0.021383816350530604	0.007642124024409532
user_MgOSESPx	0.040747747879120444	0.014612133425402725
user_MgvNxMWN	0.04241861208070187	0.01709256628535291
user_Mh1YOrYf	0.03707181673263511	0.012867288391921531
user_MhBUQGEu	0.02249365750495232	0.009458131173788506
user_MhFLC2UY	0.013495690625403997	0.004698300039134451
user_MhWwatth	0.04571330857390684	0.0173865698545077
user_Mhjy2oUz	0.08357830077819323	0.032697748494509474
user_Mhlv87Yq	0.03877770374743014	0.0149442419388989
user_Mi8LisVx	0.01855706566034579	0.006657589385749667
user_MiPMvgPU	0.04321241035648832	0.016128369385538893
user_MicUROoo	0.06824442303005121	0.028418152541347236
user_Mim4j3sx	0.5275941263865731	0.02527951829635612
user_MivWo9bz	0.04913065589325882	0.017615241777867705
user_Mk7FaW7r	0.149411673642308	0.05395221433458445
user_MkZ0Dnx5	0.02698927431737584	0.01123937294367639
user_MkciexQw	0.03310406698303565	0.014659168388605374
user_Mkkrse0v	0.02942238852358945	0.011914973210169702
user_MkrMcIIu	0.5214145946282108	0.03755218242747821
user_Ml59A7rh	0.34000343863856874	0.02369402845622792
user_Ml7fw0pG	0.06282788341702505	0.02694444880377446
user_MlSwhv6L	0.3056317975437117	0.019983261919231454
user_MlXitGOg	0.07101357544707117	0.029886043652246678
user_MlZMWrCI	0.0875544665628586	0.034088866280478206
user_MlbKIvsL	0.031580815773447804	0.012691109517362614
user_MlhMbbyi	0.10687459314315578	0.05089542611110692
user_MltD7Dij	0.07162436565131133	0.028797981063192975
user_Mm1Aqh7C	0.2604539358006021	0.007816208812472084
user_MmOmQE7i	0.03239481372680668	0.012953024092904981
user_MmUK5nw6	0.007237827229589069	0.002579456490207617
user_MmWwvvVQ	0.05405113314371469	0.02124873045689769
user_MmsIiAFx	0.04486238985205082	0.01848018020935684
user_MmxDKKDr	0.2879220868944739	0.023494493947058773
user_Mno7snm6	0.025598052677797647	0.008670512639944828
user_MomNVk6D	0.035599175457959806	0.012789238401078021
user_MoyHQH17	0.06182609109085056	0.020222522193448982
user_Mp0uDh7I	0.04069970638471106	0.017371694180499112
user_Mp8MwBrF	0.14524216179818056	0.04750244555414503
user_MpJzPWa2	0.08785294584306891	0.03660205411714116
user_MqB6f69x	0.13610928250110219	0.05609024065710707
user_MqmfNGF2	0.02379942313778196	0.00805134289644613
user_Mr3vxs2N	0.049029940370110284	0.01838593713468343
user_MsJzd6CP	0.03515689418499875	0.01538759635231479
user_Msfs9ZUs	0.06588896992265168	0.02024392718492603
user_Mt1OsHNr	0.03013898684997783	0.011128875970551252
user_MtAXEvuQ	0.07356266033350412	0.029217429017395987
user_MtuAoDBi	0.08950759165316209	0.036508015460182626
user_MuIY5yr8	0.34960774426887037	0.03209200400855162
user_Mv3jN4im	0.024879428150344305	0.010421979532907908
user_MvIkzn9p	0.07473143760728816	0.030152585685539513
user_MvO0We5g	0.061398837299016545	0.02368082730924922
user_MwGeJPzh	0.11747102465144216	0.049348958231717595
user_MwMgmsB8	0.04042381639783071	0.015573217676723965
user_MwQL4hke	0.12060963432327977	0.05710398005647936
user_MwR2FF3a	0.04643436745836642	0.018313278953589966
user_MwafAts8	0.14997620664828598	0.055856888331199936
user_MwcRr8Ox	0.1217367757554785	0.05479291790386691
user_Mwm4XAPb	0.036409047324820455	0.01420391679874638
user_MwxK7W13	0.2880133587094286	0.015524060045436112
user_Mx3ZQroj	0.05553977733305297	0.021838009789881332
user_MxKzRt0g	0.025534011952617175	0.010476063855935918
user_MxhuPsVz	0.026326876880903287	0.009677613140692327
user_MxjiAFxY	0.04399887297155907	0.01679227579055181
user_MyHDiROC	0.03861467266921792	0.015578678190402763
user_Mysk2jTW	0.05028927265691807	0.020622836961601956
user_Mz5psNen	0.14757955607655496	0.055724573974605916
user_MzCR5mFK	0.033895858652016816	0.012510483938961706
user_MzHAWiW5	0.04974458577987422	0.018400798269706954
user_MzUN8gWP	0.46325726829872904	0.016084866580599405
user_MzenOqI7	0.08911608400403354	0.03009224834404918
user_N04eNsUV	0.029619250805238508	0.01077437975137324
user_N07lIKkO	0.01168834624944576	0.005599969897187892
user_N0vX9Jlk	0.13136282803532706	0.05531422966312004
user_N1F5S8V8	0.3690615545804451	0.017819896847481
user_N1U0WLUO	0.13009898712213933	0.05303279176737212
user_N1hGwwBT	0.02664212972986758	0.008940111560277372
user_N1i9uLZu	0.03737216482744547	0.014525845020526795
user_N2SuZOE6	0.08070871148661161	0.03256803019724744
user_N2kb4iuU	0.03543789488919475	0.01579499895018712
user_N2mzx1Vm	0.11430716154123202	0.04247061279223107
user_N3SeD9c8	0.45146872524421117	0.02337233004842988
user_N3WZzSVg	0.3556328750309993	0.009456613821315619
user_N3rLVTs1	0.03557663551048152	0.015577470224340402
user_N45zqas2	0.28743643336755953	0.014063141530681385
user_N4K21mH6	0.27879296515107604	0.013237945247604513
user_N5ePCovf	0.03563120736690741	0.014834808196297546
user_N6AkSK3V	0.07946946169463727	0.03692389888202402
user_N6LsssYb	0.03199135531032744	0.01184466310072338
user_N76VZra6	0.055773631919584156	0.022454502949058357
user_N8MKFEsW	0.5211508366763391	0.04537726882403336
user_N974PLdb	0.07030829524438531	0.03369703073187054
user_N9Izv8Bm	0.06623009379167738	0.026848341455705207
user_N9JrPTdJ	0.054172310463931866	0.02182807517846506
user_N9MUWA6L	0.035098841984109466	0.012715107828792649
user_N9MZhHDY	0.03339272507978826	0.012156894255756211
user_N9OKtRH0	0.06760905897871977	0.026926189565275867
user_NA3YRuBV	0.2946987651227717	0.016499020524722026
user_NADg7iWo	0.05364636322515314	0.021254811532791747
user_NAE2bHHI	0.6594919902391589	0.22342670823011235
user_NAMrmSi0	0.018189291807270525	0.00807908591945059
user_NAsOJcDd	0.5581106138014925	0.06010034811822903
user_NAtOPUVB	0.6020166260637155	0.2738969962076589
user_NAuUDWpC	0.12847821940911464	0.05848863916330872
user_NBHDG5fl	0.041143693560761925	0.015614811468450632
user_NBKhXJJF	0.023923797943240357	0.00829524091094929
user_NBMYBaKF	0.37294663266771455	0.02838618241445057
user_NBPbxJ8W	0.06776929521222634	0.024964390656565312
user_NBTW5U02	0.03564619077720321	0.012967370007829576
user_NC3ZSoDk	0.42602797071763737	0.0175335158422554
user_NCEPB9mX	0.39388731869492066	0.013266379653310513
user_NCODNc0Q	0.06311548832623859	0.024383611676050403
user_NCktplSA	0.4917669081586489	0.017053435240202062
user_NClypar1	0.03986996366968046	0.014422417763399495
user_NCztC7Ni	0.43947257667331024	0.022391973889439525
user_NDZJzqjC	0.36671269018033037	0.011471116654312156
user_NDiJja4Q	0.07030865973116487	0.027998829343456353
user_NDlPYUrR	0.4043277565648884	0.026274335787299468
user_NE5ooDRE	0.07403805589407021	0.03163648321414519
user_NEFgBkgX	0.04228780580115974	0.015250138515249926
user_NESs5T1v	0.07301996696270108	0.025562336410816115
user_NEXUMKEj	0.061488121739374915	0.025785867662546945
user_NEv7z5mz	0.13880668039935112	0.05654949924523219
user_NF0HZiuy	0.0424701709247797	0.01718779258488089
user_NFF0l2IY	0.08449331796816961	0.030810295582935
user_NFs1QSWW	0.012475293421028044	0.004500831427304244
user_NGCnvc3B	0.043053044849244826	0.018165358687135896
user_NGO8vqC5	0.4552124486696179	0.05350136488127324
user_NGfQKNx6	0.3429667032968545	0.02953086896259555
user_NH4DiDbR	0.29283751843377326	0.015138670806977044
user_NHPk2fez	0.047977272225582436	0.017983817856948026
user_NHjMHcex	0.07474434186727134	0.028306228997289556
user_NHrEewhk	0.40702768975945247	0.027008751060267774
user_NIAbHIF9	0.5738710455604259	0.241825257054787
user_NIXbUh4H	0.04600558251178585	0.018134544628876453
user_NIlzz6Nz	0.008720951040853856	0.0030489656124852295
user_NIqwqxc5	0.007328839398680009	0.0026337453577936665
user_NIxMtWMh	0.11206370377363534	0.04767434952940838
user_NJEKbID0	0.013917490218802245	0.005172368985498269
user_NJLFhWLL	0.07077108380787392	0.02832558038688133
user_NJN3OD6x	0.0400592209577527	0.015440293751149664
user_NJwDeKL6	0.02897708714187628	0.01010160984286343
user_NKRlJFby	0.04516109480612415	0.017873726451035868
user_NL1VLCi7	0.015960624172702827	0.0058254549138899055
user_NLdIV8Yg	0.539472587423393	0.023003963624438108
user_NLdpSiQ8	0.5265600968475681	0.029998612116215698
user_NLtxU7VM	0.07341889321909473	0.024069834956041737
user_NMFUzktW	0.07450994819121748	0.03023416985624444
user_NMMX6DRJ	0.04653861394545321	0.017859299939595067
user_NMeyxO6R	0.04118617196899249	0.014401516001134741
user_NMuNqKoA	0.34867414188156937	0.010695617108380271
user_NN1TNzaq	0.008022824890380344	0.002959154098961462
user_NNAJ8JTY	0.03508943234390024	0.012500827616332453
user_NNCA1Mad	0.8801500812553914	0.040715665325035705
user_NNZkwUo0	0.38923981954511616	0.17210691789726526
user_NNoS99MR	0.07664477491232884	0.02918314620523265
user_NOjQC1U5	0.05487193987049954	0.02234940640406058
user_NP2O85ep	0.06856462188317175	0.02708988866394642
user_NQAu1g1Z	0.03517496588474247	0.015198288456527034
user_NQgfQ6bK	0.07890157547151327	0.03039268378022375
user_NQyEFfaV	0.21417670539390748	0.08537348272294848
user_NRNGfNYV	0.06845173689589443	0.024309649609588597
user_NRPJvBod	0.03628743052641064	0.01592370446838383
user_NRivL3ZY	0.0831521393275472	0.034303913391609764
user_NS2ohbqF	0.025164383734689884	0.00878691762336992
user_NS8w8xpK	0.026861916571522083	0.009898071135110946
user_NSlr0H1m	0.16123203977224665	0.0602169823746203
user_NSw1nqIF	0.17691640632834077	0.06350075456065382
user_NT0yaeA6	0.03265882563009015	0.01336278239664083
user_NToOy4xG	0.10388594266375566	0.04266353842406469
user_NU5pmUD1	0.10481158518142061	0.03296815606122755
user_NUHHVmTS	0.05455119319030512	0.022163132757853928
user_NUMVSw95	0.008244968875852592	0.002960327227195486
user_NUvUjp0d	0.016051772276330714	0.005677434297062357
user_NUwVu0fh	0.10929468105854363	0.04594882577583306
user_NVF1ncfD	0.35694428005040235	0.019140400788135337
user_NVXNLwgt	0.08568319659517407	0.03880458910131525
user_NVgYXGMr	0.31686010257358754	0.12853991869116937
user_NVnW7OwE	0.0691337403006143	0.0228947159420668
user_NVucFB4Y	0.09500583479241324	0.02976552096288009
user_NWSQrjs7	0.054492899307290926	0.021925587019244196
user_NWw9zLam	0.008841124647378443	0.0032105374646314174
user_NX4b6sni	0.7278076032984745	0.03444152426092342
user_NYQ5suKd	0.02592345519023867	0.010798186492156886
user_NYeDidMH	0.12456435884794348	0.054135236279702216
user_NYkhWq6b	0.21779011381013672	0.007149182090008561
user_NYyLgona	0.04716774054632521	0.016681650649629187
user_NZ5ZEQ52	0.26349049152282394	0.11689099169090297
user_NZN9OhYI	0.1587324986601225	0.0427210088700603
user_NZjYJd7M	0.06840393667052411	0.030859511805163244
user_Na3jIeEy	0.10451796775523697	0.04248016453291293
user_Na5t9Kmb	0.278663997874549	0.01791083421637456
user_NazCcgls	0.03062328162002477	0.010639534499753472
user_Nb5Bwula	0.05044490309409682	0.020580482316334095
user_NbFORVwK	0.11501476131186913	0.05107100207777793
user_NbRmtyCQ	0.049376231876552074	0.01777196693173304
user_NbRqABAA	0.20838535012491632	0.012384252713512558
user_NbaedDV6	0.03981364691744395	0.015674397771063366
user_Nbohc17Z	0.03444744903743201	0.0113570569071707
user_NcK27fE8	0.12043649278751957	0.048256033973171124
user_Nd6irGPK	0.15497736595476816	0.06746061213885957
user_NdAbcHyG	0.03438960139434198	0.011376179914819725
user_NdRTTyhm	0.023879550922695822	0.009802113195756239
user_NdXQZuTb	0.3562123342158502	0.02298022619686844
user_NdsQNPbJ	0.05857061789212416	0.02259787541019687
user_Ne5bWjMV	0.05744110205006972	0.02340991720306508
user_Ne7k0BND	0.636710080179433	0.059583215396481086
user_NexLKHYI	0.1036430963454153	0.04352616301315528
user_NfbiyaRD	0.05927362031978195	0.022994151947452707
user_Ng0EfAfj	0.08661145244169693	0.039738727723367374
user_Ng6qT1Yy	0.0391019970566877	0.014657124503925716
user_NgIX1Cq9	0.054490610166908295	0.020353401317390492
user_Nh7ie0xh	0.02795465280806156	0.011236006327163076
user_NhA34Inv	0.0984495957909007	0.03411744638870992
user_NhR3K3eK	0.06239607533785407	0.023675429069889748
user_NiPywG4s	0.04751343411426714	0.01745361814703221
user_NibmvrZZ	0.43075893127101117	0.027292717178922617
user_NicanqIz	0.053953323431254904	0.015507391925377027
user_NiemNgZG	0.03932185524065919	0.013785462042118125
user_Nir9Znyv	0.0392298869298538	0.015316771437003567
user_Nj3uLDTl	0.02408607619791591	0.008888405479276378
user_Nj6DkLWc	0.022194984395282447	0.00803133985050347
user_Nj6uId3g	0.03179891235176159	0.013067958314464001
user_NjqD6dze	0.3665877195034146	0.011251041788073226
user_Njvz5P0y	0.04215932354597251	0.01627653954302503
user_Nk99mKeO	0.053787873200960776	0.01992202700375179
user_NkQSirhB	0.06961436677869104	0.027544949786942524
user_NlL4PtaM	0.04866903159213245	0.018930877130490284
user_NlPE52K3	0.016934750246262568	0.006249374441255291
user_NmEUwO7J	0.5308236067863811	0.023803494377151124
user_NmFu6WaO	0.509166222071785	0.03142861205900879
user_NmVRy7Xy	0.012428319251985606	0.004506274469451183
user_NmjV1ioR	0.13679561282217262	0.057663857269546474
user_Nmpqf4ze	0.09033230951779256	0.03789236534569299
user_NmzI8YFs	0.3731266701610165	0.013730167017259029
user_NnVgegK9	0.04304459475125441	0.015859093256967164
user_NnXNkd1D	0.05819290996336272	0.024486994676006124
user_NnYtIsPe	0.03978643818870257	0.01633260731769359
user_NoGY6Jwa	0.08598520632399888	0.033028191885924554
user_NoS9tJeY	0.34784393701725186	0.025836054534538896
user_Non3HGH5	0.10339754939383522	0.03928033653367394
user_NonmEoCd	0.06064293136250973	0.02375365202071213
user_Notc8877	0.0297848917726813	0.011885689993675883
user_Nowv5AKr	0.2082812310193476	0.013439411119106274
user_Np4WPQ87	0.017766221952161432	0.00651452167569464
user_NpQqQs7L	0.03655593884672492	0.012254479660279323
user_NpYCIaz3	0.08199487255901676	0.03342049557045352
user_Nq3ahQDQ	0.03313109844465364	0.013357301227929151
user_NqHwE7YK	0.07530420701393385	0.026929218215890893
user_NqcEN0Z6	0.02440401282188865	0.010045917717842079
user_NrIcGEif	0.06000675586027778	0.024079028416982298
user_NrXJ3Nzq	0.06068402414044198	0.023383107688117005
user_NrnssnvO	0.08348903314963127	0.029811064424794448
user_NsEDovWK	0.12498096199708228	0.05540452553169761
user_NsEZepwT	0.028537890556831855	0.010274723007211418
user_NsU7cmpM	0.1095041495074274	0.04133907458156691
user_Nsg6XWlT	0.09003506805984454	0.04046536258999229
user_NskB4vI8	0.0637959214384076	0.02594684026784782
user_NuAEO2bO	0.3112446347098952	0.029067785755805365
user_NuQBIL91	0.07716236495345433	0.030393564633168325
user_NvEDy86I	0.12605823865851207	0.05320933131903086
user_NvWHkOnI	0.021600940245674126	0.009179879614299407
user_NvjvT8nQ	0.04653012822468262	0.01947783483585933
user_NvzMPBXn	0.04282152126584149	0.015869596047679315
user_NxJ8cF9B	0.036641222457125575	0.01485257392918922
user_NyIOaEcD	0.7803813613779506	0.06577412687032817
user_NyNKGlUP	0.011713529836203013	0.00410983384059082
user_Nyj4ztN9	0.09034957269412495	0.03320465222860122
user_Nyk1NWKC	0.13412803960057473	0.05621663396035662
user_NzJZk7YB	0.06020753154910584	0.021120236924482335
user_NzXqGFfx	0.0028562718484202963	0.0010109002449584
user_NzY3MSRd	0.08796083473166275	0.03525581328497972
user_NzbmypxD	0.02760014174430247	0.009569373066277583
user_NzrBeZ24	0.12700192040629374	0.0515270007241626
user_Nzttg4pb	0.0660491054774133	0.027287756293462757
user_NzwRAMFE	0.02383952073461608	0.008819926926727973
user_NzxwFzxv	0.5588856647520188	0.017016897013174215
user_O0KOhlWp	0.009478802160911143	0.0035414821147267727
user_O0Y2DqJc	0.2717305012522356	0.01589303003999696
user_O0bq5WQL	0.05369429605192328	0.0216527849957732
user_O1aQxCMT	0.005838137881484465	0.002163523570529888
user_O1fK8wSy	0.48111343017790836	0.03279453799321156
user_O1jsA86m	0.11903762563252052	0.05481450713036241
user_O1mPG2By	0.010344042523018198	0.0037761780517187715
user_O1soPi8S	0.03320039724293379	0.010656016192807073
user_O32tsR7A	0.019518112652013413	0.00660730683666186
user_O3VLpuBd	0.0728286575816161	0.033313937730001526
user_O3tw3OH8	0.03660982105792453	0.013851677121621931
user_O4fkunK2	0.05784160303924424	0.018953065497176274
user_O4rID6Gz	0.03634529951825774	0.012696129288995852
user_O5Jxsc7C	0.6277084610295367	0.052633162685755165
user_O5KK5zeq	0.03307805559677198	0.013482515474933785
user_O5RHNa6S	0.06682280273733213	0.02631685436419204
user_O5lgXaqx	0.36073651213728153	0.021478510630812415
user_O5mbgSIq	0.04119421628855202	0.01788576424085438
user_O5ncAW5R	0.08658167627674579	0.027966709752861134
user_O64pSQ4Q	0.08083196017884875	0.02841163539635207
user_O6Bjphux	0.35274566339533325	0.0396056570549813
user_O7HfXH20	0.032387036195387624	0.013059120183930864
user_O7QHorfI	0.09578316652154978	0.04137781185531661
user_O7V5aXPv	0.017297692934007965	0.005965771056777929
user_O7XNNcZL	0.16865738231940366	0.07007162257823289
user_O7ntFAIZ	0.23613451181100809	0.008308209549236317
user_O7umEv2L	0.024857146372815993	0.008688442310992224
user_O8AJ2ds6	0.056392093702944984	0.02460524968463435
user_O8iTQrxv	0.10084577381945233	0.038424005131156756
user_O94TeZI1	0.5604444802017468	0.018927880038146935
user_O96fU8JN	0.026666697820214205	0.012359837331908465
user_OA5LRiEE	0.028530415514697136	0.010829564872002215
user_OAuYPXC9	0.08474705484999633	0.03156660711111158
user_OAvqGK2m	0.02285707279757468	0.008342593276354941
user_OC4J8LwW	0.5425596004102142	0.21018591455060764
user_OC9H3feC	0.012571239319331878	0.00454360731645552
user_OCFH3AkU	0.054581457592530344	0.02237993194744195
user_OCR2i7Oc	0.10284508494286808	0.03447598932960879
user_OCZarL4N	0.05359545528423722	0.02183931240434515
user_OCiLkwcc	0.03280954834939678	0.011098074466961393
user_OCxWRGrj	0.6553740758327522	0.04000009072260001
user_OD6bfxBt	0.017916512441673464	0.006207571239366233
user_ODcu5Iy6	0.008928516715421279	0.003110788077908473
user_ODdlEhhf	0.07281605472066753	0.029498175985446327
user_ODmVgK1c	0.017755022163105854	0.00630532675489374
user_OE393QMF	0.03922929347600736	0.016182200303708663
user_OE4rCAbJ	0.2262556912389968	0.00965671716793494
user_OEfuV0RR	0.05523859981943294	0.022037678121195232
user_OEiXjuia	0.022298873769702098	0.010828338792498995
user_OEmG2lnu	0.7243661391180833	0.04796396300936457
user_OFXt203H	0.3473268025331951	0.03412576654386869
user_OG1flFhW	0.01669507368801637	0.006248589223215066
user_OGP9HSXc	0.3268731581990247	0.02079675260248997
user_OGPV0ygP	0.0369050916355614	0.01317606501628612
user_OGrBXW3t	0.11090474023010088	0.04953831216867664
user_OHFd6f41	0.0948299542376478	0.036634899698022354
user_OHXu3h6O	0.02236379019128594	0.008219613002544321
user_OI1trPjr	0.3724589031606243	0.018059886505747275
user_OIJ6PA9H	0.05759311935040539	0.022976356866637848
user_OIZn6Qkq	0.04318278401142474	0.015355404805763643
user_OJAMmeME	0.04652514177737186	0.020228970378281974
user_OJOkUJki	0.15303596348088477	0.05066445043231019
user_OJTfJ66Z	0.4614502812268715	0.027642608813524008
user_OJbIlRBz	1.1898532637906416	0.05788187058942614
user_OJdjt0Am	0.04256423693075775	0.014807389309536456
user_OJoMyiTj	0.0755306437791807	0.028527974692945983
user_OKrFHjqj	0.06914338914508372	0.0239237242064984
user_OLAZP0dM	0.022008317705657664	0.007951964905799625
user_OLHYRzFR	0.04670259710451451	0.018247833832241513
user_OLo4ka8S	0.3322494576807933	0.021972382433080622
user_OLvPC1t8	0.032690851250542316	0.01217697260415542
user_OMLj9bgw	0.060508348805357846	0.022039777229912672
user_OMQG4rXz	0.013628421274693207	0.004770373619513107
user_ON5VOuew	0.0323024792777028	0.01432206106779087
user_ONJehpkU	0.09741843741290332	0.03705774719702668
user_ONaiaGQ4	0.0925012927823556	0.03847480797564442
user_OOKA9kYg	0.15368187626163665	0.06186083312434337
user_OOfELa9D	0.11581948447056982	0.04723988209352417
user_OOyGNrDK	0.07135329173331315	0.02869203845582411
user_OP5n6dDT	1.2628161194098608	0.07246853268834222
user_OPJYzbdR	0.03726734520282897	0.016112003803431342
user_OPeYi8lS	0.04488035491560042	0.015870423654411506
user_OQ3gf08a	0.3403031382474335	0.01324597536787186
user_OQ71TW61	0.4214583592562191	0.02762238768007476
user_OQKb9YDA	0.03334180276553381	0.012106973330345952
user_OQbTNYQp	0.5531271633635843	0.016336345939642786
user_ORHvpOWg	0.49797200632162786	0.023616693168470145
user_ORZmsUnY	0.24181168403854497	0.07418167465599895
user_ORkJzhgt	0.05288998598026574	0.018121105339084467
user_OSRc4gLS	0.15164916907726544	0.06348207858268803
user_OScdhUEv	0.06156356797623483	0.018751670956590073
user_OSg2czdP	0.11629032278646115	0.05124922556185469
user_OTWF0JwL	0.08888418400682649	0.035851203221670055
user_OTahrScq	0.14792403465783652	0.05861384167545868
user_OTjNkCbh	0.10050790978575233	0.04336098973976779
user_OU04Z1Qh	0.04683611636879662	0.017222085721756715
user_OUEIKV2c	0.3357658699838585	0.020382529104663986
user_OUeZCA5c	0.12542002845484837	0.05332549648253218
user_OUkOR5pn	0.003170188561736188	0.0011217318567995067
user_OUwlAn8W	0.078632100302847	0.029611739579686058
user_OV1K9LIm	0.44699218680731745	0.03151225352155236
user_OV2FGUbS	0.025966798249524643	0.00908264829905964
user_OVNOSSte	0.07147941393676616	0.026731021888346397
user_OVqryqWQ	0.05944868975139214	0.02448374834968528
user_OVxH3Mc6	0.08317047726994453	0.030521835523998918
user_OVyZ3mH8	0.07161677593241218	0.028362384769125597
user_OWBjzuzT	0.08308602356209291	0.03400191680967787
user_OWCTk5vT	0.021107966598055257	0.007354913712923529
user_OWm8vlqM	0.08898772349667589	0.039749574926277884
user_OWz5YaLg	0.04272758731877712	0.015768712921943085
user_OXUNQCmW	0.0317799077706251	0.011036523918814033
user_OY2R7IS2	0.037507233644073934	0.015848289234827954
user_OY52qIfH	0.23565482747462999	0.011302913641480585
user_OYQ7A7XF	0.014688338123597558	0.005585951037301424
user_OYapZIIN	0.0428243605225269	0.01754145929171936
user_OYsICGwC	0.05727361214511212	0.021710844135917073
user_OZHhtQlh	0.018792649969786534	0.008176013045693369
user_OZsRpj67	0.12088403765431902	0.04636853352235749
user_OaqU1pxB	0.07669562294206579	0.03075697003458417
user_OcDGI2E3	0.03522349913631289	0.014159829771708097
user_OcITazbb	0.06364067627718839	0.022834949741771114
user_OcT5duc4	0.02590776657122934	0.009305181420011062
user_OcX8Np5j	0.08904133324678609	0.040386062590066975
user_Odm7YlfJ	0.095432045205889	0.04367238198145545
user_Odyl9EE9	0.36418862398539725	0.031900000770996834
user_OeDvr95M	0.05569010369043091	0.022106063719021126
user_OeGSsaGV	0.04204455424307087	0.017070548422311305
user_OeTYhzs6	0.4608067430033048	0.04554799074916229
user_OeWUCJLO	0.20736051477546977	0.07819994627711971
user_OeiiqTt9	0.0658635622435333	0.028614290233882265
user_OeqvQRec	0.047646794605736245	0.02118254693397164
user_OewRUmoL	0.09191364926334358	0.035502540967288554
user_Of34GLih	0.023854423365888635	0.010143699189549691
user_OfIwoOVf	0.04050313053303684	0.016613496271951717
user_OfK1zhEZ	0.03936386386455185	0.017119970387600738
user_OfZk0NkA	0.797974660902905	0.28113183945638776
user_OfxOmj9b	0.42037761867208334	0.03959620335483312
user_OfxojUDD	0.009476436713211515	0.003586807991373927
user_OgnFn7kG	0.037496260461069526	0.015107585194954398
user_Oh57vxSw	0.05714641347527616	0.022273528969923698
user_OhRyNKdV	0.0720482411326297	0.02965286494732258
user_OhlsaN3e	0.09589395623583669	0.03580278750039369
user_OhxAKwFV	0.48141216983265683	0.024239449282401127
user_OhynUF5w	0.01947719548954298	0.007186731546641165
user_Oi0ZN8uV	0.04519226415949547	0.017657423090778796
user_Oi4r0noS	0.0502025171909191	0.020601294999883037
user_OiRZTs0s	0.022967649758172903	0.009591995157603667
user_OiT7388X	0.038785199419645026	0.01401142912145271
user_Oj4I5jU1	0.05483857966586651	0.018035140809264667
user_Oj9tDowO	0.05531195431872271	0.018728634485178107
user_OjCmOLNS	0.012468737766379908	0.004553980626661006
user_OjE1GIAG	0.12259554295815607	0.04192373388063562
user_OjiMS7Mx	0.050641438063240896	0.022395733304955024
user_OjpcvA5h	0.028461665029293842	0.009776670931134863
user_OkFZIXul	0.03117980996873107	0.010924729850935674
user_OkojHRw7	0.013235301946124538	0.004894718188499771
user_OkwSnEsp	0.012634751134678868	0.0045728891040378245
user_OlFwjoXS	0.0516780059059297	0.01946778173799622
user_OlG4DvpZ	0.05238089805955785	0.023035285481253626
user_OlKgei44	0.029731337589077478	0.012330792809158048
user_OlX88uyG	0.093447962905122	0.03596905504219617
user_OlgmcoxH	0.004895448020753083	0.0016713790182150974
user_OlnDZbJv	0.034790237179674076	0.01545122967129161
user_OmikUkdn	0.08454611811638599	0.02734566477947065
user_OmvojAlL	0.024108410731935367	0.010264844616722989
user_On3AzcRo	0.14284109548777038	0.0603751829086829
user_OnBYsZtS	0.043207746642635256	0.017139896839831727
user_OnGTvXAD	0.09232615448636952	0.03631348506867148
user_OnJKQtF2	0.012037812441028552	0.005735177975962232
user_OnS5kUPJ	0.038236197807737175	0.013350916225742079
user_Onw6IogF	0.41754439912018193	0.03843640876806812
user_OoKjnQyX	0.019301721432424916	0.007826823342361258
user_OoNVRG5z	0.04737612070905563	0.018571301214557502
user_OpBYbLYO	0.2740623671842447	0.020023581311571823
user_OpHV3X5M	0.029144910518006082	0.011110742691077891
user_OpOkqW7k	0.11823848511664631	0.04510880589284415
user_OpdTiXWs	0.008219515470187459	0.0031261806071512335
user_OptSYMxm	0.06316531256814764	0.025010458097168186
user_Opum0WZo	0.5267604088749316	0.042578695123405966
user_Opunkj3F	0.8438515825157094	0.08737871659088406
user_OqR8GMLo	0.06043659424230148	0.027137545518529323
user_OqT3DIJ0	0.18235774646770908	0.08115496092100791
user_OqYbu5z6	0.06127775405154231	0.02217310359192275
user_Oqjm09l7	0.4861537588863498	0.033295129595538514
user_OrWpJKVw	0.02593558791953643	0.008381427721433042
user_Orvu0wXG	0.046076085698830926	0.015337116245367688
user_OsaUHr6H	0.3295002411001916	0.019963452687492805
user_OsccCsTH	0.09083017159066348	0.037463235581509595
user_Ot4xdnmY	0.0403220070119983	0.014754818247441794
user_OtSsjh4F	0.026426764628485054	0.009364950977151617
user_OtXrEHX2	0.012315271592213985	0.004347240988216444
user_OvPigYWp	0.4256782032163889	0.04033323595944531
user_OvYBHtaQ	0.07072070297798456	0.029114395957328888
user_Ovuxh8tI	0.031497721739360024	0.01236636645870819
user_OwGmFM6y	0.03217883587496862	0.01166917735208082
user_OwjaMBLM	0.5984386651186038	0.027693881155266668
user_OxOK9Mv1	0.02092401286376698	0.008222420224358915
user_OxSsMVHa	0.04594995350209581	0.01631913358269418
user_OxyX4F7B	0.024603656313205963	0.00732210829107826
user_Oy4RuVAt	0.04589411406272414	0.016364650343626674
user_Oy5lfkoH	0.0234993053869358	0.008879166229909087
user_Oy8ZznO3	0.027315985912466825	0.011108972418301674
user_Oy92syrP	0.014070045156352823	0.005167487157169553
user_Oyg8syZR	0.041925261449766694	0.018045067218689197
user_Oyr3xCV7	0.015438096225217728	0.0052848444856463065
user_Oz2iDObJ	0.5796391397485616	0.029430537146222607
user_Oz7SLeTq	0.09725920847296524	0.04360994772783245
user_Oz9pxN5u	0.06456194210767766	0.027893091587589163
user_OzEocrxl	0.009376329226934179	0.00344330745121496
user_OzITnIxl	0.0516215361048429	0.019119716175825353
user_OzX0HUDe	0.7431687756768832	0.03813596911362855
user_P01QZsu2	0.12800811430468978	0.05239816892006329
user_P06Er3Jx	0.04122508515164891	0.015605725098826064
user_P0GhqftS	0.42850995837038375	0.019610177083414945
user_P1NIqVdU	0.20992657100959128	0.06857456347049581
user_P1f489Kr	0.04022411024360202	0.01583143340139156
user_P1y150BA	0.0964259214588899	0.037810667844373286
user_P25nIqSW	0.018337355281445273	0.006471537302550156
user_P2I5FGvG	0.07353140955182966	0.0263939409206974
user_P2Z0UtF8	0.035524520786029454	0.01207630100631074
user_P2bBMMYk	0.04357422351879055	0.014456507403509946
user_P2jSSSca	0.014152584417396348	0.005344525457252455
user_P34Fghip	0.04768675621934604	0.022758678368599933
user_P39ZIV8F	0.06542748059536657	0.02617698112913866
user_P45Sctii	0.014064986677441499	0.004704656947420371
user_P4SORfGw	0.08269512956879459	0.032159341444277616
user_P4i4oWZ5	0.5576604150296924	0.025135044694451374
user_P4rEFKr8	0.07391547280259728	0.029934279110671227
user_P55aiglS	0.04028471477299788	0.014060234308153887
user_P5LFGahS	0.03811278557801647	0.01377096020795492
user_P5ZbSlRg	0.03830748294566633	0.01653535569515704
user_P5irvjSU	0.02619322642113181	0.010004401470599373
user_P5npwtN2	0.0324914855288526	0.013249601280426893
user_P5p6FcFZ	0.020839278176886453	0.007673927213125065
user_P61S2VZM	0.06485386550148987	0.024638253547279967
user_P61v2IW0	0.07063237738431767	0.026158664969299816
user_P65t2HXq	0.4842867828332542	0.0176360352143358
user_P6ioguv9	0.007926287973868233	0.002782756525909207
user_P6qmx2Nv	0.026726875351608934	0.00962252162352301
user_P6vO1VKD	0.3537226836774926	0.11803675643695614
user_P71L5MP6	0.36303671796500914	0.01713360837498729
user_P7F6OhmY	0.01720946770975231	0.0060897010143373675
user_P7P8TlWK	0.014259417401582413	0.005049412096042975
user_P7fcRfWE	0.026301641770848858	0.008925102078827733
user_P7hxX8Ne	0.08471326573581205	0.031134113284158153
user_P7wc25FT	0.03967416464459193	0.014922772086528042
user_P8TUHyso	0.07243597729000334	0.0237175025270563
user_P8YL7dl4	0.22581829794346733	0.00842402628790017
user_P9ud9NuE	0.04574311645594322	0.01781065679812274
user_PAWNyLvA	0.0718911418084763	0.030434206053112773
user_PAWdYLm5	0.06550496926692713	0.028091613631274253
user_PB6DQJJV	0.1679850782041345	0.07027750754142799
user_PB7gqwlz	0.4601992594792301	0.015387204340561744
user_PB8fIP9b	0.07053144524186752	0.0264247066758437
user_PBYFBz0Z	0.032554387279305666	0.014654501529998526
user_PBeE11It	0.010757670021950987	0.0038084702335228664
user_PBhpnaSt	0.0632915391251058	0.02584831746192005
user_PBjeHgZD	0.1253502219851616	0.04910583232305806
user_PBtJKIjs	0.020098348203666024	0.008695075779148647
user_PCCIpCPg	0.0034586494445764037	0.0012447827581913552
user_PCCvS7qU	0.0846137894954853	0.03865327117217706
user_PCDVQHRy	0.10998666083617374	0.04311321953868818
user_PD3zvxaN	0.06371763406881238	0.026611369892581824
user_PE20Ok8P	0.07468855869967511	0.028304584617784935
user_PE2YBlYf	0.5008355077093684	0.03126777246341797
user_PEFxLxsV	0.4271164378147967	0.028715194850186292
user_PEMB2rAO	0.39675256095400435	0.03396098404749349
user_PETlLa6B	0.33779404843561256	0.022334628299841845
user_PEg3IQLm	0.025993682283443807	0.010521847867945902
user_PEnRA4Lx	0.0854556860910962	0.03255448181603434
user_PFLdt22w	0.04702531201571471	0.01776516383989209
user_PFxam7lO	0.05738446475534794	0.023238182760829486
user_PG17iMsN	0.03216732662661896	0.01127871622180815
user_PG7tvZUq	0.01188339346492099	0.004359674174068353
user_PGlFpbdm	0.0518006811758784	0.019507374131735387
user_PHB6kG67	0.0783085508945956	0.026954629794731174
user_PHTCi8vX	0.0265846709222037	0.009419941746435316
user_PIEc38TW	0.031255487929828726	0.011024436675636748
user_PIcUQmMm	0.5050226472498925	0.02948786228459198
user_PIqMXnI3	0.5248127724990042	0.22029475953778072
user_PKw1Jl32	0.05393943372024655	0.019481189482643296
user_PKy4Ln2i	0.021337872540569798	0.00755010297536926
user_PL9uUfcj	0.054365045921949955	0.01970017319427185
user_PLJAZHrY	0.08364084009728846	0.037426897172916584
user_PLd4w7Pf	0.010344661355959283	0.003817849997650546
user_PM7BOyI7	0.05720535362132673	0.023648562337635907
user_PMJki4Z2	0.052298440676312036	0.020671454151404985
user_PN4X9l22	0.015054324632828214	0.005698999638542655
user_PNeafI9x	0.42391016781019175	0.02306258052693444
user_PNmWVhbv	0.09764883720870993	0.027004598751223734
user_PO8iD9ok	0.040437617147495324	0.0173014760334137
user_PO9doxiq	0.031744989669131154	0.010259670868736154
user_POCJemMa	0.13524465880374695	0.046278813584614345
user_POll8Wag	0.04349710257806102	0.015278287747773508
user_POufvN0R	0.03626032237845353	0.015646049410736208
user_PPVVOCDz	0.05715874061284083	0.022934668018792615
user_PQHpH9uu	0.024848119564515526	0.009347897359547871
user_PQMP5JPm	0.019135778420401345	0.008258879121645624
user_PQgdZidp	0.34464647591351605	0.145195070089538
user_PR0YmLYc	0.24109499447278432	0.024695929780688426
user_PR1LjzZM	0.6350679548095448	0.04311907884643113
user_PRgqtwzG	0.09296290533179351	0.037066825652166575
user_PRiGO3BU	0.014807086922397739	0.0053063100640670735
user_PRnba9BV	0.08295754706157407	0.030894683246117376
user_PS2ekQVI	0.04147458262711176	0.015162031417121113
user_PS5wk5sH	0.02454842455169389	0.008478516211761013
user_PSKERdRD	0.09476304333742089	0.042075603962380616
user_PSNntgjq	0.0487224887586661	0.0180027942354949
user_PTPiPNWJ	0.053121636480663	0.019237970688417243
user_PUGPYLfQ	0.010267938534495064	0.003727287898542971
user_PUKgJrkY	0.03200669602219425	0.01333594097224821
user_PULHLqea	0.10515858898852504	0.04278145891500445
user_PUOrbaC1	0.13421303664373066	0.05202499968726584
user_PUdTCEgz	0.17791421893185305	0.07607991007783924
user_PUmPJD0o	0.0750716814844957	0.030430072310896072
user_PV2L7P2W	0.010775196118176924	0.003951310999683248
user_PV4S1DUd	0.0170000347227793	0.006384902632296136
user_PV5IQesp	0.08446374862734447	0.03278299728546103
user_PVBqbNWn	0.0447573947204138	0.01616005539230937
user_PVIGWg8z	0.030732606909008406	0.010561597708257861
user_PVgwiaJU	0.020410691986226817	0.008605877425476803
user_PW64fnzh	0.0347917787253713	0.010588164168649133
user_PWHKbX0K	0.040305447132020264	0.012952855704017104
user_PWnShZGV	0.045379639646778186	0.02196897572709193
user_PWzkekBS	0.033648585937627824	0.01215511867633154
user_PXdJpisK	1.1007867806387064	0.043475970182303265
user_PXivNAHe	0.5214015713994427	0.024357075384167693
user_PXr6lRHF	0.1947967005887061	0.07667845925142451
user_PY4iG1kl	0.462823557890947	0.0341517061050607
user_PY8AbQgY	0.021560911640780715	0.007998577013181503
user_PYq30FOE	0.058742526722862565	0.023141111631900343
user_PZ4lptZ8	0.09981624464511586	0.0401974285473832
user_PZM83Etr	0.04639762488056853	0.01774826134275257
user_PZZevpk6	0.05834606310930661	0.023818198790587438
user_PZhilcik	0.042691355623284244	0.01662542808812082
user_PZn5w42U	0.025535061614516186	0.01035387889944108
user_PZqmrTSD	0.014134184780298195	0.0051787463204214425
user_PaARgx0D	0.03762963866890201	0.012151985434785628
user_PaFYHynS	0.12219678364272668	0.04635577020936726
user_PaIuAXGu	0.022641680879906683	0.008183277325712985
user_PaN1ypMz	0.035775854291841915	0.013876347016658172
user_PaXKmOLE	0.028525829431013693	0.010641198337888439
user_Pb7Ud36i	0.04317955851382219	0.018116401260809007
user_Pb7zU6E5	0.09388812150437592	0.03482590781360358
user_PbEpFDnk	0.2423876680859643	0.02793222521438857
user_PbQdIp1C	0.019591755667456967	0.007258861685517895
user_PbVgWBaT	0.3620140328092114	0.028854759721832997
user_PbX80rwZ	0.03384453240019152	0.011299904707145715
user_PbZMV4jx	0.39070162446692025	0.01607153206773248
user_Pc8tUtMK	0.020249215722987334	0.007282038997722328
user_PcCeHtNG	0.22071075928757009	0.014086150192122405
user_Pcbd58A1	0.04682022524131324	0.017842058591682863
user_PcsN23uZ	0.007832247513856735	0.002959618355261977
user_Pd3GQAIq	0.09714583068525157	0.03261710919484598
user_PdJ9vpb3	0.07542240332348632	0.029552602169683095
user_PdtJqp7x	0.013595014639081426	0.006282911910023605
user_Pe5Iw95Z	0.06408149153662773	0.025202197691274388
user_PeHNafh0	0.48943783134676777	0.021023919634463036
user_PeMWpQfM	0.09639292923437247	0.044652729944443005
user_PewNldN6	0.17500697154129197	0.07434056952229172
user_Pf7m5Hjq	0.04117810742915301	0.01570693883276415
user_Pf8iJ2YM	0.06593183747907136	0.024750928834113846
user_PfEt6jeN	0.422065047169989	0.037567224045812406
user_PfNGJUFk	0.07942825686413989	0.03616103542062712
user_PfkM4y8k	0.05632847615407622	0.02365242983473213
user_Pg3AwM9J	0.04071016775307455	0.015554649512494126
user_Pg5goJ7a	0.42136198617258114	0.020486152219729065
user_PgdB9uBK	0.058898165563726686	0.023999436109045702
user_Ph3LiqUV	0.08558518368279171	0.0340035538184559
user_PhCR4xfm	0.11448862353401147	0.03710545086063424
user_PhYGF8ml	0.04313264655462856	0.015319995005551762
user_Pi9TVc9B	0.0901830518763358	0.03278963331209778
user_PiCF00bn	0.010886910879842705	0.0037832416433965896
user_PiK5TD1Z	0.1374429585264514	0.052417165249895176
user_PiwodATu	0.1843303946404725	0.06744388013247014
user_Pj10F9S7	0.9203245290646429	0.044929675486104055
user_Pj8yjIzh	0.04079382847711131	0.014568515930933215
user_PjEiEn3d	0.06421059455117112	0.024968852693226903
user_PjGQW4kS	0.04647813795570062	0.01943933205359155
user_PjLdcoBi	0.08077018924772605	0.029628568070168223
user_Pk1I5jO4	0.14882453011421426	0.05090439135777049
user_PkC1S3g9	0.02618739398412932	0.00918014047789775
user_PkJwcDVF	0.04104327474624147	0.012238128018259313
user_PkPKyPnW	0.05261884229250868	0.016099203328744188
user_PkPt16rr	0.09474465373092805	0.03873590481611091
user_PkX9jvus	0.025023753551858412	0.00878808635014414
user_PkgrVWnm	0.07055533344924182	0.0270966839139133
user_PlEtaTrL	0.07409486952132051	0.034977679873496474
user_PlGoSg9i	0.04813917456168925	0.018513355330469525
user_Plzhzvff	0.35529376584413175	0.024399453109636374
user_PmqpOSIy	0.03679053601762086	0.013145130450391474
user_PngoCbKk	0.028656344038707614	0.011703203764355208
user_Pnkmk7Xe	0.0451592412032884	0.0173085970685207
user_Po3fbCvg	0.0654130007750912	0.0282359895056788
user_Po8vnw6X	0.41592934078679206	0.033776280773810695
user_PoEhrOAW	0.02854808172414231	0.01312294486162763
user_Pp7ulb47	0.04895670737567769	0.021816066899473185
user_PpLXfGgt	0.03831083430965879	0.016022746822794722
user_PpPLQBiT	0.11401248426029403	0.051910874271619833
user_PpU1lDKU	0.10439556299739744	0.04163685199362679
user_Ppi4WeQ1	0.015266632218978218	0.00687194049736623
user_PpwZCvCD	0.051004859500232605	0.018688161479425827
user_Pq1uf6le	0.028768357544194906	0.010053723653084797
user_PqQhEoXp	0.04426899160609934	0.01818264046764679
user_PqTaTXIh	0.1129550861623649	0.048100574039383615
user_Pr60WGXb	0.32431107796509095	0.00881952971622028
user_Pr9zI5zH	0.10297686427328794	0.04431067682335674
user_PrF6t4ub	0.022165812193322577	0.00934092374220751
user_PrT5czuh	0.12696332509594996	0.054762371389877336
user_PrewF46W	0.33508921079691095	0.01557037740059543
user_PseidBS4	0.032016588768601334	0.011942640892923196
user_PsxgIgqf	0.06083195065879112	0.023270376788534414
user_PszB3oCI	0.050923680212464614	0.022507540985983364
user_Pt4r3G1A	0.03184363632799857	0.011912876247732497
user_Pt8fQEsj	0.05597377269428476	0.022041591945469348
user_Pu3oJ2gx	0.044739753665046435	0.017015418001684244
user_Pu3rqUgp	0.06289365308182482	0.023820956242737803
user_Pu4Uoboz	0.8907125298634095	0.06638833768767001
user_PuUdWlwz	0.041851916820299755	0.016197752894614476
user_PvcGbEAJ	0.04984147370443538	0.018707945829888353
user_PvmZcX22	0.012710128333061187	0.00457750157131583
user_PxMStRt7	0.016103214285089852	0.005655165959016877
user_PxTp02zM	0.0257130664978573	0.010670501950534947
user_PxbeYxgO	0.3101107452705808	0.017794171933455918
user_Py1Up3EH	0.016320503530959936	0.00605461612533571
user_PyFR1XrS	0.051155941348260105	0.024023004561087635
user_PyYd2dz8	0.28433660020948354	0.014412551583419428
user_PyanxDZm	0.09456560795070226	0.03556572306557743
user_Pyj885y5	0.12248759337717208	0.04714084391327485
user_Pz3uE3Xz	0.6217273105698287	0.026219721201854947
user_Pz4vxuva	0.04980195482428679	0.01887413101520806
user_Q0D5Uhbt	0.0657063347449133	0.026189717362360095
user_Q0Hy74X4	0.017080253925161437	0.006361017094229052
user_Q0Qd2KAY	0.07943927955242633	0.02967729213753192
user_Q0jjng52	0.09585050411742554	0.03631756133518385
user_Q0lKTsZS	0.36606542111799306	0.030233677559235176
user_Q1IajOTg	0.052780095742500914	0.019979032392814854
user_Q1r3O9PG	0.0074084572341236304	0.0026313839459249475
user_Q26hBc9n	0.01642035691517793	0.005985683138485251
user_Q28Pgv2F	0.06091196415191702	0.01984901186875638
user_Q2tIxwKM	0.06681645651931353	0.029865731218848883
user_Q34SVgGD	0.5275704052479211	0.022309698985481442
user_Q3KQDkFz	0.03238005390405729	0.011341486025231355
user_Q3vFsItO	0.0351853476470755	0.014244955926881174
user_Q44xXV4P	0.06267074987529449	0.022138114192935356
user_Q47KdV6D	0.039264922678561645	0.014703698577394859
user_Q4Bo59A7	0.03943591128921521	0.01704081386898867
user_Q4E8UOIe	0.030024420077380487	0.010256535203757574
user_Q4PcnNRa	0.12817808252439286	0.04726770534867342
user_Q4rQyQkm	0.024929602979074247	0.009092146709407648
user_Q57jANDl	0.013194148895119363	0.004821849304790504
user_Q5FkxzKt	0.08242463397549175	0.03594176369461135
user_Q5I0da2j	0.08226175875632208	0.036026687120112054
user_Q5JnSL6m	0.10367382453343198	0.039096825303901954
user_Q5QCzqIN	0.03419179248129676	0.01381719995129855
user_Q5SoURrW	0.05752712663223248	0.026300336215116953
user_Q5sRxUnq	0.10594429693709456	0.046789795416144225
user_Q6EI2Z3K	0.055245035623575044	0.020989076413876248
user_Q6lJ3SAo	0.2561597915009972	0.0993794248470953
user_Q7ZFLEYQ	0.36413890057539994	0.017919668878674275
user_Q82XEoXf	0.06238939930636457	0.024885999021392453
user_Q83SSi0k	0.03219695570533513	0.013165845311395908
user_Q8VSlThn	0.8675005675534702	0.37799429871198037
user_Q9kqaoQA	0.3262801505212084	0.01119055003147091
user_Q9wtLjDV	0.09918434157904309	0.03756051770814415
user_QAQSs2rw	0.010327101290812296	0.003814515806588316
user_QATA8CWx	0.0370315819352094	0.010619493570226325
user_QATntZD0	0.12738298803161313	0.04533655594461052
user_QAfzxvEu	0.20987168651083668	0.00638935504109917
user_QAxRr0iW	0.028093189170917632	0.011024144194887654
user_QB2IyGVF	0.0337289997880162	0.011927846677772035
user_QBA0Q3av	0.01243059411354814	0.00482666909507543
user_QBIQsoTd	0.05368095486802164	0.020120164307526913
user_QBUBDbsp	0.07989599848455106	0.033015813407162954
user_QBt48Emd	0.036167543323999365	0.011841602478628834
user_QCedTZS6	0.4822808304591979	0.018696885212769052
user_QCmTCYYH	0.04060341815779981	0.016179309818961853
user_QD6aqhJ8	1.0796296412156599	0.04822754638455968
user_QDDktUjw	0.05001237676647008	0.018224071648739026
user_QDlBCxIA	0.5154584028554025	0.03206443849466491
user_QEBEXzwT	0.018596026035487552	0.008168925092109714
user_QEPzomP5	0.06707501776023746	0.02794257618802779
user_QEZW3gJJ	0.15300955945438144	0.056051261918291156
user_QEkZ5iW7	0.05258791418681369	0.019784223047329377
user_QErTwnPc	0.033644690211511855	0.013748625531165801
user_QF5F4A7J	0.020989893803051253	0.007883978090559452
user_QGGj4HVv	0.033319932106292055	0.012345057743145938
user_QGlVBhHj	0.5871112446159521	0.04233266664574842
user_QGwt9TuQ	0.1090550454855862	0.0406341558091744
user_QHLNaM3S	0.2302689078738789	0.009564060280466923
user_QHXq7A3W	0.02329526269052097	0.008856798691983634
user_QHbVQTKP	0.3533770583363059	0.018827705160735547
user_QHjPw3pX	0.05396885275251438	0.019677331828435927
user_QILIKSQn	0.0351752669448709	0.013354929787037183
user_QJ3Sbs2Q	0.07151572833383738	0.027974613695945012
user_QJHCf28q	0.033222856383264325	0.0134629676500923
user_QJOkH3Vv	0.0762520450308313	0.02912828218836962
user_QJWGdad4	0.0185783058332646	0.006300017150003736
user_QJY38Cwg	0.07256742476474329	0.030068050677107112
user_QJgbNHTy	0.07030232178220001	0.03174908254875137
user_QJhMCNiu	0.02946992898328126	0.010968322781656548
user_QJxULkEk	0.029551377401950782	0.010834793881230586
user_QK50j5px	0.08478255240823608	0.03070364347542088
user_QKI1xypK	0.033588138909554366	0.011369916611969537
user_QLSEs9W1	0.028413528002658457	0.009526877624299707
user_QMDoo1ng	0.06963237163203087	0.027461748533503957
user_QMErWTV6	0.3880099116320245	0.03434115584933579
user_QMVj9Had	0.2876697689114846	0.017071902623088085
user_QNTb99JK	0.438117102311559	0.023145983553052266
user_QNe4KlYB	0.15424683474131784	0.06043535298549817
user_QNgl4KoG	0.8593044905965018	0.075975959713623
user_QNmCcNfv	0.018654458360409916	0.006785726099144175
user_QOoV47Gh	0.03553456398952368	0.015334453150475621
user_QPCmzwEj	0.04747633815908163	0.019895908642696903
user_QPH4fGrb	0.2675721837040455	0.11598243984318858
user_QPR6gLM8	1.0139470648817217	0.05634152734699419
user_QPXwaQwD	0.10699293717151409	0.04158497179647591
user_QPlvhRps	0.6980718951431516	0.034599777935539054
user_QQPWbvsv	0.05127426906295872	0.022520715357289545
user_QQZiKyF4	0.14848228901559424	0.07133047985354121
user_QQcdYlrB	0.06269497316764958	0.023824388235748933
user_QQgtgCVW	0.020259435655886362	0.006385084959523952
user_QQwebPjY	0.17240788438569965	0.055099894578844816
user_QR8Vb7Ct	0.046047756426253	0.017302509354950618
user_QR8dghXc	0.024814708481976984	0.009377192558550225
user_QRBmVEWj	0.0064918059611693245	0.0023071992849625295
user_QRV6xLJv	0.09708980051548388	0.033225303253300406
user_QSeeeeTY	0.12469612805494115	0.04548580828865906
user_QTHayHbU	0.44782481997962487	0.028392995025308114
user_QTNKdy58	0.06272087147158889	0.027803648862338604
user_QThTnZn8	0.042634905829897554	0.017727155763199186
user_QUWN9WQb	0.01658247378891639	0.005845373036631124
user_QUtpmwqN	0.04270947470174995	0.015582514514013662
user_QVAXFMBa	0.11777478615168487	0.04190694983602344
user_QVStA15I	0.39330623164459333	0.029060443447977924
user_QVaNUyh1	0.0373697436317734	0.01303824055654672
user_QVfySdEI	0.3261132895567732	0.13935370898155933
user_QW5CW3dC	0.059398953212433284	0.021234066204982974
user_QWVRbs2t	0.5152235505993559	0.021734695659959013
user_QWZIB2Qg	0.4247960555790561	0.04362648041318858
user_QWdLwSxy	0.048582780141321946	0.02163383732722755
user_QWtWdpd4	0.02882664606792812	0.00979968665976779
user_QX8sACC2	0.14338473446358535	0.04182713343264988
user_QXSQGSkN	0.6278683886172569	0.06518540063703929
user_QXYQxun2	0.06270960663826672	0.024260479501336554
user_QXsfAJRE	0.026939672456683078	0.009966309175845109
user_QXwMfe9o	0.03808358867573702	0.014878771010351092
user_QYG6tAaa	0.06848170216004262	0.02431959076464009
user_QYr7uMst	0.05324602041932619	0.02246145188321976
user_QZCSdsH8	0.09003648434657012	0.036590235859178956
user_QZCnTuBS	0.036735109882544546	0.017438876622499367
user_QZQKO4G8	0.025481581699651812	0.009532760416791361
user_QZUN7z6B	1.0918153920377547	0.4423615229895587
user_QZd2HtZU	0.029045528628959164	0.00992097556890987
user_QZo6BBM8	0.037484816457224165	0.01437416731689691
user_QaMWjQGT	0.21659204134366597	0.01925108695032281
user_QaVT5SAJ	0.057466532021763606	0.022433614683920508
user_QanUuNWk	0.3237076347678104	0.013024322489850528
user_QaoXILJb	0.014931081151243433	0.005353506404639623
user_QaznEUIi	0.09971959171817095	0.044297130470080784
user_Qb6gZ14V	0.030987693626025506	0.012348920891902843
user_QbCLmtT9	0.24045720213135002	0.0901998309076692
user_QbTB3fXF	1.2689167080990826	0.1091154324766793
user_QbnGJwXH	0.6556597159149039	0.03790428203341624
user_Qbo0QfpN	0.06289501840963926	0.028435196234150095
user_QbtSfhJt	0.032119711602219686	0.011471145791512852
user_QbvlqMKa	0.05876822557004038	0.021775036222726314
user_QcMiUnfA	0.08492652799796209	0.03416727879486092
user_QcUbAbwy	0.023519672513155305	0.007699102093549808
user_QcgtUJAa	0.033962064681177774	0.013321744471940638
user_QdMsfYsb	0.04329873566825389	0.015209121845906688
user_QdQAlgye	0.13166049262426047	0.05832647041158144
user_QecqWQp6	1.041612247649128	0.037363809065301956
user_QemcDCCx	0.15396833885850017	0.06705380791374829
user_QerdqW6v	0.04996702797502743	0.018900386039663344
user_QgIII4JG	0.020043598250274505	0.008518358473023473
user_QgJdcwN7	0.030455553127598598	0.010576584086682939
user_QgqpYp9d	0.05217494763140545	0.0187734819141056
user_QhCrDjAk	0.24701808274788917	0.009750366114648733
user_QhLkiIeI	0.0880017093410917	0.029081446446313396
user_QhRmKB72	0.04684039004948916	0.01563885907837784
user_Qi2yjOWo	0.12671903493912567	0.04800628991357062
user_QiLgF125	0.015245025998265563	0.005365422888548994
user_QiT1Z2pT	0.5587387418028894	0.030943710373956868
user_QiXrIBv0	0.2959635153575284	0.008826060079827664
user_QjMPuiG1	0.3491506408431029	0.009041522551301364
user_QkTYW6IT	0.07521209431378556	0.02913378861882513
user_QkdEJPjM	0.0924336177014736	0.03446387997326161
user_Ql4iFkcJ	0.06891235805292825	0.027618660577626346
user_QlCz8oeN	0.30300285659295	0.012813094167333939
user_Qla9wLJw	0.04846122529973151	0.01996098592276698
user_QlhSR3QG	0.06759303372755579	0.024899657320313948
user_QlljR2vH	0.3434383455532727	0.01773649417202153
user_QlwxawNP	0.019552671794832097	0.007158515838809614
user_QmGiSXrL	1.0304419194961096	0.03360492170303672
user_QmbI661a	0.029471183386088406	0.012655521885030135
user_QmgfbSJz	0.031413836238083415	0.012066312824355505
user_Qn55trcB	0.034451125174029436	0.012185879829363077
user_QnFwBLkF	0.13898158349959144	0.05064775333818249
user_QnJfh9sx	0.07677827894416756	0.031674311989239395
user_QnK6MIqt	0.020654990795588954	0.006685020761152896
user_QnXQ7JjO	0.09429256548333047	0.0389062866313027
user_QnogOUYW	0.5000994113362925	0.024080354180770185
user_Qnzz44Kh	0.1434865312985365	0.06281697897046146
user_Qou9KS2v	0.05359772954404004	0.018590469831096877
user_QpTdiYnn	0.31503064709749756	0.019929605469275764
user_QpcDJcPi	0.07208308096493896	0.027185727124561698
user_QpqqDL13	0.14184248296919197	0.05839574517032822
user_Qq1Zrksv	0.04260200337918247	0.01567029706252948
user_Qq9OdjS5	0.16279570697107568	0.06795572073509591
user_QqHOcJRZ	0.0173842557068066	0.005988142006764591
user_QqQsHPAF	0.07965442064750076	0.029714869769444614
user_QqoM9Ypd	0.33588004093075596	0.14956023750548272
user_Qqrp2khk	0.2527750812847945	0.010756966670442169
user_QqySN2hQ	0.044937537695719745	0.015022166605755252
user_QrD2WN4u	0.32416311768298706	0.016502801247967866
user_QrzHAaRR	0.047466342711150786	0.020979725893847334
user_QtC2EZEU	0.08683446546933629	0.030802240338926874
user_QtXvCVGP	0.03639466420354668	0.01506346989266511
user_QtsZz7vB	0.05982404313903413	0.022131931652652988
user_Qu9h9qHZ	0.052038199149666384	0.01969244293957418
user_QuWDySvt	0.050739362061967296	0.01812985605098592
user_QuWp9GYY	0.061096586553375284	0.02097274623538518
user_Qun65ucm	0.12079860752385002	0.04729344117692733
user_Quq73QrH	0.023790398827170243	0.00891459463229532
user_QvIoJh5K	0.3571673342927775	0.14966218635744893
user_QvjSDXOq	0.026637874800320614	0.010764325637155684
user_QwAHvem2	0.07855103389156175	0.028827473935252115
user_QwYASrVE	0.041987719294919804	0.01584975495661165
user_QwhU4ENc	0.0297857365158511	0.012190092456883298
user_QwjqvtI8	0.22059671990037033	0.013910208645849435
user_QwthM0OM	0.062073067585369915	0.026820139216528552
user_QxMQJTwN	0.025371727686440707	0.009293266993624729
user_QyOZjg3o	0.018211475828878734	0.007202416414263785
user_QyOsSNat	0.014241746058293973	0.005095223111626737
user_Qz8NHuk3	0.015211292900696111	0.0055248145653871384
user_QzWksvO1	0.01951668605540657	0.008455685697128889
user_QzzxLdvs	0.35932771429136695	0.022473301575889164
user_R0Gv28v5	0.029067068682502147	0.010758252077909852
user_R0IzMqCk	0.43892913022150254	0.026799941847581617
user_R0QEvOdy	0.048118426864291956	0.014370934143651414
user_R0YbdMAu	0.07711877096339095	0.02565595873640074
user_R0kJ3vJ7	0.23168430580440788	0.011199913850868656
user_R1LyF66Y	0.03134734766609764	0.011579789836296909
user_R1ORQNhV	0.03306650703035154	0.013203030780527612
user_R1S0c3U6	0.02565117180783361	0.010408637720883015
user_R1Tfft8d	0.0799131706836131	0.032109076210160535
user_R1o2Bdmg	0.9420568926735506	0.07373630398430277
user_R24cAz8g	0.37078440968803644	0.04206212276962395
user_R2FqCM07	0.02967655751494517	0.01206439918890823
user_R2KcVWAn	0.08392873307576884	0.030078159268034043
user_R2TppXnC	0.018329820794939052	0.006469779699683511
user_R30E6i5t	0.04447609657853796	0.020114537199616717
user_R3XC8KFr	0.04480396293586025	0.017486814809767888
user_R3dcXenM	0.04780209614236173	0.01959106764053329
user_R3hF0XFX	0.06040270639264733	0.027172046673686043
user_R3iE3f1i	0.02779507493343995	0.01285185904386249
user_R4SFONPb	0.012476804105045864	0.004573337534521183
user_R56Brjm3	0.028081910760783767	0.008561044020630517
user_R5BXjthl	0.06342202321324392	0.02404188277077124
user_R5yCZZ9b	0.06438302952788164	0.024545663314577214
user_R66e0p9i	0.037541512544610946	0.016116908954718207
user_R6AV7L8q	0.5744891354415516	0.06332420955043187
user_R6HlT6PM	0.5336361192958119	0.015801309345124262
user_R6cQLPei	0.3875086633392334	0.016600363734901962
user_R76XKxbS	0.016185854004939944	0.005913917789450452
user_R7TsTIiW	0.06921057609482817	0.02605890877369019
user_R84fI3Ic	0.023465665280444595	0.008721452866015047
user_R87dUEpj	0.030563074990787913	0.012787376134307471
user_R8BeCxjD	0.08972821602329346	0.0395189294304505
user_R8JdFxLk	0.01017105703061476	0.0035192900655004722
user_R8JfjX75	0.03955362495022515	0.015396090366542103
user_R8sXeCZk	0.04341051842482771	0.018720305654938343
user_R8uDvnfd	0.0461098625024795	0.016708972836034376
user_R92FTFy7	0.48595543663269514	0.06782652445490618
user_R9LOCXCc	0.002873711709433354	0.0010126836431876465
user_R9dNpfSI	0.10196347838174508	0.042573075748272474
user_R9i3UI4Y	0.08446756043792447	0.03737920787020757
user_RAKX28jh	0.07739361152396627	0.028583724691355998
user_RALJBd6s	0.6441814568992776	0.06260868059246578
user_RAmqPJsS	0.09449884529707556	0.03199092822727549
user_RAu53mDi	1.005277648271081	0.42571385363987435
user_RB0POYYD	0.06213356967132559	0.02044781725529339
user_RBoODR5f	0.3796069450454308	0.01913866191121933
user_RBzOPey0	0.3969515903309861	0.019629498300821762
user_RC4LI3Mz	0.029800514634372666	0.010956755327275405
user_RCJXcksJ	0.024757133350396216	0.009405455846216264
user_RCy4D99Z	0.09812252368046759	0.04351486693402543
user_RDBJ8LoV	0.0068578819036303855	0.0023223807407440175
user_RDJE2nNm	0.04668341426021282	0.017743208401455747
user_RDUQuwFd	0.4149940427546235	0.012993719747530323
user_RDjDXtXI	0.033763092781954065	0.013277267136235595
user_RDpnUa6y	0.010381508803485127	0.003937128301246746
user_RE21osZe	0.07062423095136951	0.027168862949668113
user_RE2PD2TO	0.058284474528069535	0.022036412275983793
user_RE3VQdIs	0.010223814061717315	0.0035156374615052774
user_REI4UElX	0.025207852965639665	0.010282178358438736
user_REtVxZfJ	0.01147513797020823	0.0042086357970962515
user_RFEih3lX	0.043160823869470136	0.014555571463071126
user_RFLI76TM	0.2548364699207567	0.017543123148125693
user_RFUeMJBP	0.07110387593791681	0.027454125859230176
user_RGFroCpV	0.0700525559284009	0.025956130509164326
user_RGKtHjIa	0.024635790867178067	0.009303401953199206
user_RGifeI8K	0.015980757421167377	0.005586933132419356
user_RGnyqADG	0.10128140806543981	0.04245563884850204
user_RH7APR5C	0.10247644050951304	0.042122960041252745
user_RHZgkPbY	0.05663018428481548	0.020469602749139306
user_RHdEoYqA	0.026014610127360588	0.010530871560337307
user_RHk47yPk	0.06000280862367724	0.02280267263126328
user_RHrPCju5	0.06381941145954233	0.02507119334646163
user_RHvvbKl1	0.03871856723105101	0.012777580447580409
user_RICXJZBk	0.07359835834798714	0.028803427756555738
user_RIMAhM8o	0.5565851505452172	0.03658207357085678
user_RIhv8dkJ	0.026936080224905165	0.00940275970210914
user_RJDXILOQ	0.046792203227780535	0.019650742884458634
user_RJUlBad8	0.019314257593914502	0.006800324021067449
user_RJnTbnXu	0.5814691209344578	0.03552212796138172
user_RK7kKHhb	0.05111568357693369	0.01941106085886136
user_RKSvln5L	0.12323510199230105	0.05963712779268416
user_RKYNPrgG	0.10409315107716449	0.04664784304674763
user_RKm0Nbap	0.02435057423417275	0.01012263347556306
user_RKs4TPJL	0.009293856848828812	0.003453242429903914
user_RKuorUj3	0.07637234010400967	0.029814083636772945
user_RLgiQKdO	0.5040003518533557	0.03312688089688457
user_RLlYb8hf	0.04403971931835714	0.018036694574168174
user_RMBGalcN	0.01603808325239308	0.005886292090633017
user_RMTAMJ7x	0.03905579216502713	0.015856383205021717
user_RMfqEyMj	0.0859632203937808	0.030148274511145257
user_RNJte5jb	0.10382990170519008	0.037745217346379235
user_RNsnjn4p	0.04248748040847261	0.0158819558189963
user_RORHxOI7	0.40544240011316285	0.031979483097200535
user_ROoqwLc5	0.1173070542031941	0.05604887787697049
user_ROs8PEUK	0.08202386315408083	0.033754395992472146
user_ROt93s0v	0.08017157471937834	0.029544032482571675
user_RPR9MKgG	0.08839646478032501	0.03696885101669046
user_RPbCNZCb	0.08337884634140592	0.03423418487677919
user_RPczPoG8	0.046056106698950355	0.018726984191723996
user_RPvkB7Do	0.9270236441475332	0.05848921405863811
user_RQ1hc20N	0.08700692167414145	0.032063515175657156
user_RQQq18bG	0.5736321608038586	0.017420999581115863
user_RQYEk0Xr	0.03270628514581917	0.013788440635706563
user_RSZ7g8du	0.4407083627771653	0.053293692376522664
user_RSaVhSPw	0.03766769765989393	0.013848713643862384
user_RSiDtEXp	0.032582532201060825	0.013280862936582188
user_RTGUj9Ks	0.5453220593846618	0.25091326991474505
user_RTGofsYt	0.0904955649342072	0.03691302593275431
user_RTYmS55s	0.03150479948841898	0.012697089864990262
user_RV1ZsYNQ	0.022335545425943536	0.00932058926580324
user_RVfCd7E6	0.5370872386570121	0.07999573379809954
user_RW0Del9P	0.09377266323430623	0.04023797977141246
user_RW2ZnEIR	0.03417113735000573	0.011549806223882676
user_RWQzfu3y	0.06779464240198942	0.023363689909222884
user_RWRkpBPG	0.6043325179176762	0.03648828744845928
user_RWVxLVOM	0.2153969026764025	0.0947249462471479
user_RXQ0goOo	0.3396538700989919	0.022333018939354816
user_RXhfZcpc	0.1219334572938537	0.050197188038761345
user_RYWYuG7M	0.25839278566941654	0.010859535372249984
user_RZ0xSCqO	0.11193135000879606	0.045765358785656705
user_RZAy2fVX	0.04667440771367705	0.017238908201553955
user_RZYJ0Cfe	0.2899060713525709	0.01437040169806894
user_RZrkIOCl	0.06711358400383031	0.026934376903089623
user_RZx7WyxJ	0.02357631085637756	0.008559000772315818
user_Ra1JC5w9	0.009305822529886473	0.0032074944911033745
user_Ra8uiaTW	0.07611248210284513	0.030726950632748343
user_RaYcVkXh	0.03326411447737492	0.012516339501891417
user_Rat284wp	0.04267606988863186	0.015330042378829158
user_RavIwtrk	0.10766330496338063	0.04707237419361383
user_RazUYV45	0.022570462669974742	0.010898405978861605
user_Rbn3xs3E	0.044788532002327255	0.01715254642841409
user_RbylxZoQ	0.11678879681408631	0.04444580134621415
user_RbyzWy7k	0.05718906492826437	0.01898642853392428
user_RcOQ1Omx	0.33045457563004355	0.021439392415023916
user_RcWEvNRD	0.06984790552250682	0.02556570943998339
user_RcZzFitk	0.2799415771559261	0.011591282599822722
user_RckfEqS1	0.04319028977261928	0.01825478990237158
user_RcqAEWVb	0.11024161149824718	0.044170429750006415
user_Rd1bQOeW	0.186906573472117	0.0750613713210745
user_RdQhUQkq	0.06783562915984967	0.02825542916882998
user_RdnVKrts	0.02271316052665806	0.009645002981184515
user_RdvHd2As	0.3070351525062456	0.01277393449418432
user_ReCkdiwA	0.6335192560159322	0.035784543034251395
user_ReWZQMMu	0.04202165283795861	0.017543687559047127
user_Rf0MxyY2	0.10192782909897287	0.03768882847241578
user_Rf937vCB	0.022598469369637955	0.007968376519123155
user_RfHWD0v9	0.06331922348050992	0.022122224393979664
user_RfKfOpmW	0.5219645553453305	0.03286731601191495
user_RfpOxAI0	0.023905673069022484	0.01139048656249507
user_RhEUQ9H4	0.05009777657201672	0.0206686194918226
user_RhIZeixo	0.03485060767348147	0.012519626222107021
user_RhbvPjps	0.027693064558702282	0.01159787015204133
user_RhrtLPZZ	0.09401945044286113	0.03718921103392582
user_RiFTAPZP	0.01795528987200548	0.006081556071773017
user_RiKRFOL3	0.06040222920045131	0.025866991632358345
user_RikOkgqW	0.23219165326724917	0.10936204239676123
user_RkAP8w7u	0.1624725558317756	0.07212371750356264
user_RkR3SkNo	0.11053726708948891	0.03867595895733223
user_RkVeqcby	0.03296269517941269	0.012449420256048529
user_RkZMNAmT	0.28075737699454084	0.014973245253664022
user_RktKtfKR	0.10498457860269754	0.04147209179835177
user_Rl0KnV7B	0.1266974285405052	0.04553103621429727
user_RlPnS5cV	0.016354453584270817	0.005588754366773587
user_Rlft5OH2	0.06343987305630963	0.0227017485498432
user_RmkUrlZL	0.039921164423546464	0.015317862976433795
user_Rmo1b4Z3	0.11952466609126403	0.05070402964695364
user_Rn6Nc9ip	0.0742442214637446	0.03421553416662193
user_RnJyLB3B	0.1839080446484125	0.005376402184649968
user_Rns5E4wI	0.03186312346383126	0.011574384162943593
user_Rolgf8UA	0.060337013058848456	0.02858141320909374
user_RorSrfrM	0.07496057230110961	0.031041319311065543
user_Rp9hCtWR	0.025250455079148068	0.010349357203409232
user_RpEt4qhP	0.02227465097691397	0.008171195502615008
user_RpHOrswv	0.016239585558035972	0.006086818205279571
user_Rpa2MhSV	0.2378977839706643	0.012813619184094108
user_Rq4bOQ78	0.027743593693573064	0.01122355935808963
user_RqBQVVQE	0.06518209957528313	0.025345108951662632
user_RqNq4NVf	0.042225238121786475	0.016812239801342884
user_RqO7yXot	0.07162194443293934	0.027534365497215763
user_RqXucgEy	0.054107730331666555	0.02036743423730408
user_RrRdf3he	0.020574009812842374	0.00886279331803218
user_RrsvIDkk	0.02455028071006303	0.009390057557203874
user_RsAMzlEA	0.06620650454848515	0.02984696665584519
user_RsScfSe6	0.026299955747112594	0.010644909999835342
user_RsTIxJLn	0.2915624090599063	0.009835310595674591
user_RsTkIqB2	0.2806609613803438	0.013536401433892073
user_RtBDZCbT	0.4898980301120884	0.03959755464568109
user_RtGbs9zG	0.05602214061321341	0.022594649928371045
user_RtPW5Rm2	0.010508069701835456	0.003876182404949219
user_RtrFguvM	0.5663440371714596	0.06772039455950787
user_RuHyc36C	0.08876925791691266	0.03514337337043169
user_RuJhnSN0	0.04382455188463356	0.01755552062564424
user_RuOvpXQM	0.026190602464013987	0.010829568747434487
user_RuzxaPta	0.06847671751783946	0.023132204896897515
user_RvOuPRPU	0.06095505587076869	0.026791318245707612
user_RvdRjDpV	0.07272748879368623	0.027005063540336632
user_RvolbPIw	0.12405815071123964	0.053637539626121326
user_RwXb4JVD	0.08420642245634516	0.02991802669618453
user_RwbgFBYs	0.3661706922022616	0.013247229325990796
user_Rwbzge7V	0.049670327637925976	0.019800374926270122
user_RwotmMDp	1.3659533895939724	0.07148390052464365
user_RxFOV2O5	0.029736636105867534	0.010110035646672398
user_RxSLqmQL	0.01807110124583082	0.006581919533116244
user_RxYvTw0U	0.2768149696613156	0.12621307122763592
user_RyHeMVQb	0.02914548697259373	0.0111992251939987
user_RyWEuJQv	0.0720320065033632	0.028433392170439397
user_RyYziEW1	0.357002112814722	0.01589363943457155
user_RyrnODE7	0.02472650378254267	0.010370633264481349
user_RyxpqEaz	0.1568785489969023	0.06681864819544583
user_Ryyarpo7	0.3142629038003941	0.014208973564252872
user_Rz28KYHl	0.048344574015565814	0.015257573206968914
user_RziZ2lAl	0.05854810029076106	0.022906214365353613
user_S01sPAUn	0.052875506959541956	0.021109549318184352
user_S0AQM0U9	0.010222341516414508	0.0035332622701584786
user_S0kOADPg	0.11542962464949519	0.05089176706888811
user_S0zNUoD4	0.018465859111902693	0.008020824279596994
user_S1OOSGbI	0.09073647236546496	0.04380473289522623
user_S1bx1Ctt	0.036730782167358714	0.013643948506296268
user_S1rzEGum	0.014430198385753032	0.0052701013649399785
user_S2Sg7V7c	0.06158987935062568	0.02314058119798656
user_S2hjgH0W	0.040024805804315264	0.0169289981234647
user_S2pub0fn	0.4433311216741563	0.02451183720108981
user_S2yjb5mb	0.233897362989129	0.010761049494944925
user_S322bcLq	0.019510557132364742	0.008454546777425836
user_S3azpZHq	0.020451108531525507	0.007665370942627708
user_S3jFae7b	0.04651540563406254	0.019224639042356988
user_S3nQE8PT	0.08684639432267982	0.03578679119287594
user_S3sI5mMO	0.02124082904222744	0.007467768780203455
user_S3vpiGm5	0.03445023307461717	0.014264367828690392
user_S4XHyzo5	0.013041942451678614	0.004614221499635283
user_S4eyOlKX	0.32142361411820736	0.14516086390591032
user_S6d7g1qu	0.027650843055532247	0.01141948837098624
user_S6dJlx33	0.028034597926950483	0.00951796357371225
user_S73jevi5	0.13434395922540512	0.03661382482179198
user_S7cL0gKA	0.017351816671505614	0.006037120688397368
user_S80Fp5bp	0.05426748727329886	0.01980287643440261
user_S8HR5wzG	0.04906385054803715	0.018170542553650783
user_S8huZ5t1	0.04372910079507928	0.016975968917945106
user_S8kNPPYt	0.014938601579440994	0.005565982215212125
user_S905IGo1	0.1252725017017146	0.048718746099392904
user_S92XssMA	0.050284353904636356	0.018705140195407553
user_S97QTFYd	0.044869644961413296	0.0193195258611607
user_S9HKRV8i	0.27259084067902695	0.019121679219238314
user_S9JC94jE	0.018429878320487918	0.006874769759363977
user_S9lP8nPN	0.3753011424637655	0.02602845193435442
user_SAD2MYsC	0.04993922961357358	0.018585871958365138
user_SAE9b524	0.009115577104473901	0.003293946075828898
user_SAH6QS3a	0.2524096096423476	0.11689169725255649
user_SAZrse7a	0.05422444395491246	0.020651663158755697
user_SAncWzNc	0.3075508937931868	0.01029462450084903
user_SAteQ1gX	0.06389534197978185	0.02587621185010135
user_SB7L0j9c	0.4397564134399066	0.016315370474437527
user_SBpE8JtZ	0.06891427362104602	0.02748661276824654
user_SBslvAvT	0.3232084795971987	0.027533438851895436
user_SCQGMebf	0.04307099258623565	0.015641170993761316
user_SCZsylwV	0.008977997656551065	0.003184417816927324
user_SCt45Z2X	0.09738943082390182	0.04426217438929352
user_SCtd6ycV	0.08443302581650688	0.03236601148996659
user_SDZm8K3s	0.08169057180953965	0.037790345635921624
user_SDo9pvU0	0.31424703942287896	0.016461225842177928
user_SDpSrXTG	0.02037664076165262	0.006988319796520262
user_SE62bOWk	0.06648660985045074	0.02702125591532931
user_SEM1Bocw	0.006854558078181368	0.0024758619341086027
user_SEVyK8fW	0.022020279000715827	0.00918532905130847
user_SEmqzrXv	0.036715874758881856	0.015899922288732656
user_SFrafA76	0.025360167346477287	0.010646414390301182
user_SGL5rEu3	0.5886336342416619	0.030054400202992205
user_SGWv1aFV	0.36102808462714686	0.01916651271604792
user_SGikHcbM	0.028794713687742494	0.011376032140449719
user_SGuz6XyX	0.017186574676280868	0.006179171652922611
user_SHNr1VWi	0.030613260650984422	0.010966874698848059
user_SHoeYkRi	0.7765287893492979	0.3437754166888363
user_SHqcbRJL	0.06916281252124136	0.022860650546532447
user_SHzui3CC	0.3659461953528051	0.016979680158964585
user_SIAfgCN2	0.011332674969312454	0.003935146917206855
user_SIhnpRE5	0.03821922384777461	0.014140752193553938
user_SIxkpUE9	0.04372586925143211	0.01775040197915861
user_SJ8ATALD	0.022727785520113265	0.007967962207500264
user_SJEhWDzA	0.0944663604422214	0.03448108063797037
user_SJXPR2Bt	0.039515138681696246	0.013538065952893426
user_SJbuZcWg	0.1432984606055493	0.04863891533368711
user_SKK43WGZ	0.024117697861849544	0.00903337489363685
user_SKaCUJn9	0.3409849643705575	0.03612666763931782
user_SKe6alM3	0.11761482955966775	0.0538598343828858
user_SKhAG1ZO	0.042718883928498805	0.015596197381664395
user_SL2ktdJb	0.032790184647935275	0.014565959800266218
user_SM5XqGxk	0.03758015899329171	0.01490706223708774
user_SMAbYNgH	0.08013397296151843	0.028252008788291212
user_SMGeq8vN	0.4847566288138832	0.02719652636445425
user_SMMMa3no	0.024366766913876077	0.009139213590957016
user_SMwW3L3o	0.051072969174343716	0.017011281931674355
user_SNDN3GkZ	0.0521126198517296	0.020822419533026507
user_SNLuaw5E	0.07349627011817314	0.03260823746145247
user_SNeqHnAX	0.036465556747818435	0.012579332137709757
user_SNm617KA	0.05822212124702293	0.02263181760129448
user_SOLC8mbl	0.043087345214578326	0.015169210232999055
user_SOS15E61	0.02498154691433922	0.008992182821231529
user_SOYgpyh2	0.052185924280699604	0.015980058786614987
user_SOghyREK	0.6186974671352463	0.023958962304142566
user_SPLEsQln	0.11247396601893732	0.04991066627562896
user_SPZmjO4O	0.061929499296939965	0.02521765453218113
user_SPioE7jW	0.03988024253074671	0.013889523803920516
user_SPu1LHdn	0.027245984109617878	0.010721921412465439
user_SQ23Ir9f	0.06208499608543577	0.023131059607515166
user_SQ6OGNaX	0.027655252567169053	0.009350995400090191
user_SQUplOhh	0.05652798764305851	0.02032576541246572
user_SRA18n3D	0.11029833885383442	0.04774316559753876
user_SRBkF2iD	0.04591526202099218	0.020042760826601808
user_SRCFNbfp	0.04536329304811368	0.017376376255317814
user_SRUuwdrj	0.5184772087006373	0.024396871697235995
user_SRsSGqAM	0.023063140947488136	0.009689533742284444
user_STFxzv0M	0.013059472333955265	0.0048159158280306116
user_STfMrQjE	0.04470218391397802	0.015976864741758308
user_STv9WubJ	0.012749937362091068	0.004812044929369149
user_SUGaKBGF	0.02983873753218179	0.012423163730773913
user_SUYlt3Z8	0.4547063841953668	0.03948932240291513
user_SUjg7zKM	0.04702113730504766	0.016630057580252374
user_SUuTnEWZ	0.03170051547173289	0.01169871310389394
user_SUvR7N8J	0.0427683839670788	0.015197561879025054
user_SUw3aKox	0.03444974179526061	0.012363897565222333
user_SUydF9UF	0.07215335491084501	0.028231560839955643
user_SW0TEd3H	0.29413395660905245	0.012819584347511917
user_SWfHvxYb	0.012246333293085297	0.004222646305035376
user_SWfYc2nf	0.04407984522311201	0.018687621474634663
user_SX5Wvj2v	0.1293623941094758	0.05929369619010713
user_SXAbUyrB	0.36103949450148093	0.024622282327563045
user_SXBbH5u6	0.09676252211939583	0.038613396689237786
user_SXQH2Txl	0.5304664179905556	0.04101776949211723
user_SXYuEnFf	0.057647570945412084	0.023845381801544333
user_SXf8bPXb	0.022151831925616122	0.009098782371456279
user_SXrA1gCQ	0.09854586406716416	0.03996926966163941
user_SYVWEQJT	0.07448686136956323	0.027904531464543886
user_SZVzuxru	0.03022463374363342	0.011906263839465973
user_SZeO76Ml	0.03268589249973953	0.011402491228185993
user_SZrRb2wi	0.051232630723456477	0.021051112263087948
user_SaIMbdOk	0.04471891692948281	0.01779769991063794
user_SbJDWzJI	0.33796094801407006	0.019086400481216098
user_SbJx4L1N	0.03766499341484532	0.013423995131546428
user_SbM5xrtx	0.14266558978227784	0.061259038205469345
user_Sbei80e5	0.06755415243670738	0.027043754965129816
user_SboCyqwJ	0.0470540745640701	0.020380412846670155
user_SbuTCdhN	0.021345931075622937	0.007946634459555782
user_SbuVByJN	0.09394781351554818	0.03233936976711276
user_Sc7EZmDe	0.04143493273094878	0.014365418610270575
user_SchWaxE1	0.033149990366074196	0.011324541917976785
user_ScqBI5rk	0.0486928272030238	0.019254140198897582
user_ScufGQaK	0.03673231723681912	0.015993020557667634
user_Sd2e9riL	0.020161342425300915	0.008515416645875771
user_Sd4NxmS0	0.015085447718952563	0.005196268500798523
user_SdBgFoE8	0.6441095977271141	0.032607869831660356
user_SdIn2m7r	0.02479523535739634	0.008909631664160022
user_Sdgm3TY3	0.03665266209403626	0.013093563697868621
user_SdlVUTB3	0.3981762172791085	0.016437593527492127
user_Se46qNjt	0.04243155647964077	0.014700310244781429
user_SeXEdPAM	0.0604876719859251	0.021015054026142007
user_Seixql8T	0.025966181845770847	0.010617474654857288
user_Ses34luA	0.01893873204850039	0.007134138388466004
user_SewR6EzT	0.06206001069138987	0.024099538448002267
user_SfPHwYvt	0.049240639646106185	0.01548278601054453
user_SfWmh3U3	0.610875805308313	0.016211751071167572
user_SfzfKqqX	0.405502291523716	0.01442560689683493
user_Sg6hOvaQ	0.038082065255743675	0.012222350288097572
user_SgQNpQ0p	0.04045146793988611	0.014905962065547604
user_SgR4dLwq	0.05446450596613872	0.022643396762397697
user_SgRLZQix	0.06132067691441037	0.01770729171745102
user_SgSMrBuf	0.2595216008035131	0.009641002762830708
user_SgUsiQU5	0.18047638550633371	0.06175066411301058
user_Sgz671qY	0.017932131543294365	0.006040821688730529
user_Sh4lXKaQ	0.025427410585186834	0.01188881842001953
user_ShGgO6lv	0.0907501986058714	0.039008124551622066
user_Si0ykhur	0.017387957851275657	0.005779570276817828
user_Si30ZZ6l	0.04705448461104693	0.017592128626835152
user_SiTcyfCH	0.5784267481822288	0.019432090517886542
user_Sig1V0QK	0.04761951613062078	0.01652710666537482
user_SikUttmZ	0.02981745759725525	0.012566975215401751
user_SitPRwP2	0.03919653380823482	0.01573594401981631
user_SjL3r3tl	0.07303936806411349	0.025696647680457353
user_SjMzbXYR	0.3758119274229474	0.024006254212670074
user_SjaaVNGF	0.08808655549030096	0.032097406753251165
user_SjxEHfzS	0.037518885446261585	0.016063311942717564
user_SkBCQTbw	0.07499972192891105	0.030518907659342055
user_SkLqO14S	0.07658143198031508	0.027872939919824546
user_SkP8ILDy	0.08244857077920756	0.03169931540311221
user_SkQ2Ozsz	0.018980600141488647	0.008251927346087257
user_SlLARd8g	0.030519760174870618	0.010961360373755053
user_SlMOcCRW	0.5652185889003133	0.016793068790562613
user_Sld9RwEM	0.030728634702864924	0.012688373079831524
user_SmAVFQgO	0.0013031604510540373	0.0004836386534069792
user_SmIJyCjF	0.015000613298099506	0.005415144501873751
user_SmYoYViG	0.013661010577525952	0.004480456230079746
user_Smuk8R06	0.037486226456048405	0.017869441953129186
user_Sn2Zr2SW	0.04721447412610214	0.01662321916095559
user_Sn70AAKo	0.0348035346018178	0.01669486932159184
user_SnEIBcS0	0.03759627645998654	0.014996359406889178
user_SnPq6fRd	0.0640843196391358	0.02851770613891957
user_SnVGG7oh	0.33257586635196057	0.013107805422372493
user_SnY570tn	0.03571470104937283	0.013279104455328187
user_SngqLjXX	0.04388834829160502	0.019920165436312105
user_SnmX9zAE	0.40153695174381143	0.02521345022565212
user_So8Vw3UG	0.14016598973655736	0.05930560850790665
user_SoNssd9m	0.34320415080049604	0.14193649315486886
user_SoWZ7XNG	0.30780830132358106	0.09710814216184964
user_SooPOesT	0.012814940079891968	0.004696791340085706
user_SpZoPp5I	0.006816764098183908	0.0023682660116000533
user_Spja5Hz0	0.005865462181402218	0.002089876394851254
user_SpqUQizT	0.20816742632978535	0.08321939849577245
user_SprkntEy	0.2690699701871047	0.01718790883111706
user_SqM5tTeg	0.02312153746757184	0.008010282867238126
user_SqZy5GDa	0.05774756278848617	0.023983967853838863
user_Sqm3t5TK	0.01820780010883581	0.006510448926572766
user_SrAWgzt5	0.3712774471290637	0.03069904476045247
user_SrOHfLwV	0.0289583967662434	0.01016604881276031
user_Srqb0uEC	0.016168513967151573	0.005761525216019827
user_Srtul2Md	0.07692424044229271	0.02753206803095991
user_SsN61Brz	0.050968646817777984	0.018666703030768266
user_SsPs6dGg	0.08138313757321203	0.03198126044706736
user_SsSQqtXe	0.4766134649375003	0.04140649946160818
user_StZhEmrx	0.07839168593743329	0.032962346025593246
user_StfRbWF8	0.12566128618356157	0.05291463913576933
user_StkUbZCe	0.4364160249667275	0.02317144076575993
user_StokllGy	0.05532677281553543	0.024633277279840195
user_SujAaHLj	0.06985002597004786	0.029649204166445082
user_Svedw5Tw	0.09752168579759238	0.038033623725986336
user_SvwEPlFB	0.04502215575126394	0.01803910015040666
user_Sw0ReTFH	0.020517701318188256	0.008896092906786961
user_SwZG6z60	0.04040995634463553	0.01632632572265484
user_SwvDtWEs	0.0455313487534469	0.01739965755041797
user_SwwcjZy5	0.03098213887889047	0.014034726069909069
user_SxzJeVet	0.032229270706760266	0.01339062074840929
user_Sy71kndV	0.10956003858528457	0.04375944411104034
user_SymrIJWh	0.04314959664545687	0.016037433152213027
user_SzAhiJQQ	0.0727831066101974	0.030183117959866425
user_SzI08ozU	0.2681085704074875	0.009492344252079541
user_SzOUDGVD	0.04214656876242574	0.01874258823271754
user_Szvg0mO8	0.017421124348045772	0.006484359494281417
user_T05V32IF	0.0589355870383117	0.023250640811457255
user_T0M5Ua3u	0.061533721388903215	0.024804122778550437
user_T0N6Mnxi	0.1538371473140412	0.06175228829524246
user_T0hgNRaj	0.032861656258839064	0.012140911835643737
user_T13mrziD	0.05257444388464058	0.01876761464171536
user_T16aDFXW	0.4375603866711695	0.018426931754028687
user_T1IpiUYl	0.01390326399861683	0.005336162379876084
user_T1LjDZP7	0.08694240401516432	0.03179540262504984
user_T1mhgHas	0.6656575166766463	0.06547839613971294
user_T2FsW7d9	0.026968895329721215	0.00965601048065638
user_T2gZwHMK	0.027981287050268946	0.01014108706022016
user_T2qHLYSq	0.07406151514182441	0.02828762426231874
user_T34TIsX8	0.02487451350757208	0.008624609363633257
user_T3BFS3To	0.0354637269860288	0.014513504047167175
user_T3ESyHN5	0.16388928841352896	0.07028689071924071
user_T3G92a5U	0.02543553335377493	0.009441884911988104
user_T3jj9MP7	0.055255819753893126	0.02106034837726036
user_T3tz6NQc	0.2332096288982897	0.09888807469015658
user_T3wEd04v	0.016122976897876527	0.007182968312166489
user_T418R9i2	0.3804360558072929	0.17355880285589287
user_T4BlGzVQ	0.015045381865251487	0.005014407524034515
user_T4DGqsM7	0.009838967672828172	0.003532433807936298
user_T4E49gP7	0.04158949941123157	0.01610736801524277
user_T4j2LN1S	0.10262414014061569	0.04771423637009552
user_T5Rkysno	0.050513217213624596	0.01618707349559013
user_T5UJU006	0.5854172826083606	0.04785403237803792
user_T5aknFiI	0.14549416702882764	0.006463233604349099
user_T5nD3PkQ	0.05377898112794572	0.02215526739065564
user_T5vlyJyv	0.05721608335352224	0.020649099815573745
user_T68cmQ3g	0.019925394382453977	0.00700052528629428
user_T6NT38II	0.11959829351645558	0.041732991475946425
user_T6XGqQwW	0.34528448263739864	0.16367116348785024
user_T6u9nPQH	0.08322527518176738	0.026662451029029068
user_T714YBGn	0.05060881199620379	0.01861216950690774
user_T77EhqH4	0.06741027109074199	0.028387792269126348
user_T7EZBRbn	0.01758842662912624	0.0077225897270729585
user_T7KT1g5m	0.014973524716048105	0.005623394391552528
user_T7S1LwHD	0.06243417416100941	0.025989584793796885
user_T82S08Dv	0.1027230758533387	0.04238573620246499
user_T8QMo6gR	0.07249632865552526	0.02183959247219367
user_T8T6jR07	0.08171517826470687	0.03299664959667724
user_T8dnGF9s	0.04376340715503973	0.0163143348597281
user_T90NxOvd	0.5026737799179536	0.015155183572194886
user_T9QFYrW1	0.05835393351495759	0.022180888441998132
user_T9jOdiWA	0.41318489434563543	0.020279216425189584
user_T9rOluux	0.10766465267202308	0.052698906482472704
user_TA1Yasy0	0.02757537069434489	0.009634840364654349
user_TA6aQqD9	0.015504040278453986	0.005928342489915771
user_TAcwRKwt	0.22758947231364565	0.08695467296112647
user_TAkEupOP	0.04158296507755464	0.0162547819994325
user_TAlVjEAZ	0.12217576854834494	0.049521503768485894
user_TAtn5iih	0.017794516856854795	0.006950778330774159
user_TBQHyMS8	0.012751776953039657	0.0047383317456578715
user_TBVs2yrA	0.08895219725009286	0.03904446752100776
user_TBbYRe2Q	0.05377618922928966	0.020392236695236276
user_TBmIkOLK	0.05281547831752306	0.024640344403027235
user_TCQKpPsk	0.00820268860839106	0.0031514729814658545
user_TCjy3Lbg	0.057772573621174717	0.022777738826288137
user_TD1qrisM	0.05402814418125324	0.019377609438172537
user_TDAQMwxZ	1.0057161659518061	0.0641214450404668
user_TDJ7BAkA	0.05894353728423847	0.02311530359830015
user_TDJBaupH	0.4220584023986818	0.020738392848859546
user_TDKYKOBw	0.13644571032268216	0.049368114175822826
user_TDOLVOJU	0.41501793057929115	0.011771903220770576
user_TDcRgNux	0.2437759786342811	0.09644755717037803
user_TDkgiUVF	0.4857959931550318	0.03445184406065475
user_TDqfmsa4	0.03944951288847995	0.016268645564996943
user_TEEQyB7f	0.050971341507220345	0.01787713048550848
user_TEOARXab	0.06968798428839165	0.025582667703825165
user_TEfkO4JM	0.03414662934739859	0.014930947376363028
user_TEoBktnV	0.014686090752254941	0.006671565932470574
user_TFCChG3M	0.046497642396602396	0.01714659993307092
user_TFJPo0I4	0.05646448710719767	0.01937708812182664
user_TFVOxiPQ	0.0259523937350779	0.009484816446840178
user_TFaQDX2N	0.023752997781749982	0.009924937931608533
user_TFnNvzpb	0.27591109295515737	0.030958469657250944
user_TGWkTdwx	0.061696436932760765	0.02791663551904503
user_TGY3NPoU	0.038442989348092385	0.015533287248693968
user_TH2zD252	0.058519634262995814	0.017949512244994147
user_THZ9DCAS	0.04026260605696905	0.016030300055240584
user_THhL1XPh	0.10389769071166216	0.04749723585885601
user_THl76r1x	0.051622675891103205	0.01978738345155885
user_THz8EQ9G	0.23360445887462428	0.009936260351194656
user_TI7mk7ir	0.22822735674551137	0.09632750898871976
user_TIRodzJ8	0.030074587461980287	0.010214970649322815
user_TISJOggB	0.07631079730614887	0.035516423213229224
user_TJN9MTxP	0.952487079871347	0.40268595474153457
user_TJffbyRQ	0.3217960914411326	0.011053054724950898
user_TJqDl8IN	0.029668270424155117	0.01137328873641225
user_TKCYobVX	0.03999226490311682	0.01741518278967918
user_TKDgcjcY	0.09352534763901696	0.03565909943774156
user_TL6O9Bwa	0.013083649742035235	0.004853304790134528
user_TLGPe7gX	0.0047527067685433815	0.0017233818470893975
user_TLLDrca1	0.02299223796293445	0.00872247264732672
user_TLVAt2wo	0.03728116742021673	0.01496465170480315
user_TLYGT40g	0.08592426691244803	0.03370833209900701
user_TLajY2k3	0.024409021882300607	0.010210780391717474
user_TM5w4lHZ	0.015049641930407615	0.005476414313621706
user_TM8QlAxf	0.0053588206853314516	0.0018737878530451992
user_TMB3Tkb5	0.12002311509553448	0.04656525007378656
user_TMBy7jpB	0.054101812037646704	0.02321907346036556
user_TMKF2U1W	0.1060314271281057	0.05052748815828371
user_TMSFJ3qA	0.10843253365157038	0.03147387919301093
user_TNAEiFYP	0.03967599731761842	0.01456293109443934
user_TNH5TDny	0.19623856538564255	0.07889872550407097
user_TNh54JeA	0.03568158370433035	0.01391999519618354
user_TNjYnffQ	0.07384879906745964	0.028955698640339162
user_TO7NGgMA	0.021783224029454307	0.0078046972790275886
user_TPRX8qkW	0.4920893854070465	0.020542839007314826
user_TPTiIbxv	0.031519234626437964	0.010927818935144051
user_TPg3LTDK	0.06249566639528562	0.024456640939877865
user_TQ1Wadg8	0.08932286053902991	0.0303354768858515
user_TQWBrAIL	0.06214448991890111	0.025732833102880083
user_TQv68Qd9	0.05858839550219864	0.01963355483148386
user_TR67k8Ns	0.01568134477349657	0.006002340492547157
user_TRDSYEbD	0.04993008026221719	0.019309341869970652
user_TRVOIVVB	0.046493071769730124	0.017991177179469558
user_TRWRvJAG	0.3310166560469149	0.11556241371965813
user_TRwwsvGo	0.43331037184968324	0.0240609922970608
user_TRxeRnbw	0.19086534261107357	0.08056304881907507
user_TS0SzK7l	0.01598333478138243	0.007142242189761827
user_TSDkIpRy	0.2763371961047852	0.11741928525116072
user_TSKTyDvF	0.047029557505401935	0.01854507382103274
user_TSeYABR4	0.02410304919620429	0.008210934422158827
user_TSl14eyK	0.3324385490886204	0.02411604279297789
user_TSzCJcdL	0.03981030778179684	0.015485021201262564
user_TTMA8GoR	0.03527230123555257	0.012309520911560696
user_TTMC6bqc	0.015802648344129453	0.005800982061898314
user_TTTp1r3o	0.04387365868259463	0.01706343527162181
user_TTa9E4GJ	0.0492519409499611	0.01887580208773459
user_TTiNtHCy	0.09256151308240401	0.03550002553685753
user_TTusZJ2J	0.03774127940831666	0.012883769475079377
user_TUC9jjic	1.2036740827015417	0.03171690426176319
user_TUaTJcHR	0.02011089386267535	0.00752074876909555
user_TUdnh6lE	0.05635571260188961	0.023288788232984338
user_TUpi45xA	0.07976203778695927	0.03228802856556177
user_TVF2GSD9	0.028304838237409077	0.008785841227150376
user_TVb4WPsS	0.04170265698208223	0.016435866570975663
user_TWHdX3OJ	0.0165984522425681	0.005691035428996122
user_TWQSd357	0.04364786385413323	0.01647992790406069
user_TX11P80u	0.04884318764637112	0.016190086127397592
user_TX28yCOp	0.026624848039731253	0.009674376312673766
user_TXM9mnGO	0.0749703268538841	0.02796424672698379
user_TXWYwyQU	0.03749596872632399	0.015517972382926301
user_TXawJYTC	0.052223277870281484	0.02172232889601439
user_TXdvxLoM	0.3858107535409867	0.028670917912746802
user_TXsGeS9A	0.07775330054526904	0.03317653654182012
user_TYB0G9p9	0.5289746464875134	0.03931594259155192
user_TYC3RXAK	0.029897146009443626	0.010777872393405321
user_TYwO1hWT	0.08441234906069467	0.028322483843654895
user_TZKEnqPF	0.06336428260508431	0.024112455637362012
user_TZq0I8bH	0.03693768316666479	0.013512651537189582
user_Ta6v5Tc7	0.06254015982895236	0.0242060129722945
user_TaODlnRZ	0.035352234490284615	0.014395158621375576
user_TabaV9Di	0.059079975796414295	0.023104745522074303
user_TaebrqqY	0.05193946261376105	0.021092268879085427
user_TarCj1km	0.05507641512420003	0.02261445615290795
user_TbPEfYka	0.9708176492649262	0.03506898800059891
user_TbfVibJn	0.07974464545129484	0.029625071168016597
user_TcCMl9uT	0.2657353638804711	0.007572450217665314
user_TcxQlo0T	0.015813049069060885	0.005855497677131948
user_Td1MCTqd	0.013578633159536217	0.004807474230981444
user_Td3Y9zco	0.05504607347064555	0.024173401302189895
user_TdByDn74	0.0262618624162001	0.011053315097307526
user_TdDlboN6	0.027253265893167823	0.009807269320527773
user_TdGIn992	0.0371301380521331	0.01498680745444645
user_TdVqsEMA	0.0378021155547648	0.015033065049361964
user_TdXUFkWl	0.7171618490394515	0.036262701545914766
user_Tdl9CrQd	0.17710457658970924	0.07900976943794644
user_TdmAGNey	0.11565904913573685	0.05138464949279005
user_Tdz78BZd	0.019813172988672377	0.0077476828192414885
user_TeOw9VYZ	0.017915893083966468	0.006662953208675935
user_TePeEXrp	0.5718801756553767	0.2604782626584158
user_TeZZKyNm	0.005759244708036926	0.0020335605299796325
user_TeqRQRRm	0.5812811849222288	0.025447266900163936
user_TfakR462	0.20620092436122311	0.09326664469784285
user_TfbWpHOW	0.03185374108980936	0.01248749510701911
user_Tfm81oF6	0.02475025768245742	0.009974980347394082
user_TgIiVcET	0.049834615553377315	0.015270923050884306
user_TgZLoSlv	0.4478308865368562	0.028508123482993104
user_TgehSGhH	0.7152838558889963	0.029518106266240123
user_Th6bbT8L	0.11433778089462257	0.04139165213134394
user_ThBSbky6	0.04681181450472925	0.02097358270291811
user_TiS9HvtR	0.03715197140739991	0.012939140987412678
user_TiggJnf2	0.01241182585470648	0.004478135687337757
user_TioLmLli	0.06111300717388585	0.02555984785581386
user_TioSYzjC	0.11555112112427993	0.038162054676319175
user_TivGiiBi	0.12649672885219504	0.055612147092833
user_TizRs8Pt	0.407689196255734	0.022255673104123783
user_Tj17eOgi	0.0212751904305849	0.009160249721074232
user_Tj22HyWK	0.3589443626345239	0.04163928461002998
user_TjVht3mW	0.07800033509610982	0.030865707027691168
user_Tjl6dK4g	0.06766870697375389	0.024191306546832853
user_TkKZoSE2	0.0690666871988335	0.02719633098150778
user_TkoUlnjA	0.6495971270182804	0.02408217252792792
user_Tkp72FWQ	0.006961876045590738	0.0025698412775625092
user_TmG9XNAx	0.05288937529552884	0.017137101781222724
user_TmGF6fHJ	0.029648971029283835	0.012499284637467297
user_TmVAppkA	0.21362193474431657	0.09468899105480609
user_TmmfBtXd	0.09121216109258697	0.04394884256872501
user_Tmq0WqzL	0.5714948655875335	0.01689403567650211
user_Tn9YfcLH	0.3617360104483891	0.021375435058891345
user_TnOj5kvt	0.019422328124570953	0.007050316580818211
user_TowQoGZ7	0.005901550792802874	0.0021329530778347893
user_Toyo5LFF	0.01841834999431386	0.006881731398350455
user_TozIxkLu	0.08704681860331095	0.031282232894846614
user_TpWe4lER	0.09472074060390204	0.032282306040772674
user_TpfnwO8V	0.03002435069218341	0.012034819562151697
user_TpoK8PIk	0.09079316855124624	0.03080957701557606
user_TpwqNvf1	0.6684884834635207	0.08487703717521716
user_TqHI5faf	0.03241663074311517	0.011224001060972918
user_TqRunEHN	0.025240231227828938	0.008996120695987944
user_Tr9hkbvR	0.0675000645215503	0.02647227919314015
user_TriNIX2q	0.056876685646835186	0.02218146897302973
user_TrmZ6m5g	0.0537087298259326	0.020405615814255363
user_TruKlBgo	0.04128597088209902	0.014999304496082914
user_Ts4oXAkD	0.07004626133444072	0.031458104856472574
user_Ts5P8zba	0.43527924702277887	0.029397077786938147
user_TsFnzG4G	0.043634034595666275	0.01759041052393616
user_Ttj2whaY	0.14941576222105196	0.06812949292984781
user_TtnklTLS	0.028577255328071614	0.01178726586720673
user_TtvErWXs	0.2706293888708321	0.01244798363743576
user_TuPlDr8u	0.041361326295517746	0.01670272199059722
user_TurL68NF	0.01433325392801462	0.005289787559767217
user_TuygmkdJ	0.09730936334359347	0.03870777066893201
user_TvAuQGwF	0.04614951677725005	0.017744739269845808
user_TvGr1FQb	0.1434865312985365	0.06281697897046146
user_TvTQ3FsX	1.1908838913327866	0.04811230662083442
user_TvhcUzCW	0.484338559955504	0.03937600422722789
user_TvlbNhvv	0.029336884859061427	0.010039432744962341
user_TvzxQw5X	0.015039343104671848	0.0053334080860273055
user_TwQ9utKW	0.046353834751923936	0.015945024152638904
user_TwYMHycc	0.03120347946189575	0.015428547193990066
user_TwfYvb6R	0.026106071884090892	0.010884419526614758
user_Twiiwz2N	0.21115693230102692	0.009890242859065396
user_Twt7TjmT	0.01931119520631958	0.0070046100097304964
user_Tx1BXcAi	0.054706798175035196	0.02011587780112818
user_Tx9LgLPa	0.10088836501620378	0.035300196136842925
user_TxbWRrYd	0.02898989030339852	0.010735778184879917
user_TxdbapeB	0.35859320755792873	0.02153040268574671
user_TxmaxFql	0.02280029964308896	0.008398343958007452
user_TydDouAi	0.04793051145346184	0.021599747007363727
user_TyjM4AWJ	0.031411219078128945	0.011359842198883792
user_TyuZmlog	0.03133748362135776	0.01427240437538441
user_TzJtpXhM	0.10539960007969063	0.03607933001821234
user_TzMy1qsy	0.027312646752288446	0.011421073142885794
user_U07NRvRg	0.06125553344282118	0.023601292669139372
user_U0skUSyF	0.07148741830385161	0.027846838993551573
user_U110Ajqd	0.056840360367575726	0.02364205260744231
user_U19czwj1	0.08564173166170228	0.03302591511993982
user_U1W6hdjK	0.05380770524451885	0.020374395127237193
user_U1qohaFd	0.13393236100020917	0.0632676685636632
user_U2IauQAM	0.049203252962399024	0.023096566269591518
user_U2i3ZSPX	0.03527915234360596	0.01531912454685507
user_U2x7v4tA	0.031632796273191384	0.013126896484993551
user_U2yl4cIE	0.04408271086210455	0.015251422028117589
user_U30wRt0Z	0.025051114143591277	0.009025327310942409
user_U35F9vCh	0.14595843902224664	0.05490782452784511
user_U3ABvdLa	0.10127732022199451	0.047589317780168776
user_U3TqEVBS	0.02293495502075668	0.007464178477523232
user_U3cxUm1d	0.09530594901857495	0.03680953649218883
user_U3eHKiLD	0.01392187685819646	0.004909457937538734
user_U3meZNRe	0.11501439222717605	0.04402885079521231
user_U3zKoYJY	0.05629553133098993	0.019263899034599793
user_U53REVbZ	0.011281919159548928	0.004087789635577485
user_U5aHUqY6	0.0763110860073048	0.02904435415995455
user_U5xhcVyK	0.08720726978992285	0.038241781273982874
user_U66Yw0cz	0.07084999175809983	0.033916116939982296
user_U6B6uxW5	0.01872831579161751	0.008136497367827355
user_U6aEzIVX	0.05246572511362831	0.021708397643047817
user_U6zWXr1h	0.08185922125537375	0.031453617171658815
user_U72M6JBJ	0.07168456523742585	0.026971993543311392
user_U79Hw0ba	1.8308021411173128	0.13240788043453683
user_U7KD0B7L	0.029156587545924345	0.010107654711081483
user_U7ctyV13	0.037014917810597264	0.015014791197171319
user_U7mu8usS	0.01683904430752993	0.007408953002689831
user_U8gFiEx8	0.044953569842461835	0.020112298325717717
user_U8xWpfaI	0.04124250724876195	0.016626197864546746
user_U92sNeZG	0.8348175298995902	0.03549032228818701
user_U9CYmi9X	0.0895065578596479	0.03291031664235581
user_U9UiWdut	0.0395618726754806	0.014897205797905586
user_U9XXE4Qr	0.06614343258340868	0.02777785891609731
user_U9lBmhyp	0.033842178506055705	0.011924422702519947
user_UAWJxzg6	0.09742194193114127	0.039955300975982766
user_UAiE7TiD	0.7904803159177695	0.03088981025054331
user_UBEYZGzm	0.009613386016726917	0.0035173311951298817
user_UBhJn13F	0.0632089488304476	0.021456333426799465
user_UBrVFime	0.26797097006247217	0.009625171661219574
user_UC2gN9XE	0.11061501809669796	0.04998872304009602
user_UCUirhwW	0.2553240299836286	0.0147917921894381
user_UClWbbGw	0.043558612993103416	0.015258632115983906
user_UCoEtc2z	0.04591357449758354	0.015919968825831264
user_UDbGtr2G	0.43378838334636194	0.18676559158169875
user_UE3LrTpy	0.012300536504074307	0.004137870781458325
user_UEJy4bNL	0.3968163412576208	0.031454870642091154
user_UESRflBn	0.05983595710381389	0.025915775229345194
user_UEqzRfd6	0.040542029405195454	0.014725850228154756
user_UEudbFPj	0.07548353468767774	0.02834842258375541
user_UG5u7Y1y	0.493860458601399	0.0290000620711902
user_UG7CPsQj	0.02536754230681961	0.010399469295188786
user_UGHfJ0hi	0.021335798654825905	0.009187455641402123
user_UGRkRzbm	0.03413677076609317	0.012320747657862568
user_UGhaLLy8	0.7882062417383212	0.2820923521567785
user_UGpHW1Ov	0.12723054284240648	0.05742562967438865
user_UH3rcq3W	0.521644002984625	0.019270195498373634
user_UHA7adQ7	0.10736949098262999	0.04375504664516583
user_UIRixFbZ	0.0062702536626303325	0.002246945399168892
user_UIYN4c2x	0.3724793014642636	0.011443895312409955
user_UIjr52By	0.0661316869468419	0.021410059504996068
user_UInKHTew	0.009147003754964474	0.0032532439681118804
user_UIpvbRTH	0.023019853384030703	0.009575389173769152
user_UJ0oADTn	0.0725809300716833	0.028381215001801935
user_UJJ9qRlw	0.031858923070927345	0.010953069724660962
user_UJOH5eJC	0.2899382866040405	0.1312227728356284
user_UJS2TqqJ	0.0022825537024304997	0.0008143232509967695
user_UJe555pR	0.43145368025445585	0.02710930468324176
user_UJopB4Zc	0.030574854044330853	0.012195840496919418
user_UJtMmDxV	0.020192660591414408	0.007630946306325162
user_UK8BHR4k	0.055598189829746805	0.022919908308234288
user_UKRkfuOb	0.40034226659299094	0.016297265075535115
user_ULKC8m4W	0.6054495231469803	0.030105347964966736
user_UM9x31c7	0.09077835306876023	0.04200467772950175
user_UMtAMH9c	0.5808456229035759	0.01998642043111666
user_UMzQzRGg	0.0625697522424387	0.025472975569258437
user_UNpIJvW2	0.04514968591525643	0.015849229971253844
user_UO1B6IMZ	0.14858096829290762	0.06535823396544962
user_UOEcuydj	0.03332457594543542	0.012312532472834026
user_UOqX7qQ7	0.028548622584590844	0.011940946214084137
user_UPKqawlc	0.05812088150899798	0.02087451548869517
user_UPMeV1UJ	0.12124903662946618	0.05444732170777583
user_UPSC2NDG	0.012262341079684418	0.004298280058317445
user_UPcJ9nCq	0.17589580210074895	0.008420349724086257
user_UPgl7Lut	0.07075009483481706	0.023883134223520598
user_UPkR25eT	0.05382525470697663	0.019165580243234226
user_UQkv3IUC	0.0547868447736676	0.02132320651001554
user_UQlg3F3U	0.05729383681867246	0.019010287507194402
user_UR6EBqKP	0.02054844529556561	0.007979672707247492
user_URBbofdT	0.03525645367521697	0.01484367985182284
user_URItvkR8	0.049574793135372074	0.02042968297828016
user_URkg7td9	0.04069149088922791	0.01738836567557499
user_URu71Eaa	0.04478041241818474	0.020256727415357372
user_USLFRXsb	0.1077522882962916	0.037739733458720455
user_USUezQdQ	0.042319913928585	0.018222340948936818
user_USW8O0Bx	0.18964124363975757	0.06546128117013818
user_USoUe75V	0.37633512261745505	0.17003670161931236
user_USqQw1sD	0.09076583482415715	0.03052664040295965
user_UT9DSHSW	0.4415168036738853	0.01859987172883413
user_UT9ZqyrY	0.0324226022089201	0.013032588914694795
user_UTHPTK6Y	0.09484455279664884	0.032717223418104846
user_UTU1XiOX	0.05782022931222252	0.020879739148556557
user_UThWRbnx	0.04874834656014074	0.021895926242045022
user_UUH0Q5Ry	0.0904879577635576	0.026151027319165028
user_UUHlcoOd	0.08664461500687823	0.031767169024425404
user_UUK9iKKn	0.06519841116561904	0.028719260388915202
user_UUTVDYNw	0.05995954148252433	0.021893248057648813
user_UUYO4HkF	0.043839125930332457	0.017585163895806565
user_UUg4JwSJ	0.01648435168239982	0.0061265409241475785
user_UVMEvexZ	0.3478842150813798	0.027348343049870924
user_UVupRxyo	0.27217817489034146	0.025757012135499257
user_UWFXyw0I	0.08424268932181647	0.031008727332535548
user_UWTU4V3s	0.07000743922628422	0.02797119021550881
user_UWirPMB3	0.06195969321682876	0.021172078562386478
user_UXBkg8yl	0.04749021145158924	0.01905623479925976
user_UXbcViUq	0.036709991655631824	0.016379131293539545
user_UYAifvec	0.5667320615752129	0.016315475718454663
user_UYNwQsC1	0.34465481508246976	0.017847495454684965
user_UYqreWGZ	0.07100895776322641	0.02846149862728371
user_UYsUeWCz	0.01924025394742286	0.006835197825455605
user_UZHqfZxw	0.012687801137761434	0.004515873372091902
user_UZVXKT4F	0.012107127281504676	0.004459703292742988
user_UZtjwNiz	0.13076570800084725	0.058890811117753676
user_UaCyB7nE	0.06219243975723238	0.027989091730104953
user_UaG4DG2h	0.19351278089663962	0.006000662904914223
user_UaNZKgEw	0.43473212936896355	0.03042708732949371
user_UaPyzLfY	0.0179687463756174	0.006632843410483152
user_UabqWyOD	0.48771798436232766	0.015492605654614884
user_UawB1qy7	0.13788739479166076	0.04938161936835672
user_Ub4n6BOJ	0.044445734922073515	0.018010987637491406
user_UbFSa8Tg	0.06548836900513007	0.0219547908066911
user_UbPjjs0J	1.0474211459878693	0.07315111492292603
user_UbeT9tlZ	0.06958523325656311	0.027918279862857994
user_UcY0PACt	0.02670223042594901	0.00902845939157014
user_Ucl8fNfh	0.02164357687227307	0.008144099350977431
user_UclGcXIM	0.033491378202201216	0.014168849750140686
user_UcnPOrYE	0.024098871517667965	0.008987838973288604
user_UdHWzIBd	1.1631782363475103	0.04222670595228087
user_UdRnPNRw	0.06366674044384418	0.02851695248136707
user_UdnXtChx	0.01132083098842735	0.0040351933585672465
user_Ue1zPjsM	0.06602446098799164	0.023746495373918756
user_UeOyAjjY	0.3220920387948045	0.012636961108144417
user_UeQ8B7A0	0.04909605950205666	0.022151896231382688
user_UfLNIayV	0.06202113977806514	0.02407298771943376
user_UfRGkMlp	0.05122247426717324	0.01908746717190708
user_UfdQ6cgy	0.051939709335973056	0.02202617847772244
user_UfhnPrke	0.043090529412039114	0.01837784446146607
user_UfnsRCNr	0.06638310699664984	0.027338927749533525
user_UftbI3Gj	0.010714237169320816	0.0039148023305718965
user_UfxVGjwW	0.01926880550228363	0.006738001924261593
user_Ug68TWpi	0.7911606911789391	0.10689787338577156
user_UgEFFM3D	0.02848147692213192	0.01039491217555669
user_UgHbu2VT	0.11034615204617206	0.04248823723203329
user_UghHMS86	0.04957284939093683	0.0163124244771911
user_UgivsUhu	0.5629872946044512	0.06401881370324897
user_Ugt2ABF8	0.009806526704108814	0.0036532489621496603
user_UhoUHtkJ	0.01829161024326944	0.007005346302117619
user_UhvYjCAE	0.02633648786580869	0.00897610784047826
user_Ui20lpS9	0.03213147910829495	0.014242463056010976
user_UiSVZtqz	0.13999691405045683	0.05852359640892556
user_UiVrNiEp	0.04307661151588768	0.01661962184108347
user_UiXu6bHR	0.02651184959557051	0.010723918159055235
user_Uir0NSoh	0.042546066753922224	0.01624869104680237
user_Uiv26Qc3	0.08225767549689197	0.029674251122349393
user_Uj5B9Je3	0.8922557629376253	0.039886484617785656
user_UjOJCjWB	0.038009029640033054	0.016377844360407002
user_UjUqnbLv	0.06696453106973767	0.027674611893873866
user_UjZDvsEk	0.08034614008624272	0.03238538163118783
user_UkmI02Vz	0.06684106530223047	0.02678170453111996
user_Ul0JtFyM	0.03614930595615257	0.014328472134034239
user_UlAMQIVy	0.08326979879425991	0.028158275149658605
user_UlDwzPOk	0.04716211482043415	0.01749370450043132
user_UlrElY6H	0.061110552471739604	0.024017251405160707
user_Um1YxpQ0	0.048310687766315016	0.019681569144853236
user_UmPNYcRq	0.030699737425857465	0.010742990997577603
user_UmQMdiN9	0.07913272783555084	0.034385930966292236
user_UmyMyUZG	0.47236616752383687	0.026934319485383475
user_Uo6EvSA0	0.07804536244379734	0.037760164713014834
user_UpLlprvF	0.050636755569265626	0.016326596790182297
user_UpfKTb3w	0.021109724459474247	0.007966408809442363
user_UqCQqDz7	0.1735135933726668	0.0632831981558346
user_UqKO22Sv	0.028658971588229665	0.009879110365559609
user_UqPJeCLl	0.046525833387216775	0.018281668582545443
user_UqfjahEO	0.3607013697497552	0.016909603169321337
user_UrRLW8vd	0.011973877180309882	0.004441019835041924
user_Us1UbEgk	0.03385012173108943	0.013036977246221585
user_UsoaWnyK	0.03603364058833959	0.014805880181932827
user_Ut1uJJrT	0.008679166729198037	0.003196012196868724
user_Ut65NRCp	0.025106204138355813	0.008856278218891324
user_UtJFv6md	0.027306305477259832	0.009787082464923975
user_UtTzcyAq	0.05876476518398498	0.025133071640883103
user_Utm7DpFW	0.044361037919030774	0.01963888512163773
user_UuAjTcrG	0.03621464034486418	0.014378742373751053
user_UucnO0Py	0.5942812667803749	0.017604460881770083
user_UunTCsym	0.3913524464625913	0.041745188026253946
user_Uus3D6WV	0.06237334981716392	0.02942479976030449
user_UveSQ3oN	0.05402784666163696	0.020193616592524315
user_UvxzRBQK	0.0327958556013033	0.012050618363349195
user_UwEcDATi	0.05454852978394113	0.021993822138199254
user_UwS8t2Wu	0.0429446065991998	0.017125296942506325
user_UwpYtaFA	0.12268258357700908	0.042583666012402585
user_UwtNGEwi	0.04744613720257843	0.01690167608436698
user_Uxr5SzLf	0.03236242969338646	0.014413490098118684
user_UyHh8yAp	0.8693546624706759	0.06638096278509242
user_UyXv6rBO	0.12486023406587238	0.05232054589932024
user_UylboXrh	0.013848722912125022	0.004992457147978704
user_Uz8VM7qU	0.44516149917263087	0.013275396059029885
user_UzCFnVeT	0.06915686929268995	0.029349867675302285
user_UzQ0CwgL	0.06504493782563903	0.02371201049060546
user_UzgiFiZW	0.6323115168757552	0.028560848514067403
user_UzrIh68l	0.11239678863773224	0.04458913816268259
user_V08Bz1wY	0.21650372538945045	0.01667117532806236
user_V0F1DC3U	0.08041861886174478	0.024747829659948786
user_V0qw0yfi	0.03028602276838812	0.01228332372085489
user_V11Cv6TK	0.23238942746898447	0.10550001598032037
user_V18rXYgG	0.3937269494452279	0.14916186123349556
user_V1ByBqdg	0.03997567840249712	0.012105280992059488
user_V1H5eOTo	0.0764524218530803	0.02863659378986921
user_V1SLLOY6	0.02602160813997456	0.00893731712931974
user_V1cn4Snd	0.049315810942172904	0.01762295849144354
user_V1nXMbRK	0.02968589568897419	0.011433201980513848
user_V2LGDJiL	0.0733337318439774	0.031936831119484047
user_V2Mw2Izs	0.07604118179965653	0.028757357358039394
user_V2rJgFg8	0.037643210435276166	0.014513165795426277
user_V3ghXqgD	0.02000315927634945	0.006919785317232863
user_V3har3Ak	0.057376672394312364	0.021556843648464812
user_V4M6lfKb	0.1839302999839728	0.009324107117315785
user_V4oxeUSi	0.008942951591872113	0.0032587232470547554
user_V4pYxk3d	0.3630813330276637	0.01739773037826521
user_V4tDhiJ4	0.025463230946549276	0.009485000130374871
user_V4x4PMqd	0.0307882303268657	0.010715743365342246
user_V4xOvsYT	0.020419841506900016	0.008403904506298947
user_V4zB5IPr	0.06046163805829821	0.02338546657759887
user_V5KGwh0O	0.01704143811373926	0.006179748648865543
user_V5fX6Gkf	0.08915845967358528	0.03002873985448115
user_V689VZHL	0.06236590720288983	0.02082587507408839
user_V6XyqywM	0.03927174173968804	0.013474859751502784
user_V741ohLu	0.05092326918749753	0.019294157470822536
user_V7AG75Xj	0.27500879122942923	0.017509291888212382
user_V7rsDpgr	0.020922235954606544	0.007486747392395777
user_V86mJ25P	0.027958214042213686	0.011131626297604618
user_V8CDkV3j	0.21197474323528348	0.011091602750676267
user_VB9MzThf	0.8127836470329497	0.3284765882591283
user_VBNbbHuL	0.01683830368557112	0.005647655901354431
user_VBSjo3Ip	0.18451920040187555	0.08415298652823265
user_VBndHMbR	0.03899784413588562	0.01566054926814209
user_VBptxhla	0.4619087784021876	0.02350767887960793
user_VBvScgOR	0.1385615476441407	0.061757260216187576
user_VCDD3yna	0.09200318970582555	0.034480145789939486
user_VD5ni5RQ	0.04761526524916787	0.019573659157151955
user_VDTG2UjG	0.10323545508983571	0.04223222414051985
user_VDTfs8Vc	0.07795058897956882	0.028178520692031344
user_VDlYLN4N	0.09734335361816819	0.04592646267811652
user_VDm8P1aE	0.04430906877107361	0.021496515298983648
user_VEVOZwCW	0.04228828166638511	0.01800305523894965
user_VEYPfRoV	0.0064582957023484044	0.002304965646038221
user_VEYmFGO1	0.024715183992547116	0.008983470559966114
user_VEZ5ZVPO	0.07348637590230712	0.03300314595615444
user_VEZPD66V	0.2753614673196204	0.12224186400763712
user_VEm8FYp2	0.020574829319476448	0.007530972343678198
user_VEr2CzIU	0.09641495666363442	0.040656804483302916
user_VEuWhRok	0.07755465860074533	0.023099278792567183
user_VFCYShqd	0.19719881542776158	0.06594462821049382
user_VFMyEsln	0.04372255481716212	0.01833002658636854
user_VFzvqM7Q	0.04685860783543654	0.017773602395496687
user_VG2CYDif	0.11575343064554412	0.044183435382925705
user_VGLH0suP	0.025226355220708308	0.010574249193095386
user_VGU9fp94	0.031946217018604374	0.01265922929477535
user_VHL50nTa	0.08128648634813265	0.03033013402962257
user_VHM9IPko	0.17701479457061148	0.06742869083723764
user_VHg5nRjY	0.041105334514424836	0.017771622643831794
user_VI030RUk	0.04139001597846381	0.017982089518234993
user_VI3JXW6Z	0.03499799750255912	0.013663486581495075
user_VIGRLExp	0.1764687653913685	0.08422080026654113
user_VIcVL0kd	0.1942210176431532	0.07870923270353256
user_VJ6iWtGP	0.10238871935027483	0.0361007291731706
user_VJWE1RbH	0.0936016826816965	0.04353163375602867
user_VK1JfMeU	0.035606882026539055	0.011618347095863969
user_VKDRca33	0.0642013230723108	0.021033463660480804
user_VKDV7Qpx	0.03327632529468191	0.012737486801607967
user_VKGMzZPE	0.3938575613075036	0.021160189271019023
user_VKgOEvW9	0.022433763461133398	0.007787813479056473
user_VL9MgpUw	0.11239333822348106	0.04300208858014372
user_VLG4F0n4	0.059554094915581626	0.020173785386404318
user_VMPbQYSo	0.05964797988295298	0.024864077071371612
user_VMSf9GfX	0.03134137804237554	0.01100740578621176
user_VMbauxv3	0.13436348810752807	0.06134411510500591
user_VMwekT78	0.16551445584315375	0.06983979228885553
user_VN7MXWpk	0.03665818851969499	0.011850690579397857
user_VNfJzxFq	0.49088740092751826	0.016432412340052313
user_VNliAIVG	0.1810567500842717	0.087230585782229
user_VO5CfGiz	0.03818505429711236	0.015245302781296528
user_VOEroSVH	0.05478795007124601	0.02019035771904363
user_VOIlLmbM	0.017008136433166315	0.0074748764576124515
user_VOO2W1VL	0.05770550672430962	0.020518632160051273
user_VOa7rQmG	0.04527561893914925	0.01886851456588484
user_VOhYlQRL	0.08457745569896974	0.031062752763527025
user_VOiHb1jB	0.07178322062756315	0.02940739358235606
user_VOj40fNj	0.03924642081311902	0.01592538282081248
user_VPQqU8rw	0.023876112428354065	0.008873152124419071
user_VQ5WeYRd	0.05640482679508051	0.025883994663998176
user_VQHcBIvF	0.03576004639362963	0.015810471004710117
user_VQV7i8T1	0.04862353869260408	0.020599679496702293
user_VQYcxOah	0.09365247507638204	0.03888985310073168
user_VQnwB4n1	0.3793560352744103	0.04036687291430662
user_VQyjkU41	0.024317772407158975	0.00875589477985961
user_VRHbHP5P	0.06901441871928546	0.028944312306112583
user_VRyrtigg	0.009068325191151552	0.003169144767239528
user_VS2KKNoJ	0.13977848722214425	0.06302930318326169
user_VS3L0tar	0.05667467147051248	0.02185135822293008
user_VSMbQTN6	0.3681132013760222	0.01864849095920247
user_VST7IL63	0.8038527093510277	0.03954260509775234
user_VSUGSY1p	0.060206044986299986	0.024621088595865016
user_VSvHcUW3	0.22325382400957433	0.019170441487167046
user_VSzN0FVU	0.7032275179370717	0.025393650875768937
user_VUYEjYrp	0.16616521615912616	0.06616740374264168
user_VUk6JRJj	0.050520857166646956	0.02011623470080455
user_VUshwHaM	0.04013265608720176	0.014924313081753666
user_VVWZonbq	0.014497363953280325	0.00518962804152717
user_VVgTmVlv	0.023255175295094924	0.009832875236349441
user_VVm96gyW	0.387172998425606	0.031482371229147
user_VW6nDmrm	0.0046905518228140325	0.0017486643607421012
user_VWQOK0yM	0.09785995084337365	0.036926276225791116
user_VWdgwP1e	0.33714182441172097	0.015597075140732285
user_VXF32zup	0.013866894345789228	0.005305277737640974
user_VXMDqizk	0.016799336315154574	0.005713584551294507
user_VXdcoycP	0.01803192315379305	0.005740216427571505
user_VXkTcayd	0.37323263433395953	0.1287337236297006
user_VXzE5euD	0.023272845111330848	0.008715678455628874
user_VYHpd6V5	0.03722882080882516	0.013982599894118033
user_VYJIcbTu	0.061876990828559686	0.024769353907715546
user_VYRcaWzz	0.032402113259071254	0.0125072576712441
user_VYTeYJDG	0.7970979642582798	0.07148212346701169
user_VYTkFHyZ	0.06415393095791011	0.021751584401532197
user_VYXKPDNM	0.4771064722893863	0.024364843634691605
user_VYmsRxA4	0.10521887913253894	0.0479210973503323
user_VYwutEIO	0.03098270270548557	0.010714614074577973
user_VZ5yudUk	0.00579297135517704	0.0021583715994854666
user_VZ9NfsYp	0.030367914415601494	0.012053104311347875
user_VZEbZfr9	0.028157205206129104	0.011293094606174354
user_VZI9w06p	0.09568635463870355	0.03735651706010474
user_VZfs2ZZz	0.10628971871336569	0.031607714751450224
user_VZnfRH5l	0.026590420566947163	0.008884463767086046
user_Va5RnR2Y	0.09219991418678053	0.04043245140449859
user_VaLgHYAM	0.020487345219369277	0.008861618446121744
user_VaTvllvc	0.04453110206538881	0.01727698250981184
user_Vb04sVD3	0.007540190221907776	0.002679675689244272
user_VbPhrcDc	0.34663670165099714	0.02246681489322619
user_VbsPG9ik	0.04293666820884716	0.016342700982824962
user_VcRI5nD8	0.05087580204113516	0.018231658133844156
user_VcUZBheu	0.6610428171471524	0.05150909614620275
user_VcZK9yKg	0.0048606299228328015	0.0017409381879512997
user_Vca2C6C5	0.013669549604147804	0.004781343438129687
user_VcrCjvsE	0.7686967126080035	0.023939162766776
user_VdLUGUrg	0.14795708404200378	0.06976659363536851
user_VdYSFE2Y	0.07602268163479295	0.026749506914369513
user_Vdxc2Zcg	0.03757681901992154	0.013345533800714092
user_VePIqmM6	0.013451064596812914	0.004762784932576975
user_VeptGZPO	0.09725489098652734	0.04132147319350585
user_Vf2Kuo16	0.1282416459534297	0.05981519430768688
user_Vf2qWAvN	0.44873813174946947	0.02140739119157246
user_VfJpdFiW	0.16977624033008953	0.07671917850752535
user_VfTpplEi	0.030027579473927007	0.011638164405951373
user_VfVrazUg	0.008399463383024318	0.0029073987123449407
user_Vg1hK4Jc	1.1446426827222074	0.04412581566302577
user_Vg2TA5dj	0.014552522563460964	0.005187503970114962
user_Vgpq5iVn	0.030154693837602047	0.012946467798590202
user_VgzVbL1U	0.09352104610147777	0.04205403836045201
user_Vh48DyBw	0.044842741318459514	0.01587072132255643
user_Vhf18LsD	0.06669493510227686	0.02289600387093919
user_VhfMoWI6	0.555945638155816	0.0348560494484249
user_ViKpyDXi	0.35870007825226713	0.016143124203575204
user_Vis89rGb	0.06617284078292515	0.028566809102723772
user_Vit3do5V	0.07842088960351434	0.030116786694240984
user_Vj2XKIv5	0.9477586921661175	0.06661232152161825
user_Vj9lEMF6	0.03069786235327162	0.012255406451927216
user_VkE6GQ5V	0.3626668892338949	0.01533097637235149
user_VkOPiFBk	0.11386270174716676	0.04988292037439105
user_VkTn4GXl	0.18212118634798224	0.07802724594580981
user_VkXBpDVi	0.02771916344407093	0.012759707907144004
user_VlAGCIoi	0.012345610130464885	0.005840667680032825
user_VlEqMJsL	0.6365100353826657	0.03180263348157287
user_Vlbxmoc4	0.6603279708127769	0.03589694797959201
user_Vm5DttCO	0.027150891951247272	0.009905494287782637
user_VmWV6fMj	0.18138034300841155	0.006045254644331947
user_VmpJOqJS	0.023394401273075557	0.008544222900576551
user_VnFxTmK4	0.1018712814154959	0.042742326285110106
user_VnaJH1kL	0.021225975749935955	0.006931341587303239
user_Vnczq57Z	0.012141399217326862	0.004438100202558386
user_VnzNGlKa	0.08306210484288322	0.02537189035565083
user_VoO6TyZ7	0.03557710467497301	0.013375422429815206
user_VoSW0krh	0.07469691250899088	0.02858946147262415
user_VomAGeFV	0.24694654876411282	0.11516188585532251
user_Votu4a6b	0.025466771393449085	0.009107028314156716
user_Vp12kMMj	0.006521049110357353	0.002410677625552618
user_VpuFVmwg	0.03771903315161629	0.015400214211156749
user_VpxK0T03	0.012620460437925399	0.005937741225634578
user_VqELv92y	0.023288235421795214	0.008553816771588216
user_VqoTAHwK	0.02414900212265006	0.010180419066417219
user_VqybdMH9	0.09040478662217936	0.032327752740405884
user_VrSfPI8F	0.0981878074575174	0.04049378544947803
user_Vrd41io2	0.233536394064733	0.10923352572581285
user_Vs8K5UKk	0.04271319706156196	0.016061829233539195
user_VsDqTtyP	0.07242470093078227	0.02589414617939255
user_VsfB8yis	0.09513014544984537	0.03615434830327695
user_VsxzEX4d	0.1552090878297012	0.0680551528077779
user_VtFKwm1i	0.06769621195081374	0.025888653322222982
user_VtIqPGJn	0.051429826938370636	0.019235768469158008
user_VtKFmzuX	0.023451094680996504	0.009711357842818442
user_VtXtsifB	0.21380522434030497	0.007853916493984751
user_VtYIQTIf	0.10374553221844311	0.03442604065234136
user_VtmNYHa2	0.05918111316399868	0.02180122169388387
user_Vtmqmm2S	0.012491135921210842	0.004454164991363516
user_Vtngh6s3	0.04127749497948233	0.01791166955231691
user_Vttq1lpV	0.053292616423791385	0.021225408060236428
user_VuJBsIy5	0.0489032992538038	0.02014685763363706
user_VuKpnpp5	0.11461847821120466	0.04494699583253662
user_VubIbocn	0.06917961523279215	0.027461429358360937
user_Vv0Xz6Oa	0.13579504720973432	0.0379770488308197
user_VvAVBjY9	0.09096880244465909	0.03359860191682287
user_VvHUVDJU	0.6397673160172419	0.02986380251645321
user_VwKTBGdu	0.05158678219499516	0.01965245017641474
user_VwKTeoW2	0.016126055563867626	0.007137110930720918
user_VwYk0d8C	0.02328269442900737	0.007693338646964176
user_VwbcF0ep	0.15442149797548105	0.0605562713418192
user_VwybPBGO	0.07590776886471635	0.027913946479649194
user_Vwyxt2oE	0.03872927512842892	0.014945784519404995
user_Vx5i8m5i	0.3203127152666695	0.019542804346242344
user_Vx8ffH9k	0.5129375863435555	0.03413148163550034
user_VxdPF6Yd	0.08891815766762341	0.03372191295681932
user_Vxgr5rTr	0.036760188349145156	0.015751658807068636
user_Vxpv5mbl	0.07475854667532876	0.023850631401012127
user_Vy1mtTRZ	0.04025436383589108	0.01700938186772915
user_VyAifkxf	0.09864262246403646	0.03557606509472056
user_VyOgKnZd	0.05841990264374064	0.02042911626744697
user_VymczFlB	0.03504217824415447	0.014612314230136534
user_Vyu6rQhL	0.07623812555362511	0.02873060033151434
user_Vyz1JM2Q	0.0858489566602919	0.029835808577649874
user_Vz1rtq14	0.005578827285426212	0.002035394561451882
user_Vz8i1r3Q	0.03979646017308288	0.018688423619598937
user_VzRGR2U5	0.016783246443842305	0.006477876518198989
user_W03QvfpI	0.02186022884977153	0.008272539031146317
user_W0WhiWQK	0.07275210893997679	0.030535994861019933
user_W0ua1JaJ	0.7296378429570038	0.07918667450503901
user_W1HX1E8a	0.05275719070257598	0.02084376907826382
user_W1Oog37O	0.12658335719472724	0.058039031644123176
user_W1Riu6Tk	0.055060973840192526	0.022500776102352564
user_W1Vp8Ztu	0.03109708226004669	0.011761967887353623
user_W1bQMlyc	0.29002144688168835	0.014117437949715112
user_W1mpWUyy	0.41215165811145404	0.03673346338133709
user_W254i8T8	0.22072735028169466	0.014817997075064116
user_W28RXH7j	0.03723284733780908	0.016085520683820846
user_W2EEH6Zm	0.02648295150675513	0.009598383954179298
user_W2SBjPeU	0.04786428230261661	0.01910867628061845
user_W2XEsuvW	0.055394031458258185	0.017530521288500703
user_W2rWychn	0.08537753810654022	0.026310209642040047
user_W34BlNU7	0.10894313551295004	0.04149751908324908
user_W35KuBZ2	0.028255599968203923	0.010901171940433694
user_W3GMDANl	0.05407385746052389	0.024166955760526493
user_W3KBbhno	0.31472681666134894	0.02426956787457517
user_W3Kkna6S	0.010439334974300232	0.0036829246901440987
user_W492YNwJ	0.11747347051374257	0.050651219631639384
user_W4AS0DPz	0.32947742202252284	0.010160346305135572
user_W4E5O9Pj	0.04757764609906619	0.016371325278902716
user_W4qbe1HQ	0.07681842187266999	0.030378023231238654
user_W53DW4bW	0.044788829887101006	0.017213031509870195
user_W5FZX9at	0.010869308573874754	0.004041137351369723
user_W5k1roiU	0.05057349763079757	0.01845127278535633
user_W6JkoZS1	0.2836159896644207	0.009469809942127745
user_W6npXqwd	0.5268374064879081	0.026067722689803112
user_W77BSGNB	0.11107708196543578	0.045206986842283324
user_W7ChlrsM	0.10401300484671541	0.039560665741125496
user_W7D1gTdd	0.43041730769296793	0.015526158870033136
user_W7JaHYl7	0.577581723615831	0.2623188989611787
user_W7lOwfRU	0.06604062594174792	0.0223307153854796
user_W7sgJAPl	0.03989984508222005	0.017535741107911115
user_W811360z	0.05592573416539624	0.024373250384480218
user_W8fN6NEV	0.1253702058220685	0.05297309984894615
user_W8icxWxw	0.03872516341875128	0.014778336858752787
user_W8x9WSIT	0.03406668314323555	0.011956518352315239
user_W9S1lAzl	0.00701680054174475	0.002458799839052307
user_W9WAWxWT	0.464541053544544	0.02401223347016217
user_W9ZBViy4	0.11406129587608546	0.04504503394305873
user_W9aNuskO	0.004445125743807737	0.0016529141501392557
user_W9nEiwEh	0.06971358277230263	0.02612311372458997
user_W9uVKUUT	0.41675449350757077	0.02119912014136497
user_WA1DgkNX	0.03308585478591708	0.014387189941680908
user_WAJJKTBk	0.01806026025651292	0.006307665720291028
user_WBNuqQn4	0.110870404048658	0.03986144811159224
user_WBoZasEF	0.012823024418848132	0.004629523819124554
user_WDJ7JMCI	0.7393232414069841	0.03506282082739749
user_WDJhKSn7	0.12555050685203106	0.046632829501971354
user_WDcJumKH	0.4850025011548104	0.017449917040974
user_WDhPfC1w	0.21880688161873452	0.08354119311539548
user_WDqYYEmD	0.5192523604734491	0.03704960658107743
user_WEEzbzzf	0.0560201911694075	0.022587406780134597
user_WEKnhOsc	0.027793112064613247	0.010007124255365206
user_WEL9xBB4	0.0919632886838554	0.030998137377911076
user_WEbODEwe	0.03518329598255038	0.012625859266340501
user_WErw5cMl	0.042338854841134144	0.014095812369498051
user_WEsDeCRd	0.05783200458021044	0.026478918757426417
user_WFG8TNuu	0.5544281318422959	0.025147144965432227
user_WFjd2HVE	0.035542291756605816	0.014734690078371943
user_WFzQwEs9	0.03895956739865597	0.016329743818904306
user_WG6TPgPt	0.03584692661403871	0.013005974886410577
user_WGPc33jY	0.00934471577339948	0.003268848241019804
user_WHpZHcd5	0.04731395207337229	0.01831673199818629
user_WHqWDx1e	3.091457915773177	0.21023565092689156
user_WILI9alE	0.032875614448746454	0.012096159669195871
user_WISAJgih	0.020285410097608852	0.008586769485804172
user_WIWwyzuw	0.6894087345638262	0.018159917314195795
user_WIeZ2YQj	0.04638382521104131	0.019592641120848575
user_WIeqalum	0.06017760157771765	0.022420278306560806
user_WIulaADU	0.03441834326745424	0.012362350192907427
user_WIxL5g3K	0.521950938829054	0.07123510594532168
user_WJ2ZMD7A	0.07175628237433318	0.025773247602520057
user_WJOHSpTg	0.051810556831972325	0.019791389131305192
user_WJYbSKrs	0.09712611978453999	0.04061194224853715
user_WJcNZ7F5	0.022734330468472837	0.009541430078823781
user_WK1IZsst	0.06750188683910352	0.02644373426059673
user_WKW4LrMy	0.04439753876876408	0.01995223085861707
user_WKhyXZQB	0.016846667453607092	0.006096111958272262
user_WKl4ZMAv	0.46970178349134606	0.04080303041390203
user_WKmu94ht	0.11665799513861189	0.05282084088796655
user_WLJhomc6	0.1767216145769963	0.0676938963041664
user_WLM2Kajz	0.019754541216173822	0.006829400788253844
user_WLiMOr06	0.016245679484321582	0.005987742432005875
user_WM3XAWMx	0.01872996044132082	0.006509250275607236
user_WMMLG5Y8	0.03216961040767782	0.014521202521335087
user_WMYHUgC0	0.41831040836454847	0.03201408420190368
user_WMjRv4gG	0.12646702415091693	0.055918743461515485
user_WN5t4osB	0.12982298895408725	0.046795525797270206
user_WNAVcuxJ	0.009929335260923523	0.003657990866010398
user_WNOtbaI2	0.054772862969902227	0.022499923664013332
user_WNcD8HCH	0.14062458125615984	0.05412797605106757
user_WNnXRoBd	0.029073426057001917	0.012122337386358326
user_WO8xBiBg	0.05297057759378329	0.01932222255262957
user_WOAuZ6sl	0.44868436288147157	0.03174780246966202
user_WOhttzwI	0.20893668267883575	0.06908345061523051
user_WOi9xXd3	0.09410345033527237	0.03303734258160215
user_WOj8bcxz	0.06116433362511395	0.0215131339801673
user_WOoF4pzs	0.08080047852203898	0.038026697489527306
user_WP8ung3r	0.5343888765973985	0.028228426016329616
user_WPASYjDW	0.0764467767315141	0.03173672847709137
user_WPKjqous	0.3615854417447458	0.025322966549175444
user_WPoaND79	0.06424739399928481	0.02836840397518394
user_WQ2LwsoC	0.04943415652531602	0.0188006722046928
user_WQL3y1wL	0.02294080624969375	0.009007455309975926
user_WQNNV5BH	0.23295539590255282	0.111128648245558
user_WQZhzAJi	0.14077223513514198	0.04183801124392136
user_WRIPd7ua	0.012769557504294343	0.004806986816035411
user_WROY8yGi	0.043934563900323347	0.018667647198397717
user_WRUmTKva	1.0672569559050127	0.041225126363906364
user_WRocBjMr	0.046870909121916465	0.019913974984296756
user_WRq1V3Kq	0.008398513230784646	0.003101089156821761
user_WSTmZGxm	0.03474748878120064	0.015115350063423887
user_WSWblQSv	0.03073828765752082	0.012279586545718145
user_WSbrdiIx	0.10392586557342687	0.029694081239214205
user_WTArcQCs	0.3511263194955223	0.02623178040308733
user_WTUrsoOn	0.01932468161418448	0.0065536284871916825
user_WU3TkYgd	0.026342636717596842	0.009155111320172419
user_WUN7w08M	0.04324438684456947	0.016368536680316
user_WUSwYOtt	0.004062317211666503	0.0014616730484691579
user_WUfFdA66	0.0459465896015153	0.019516342491827012
user_WUfKNixX	0.036656846559424694	0.015196434922059751
user_WUtPYhog	0.11090452161155963	0.04563518510454216
user_WV8T5v7k	0.3847347319904826	0.024554129080127208
user_WVWQQuMz	0.04003872667623216	0.016886286153338315
user_WWIAePHr	0.007328422510469841	0.002666076917806161
user_WX2RF96p	0.05824386928320144	0.023959998694143864
user_WX6eQ1XX	0.09104948431730625	0.03115295266691161
user_WXbJ3VNk	0.10398003357240615	0.03641024459856283
user_WXxTLSZd	0.09089544865745457	0.0394032117423972
user_WYFpXURu	0.09491430044515461	0.04146190343174534
user_WYcrA9Xy	0.04050517459630392	0.016493016256760643
user_WYcxNruw	0.03744408024360833	0.012673665252553217
user_WYfypqPZ	0.3061113577700784	0.030814454320637393
user_WYizzmpk	0.012331750162103253	0.004217059551872153
user_WYrNXAW1	0.5226604739495373	0.0629596857978542
user_WYukTLiI	0.016192982637138864	0.006119962752651944
user_WZHDzMCq	0.03408261316542778	0.013672461651544322
user_WZJyPr6e	0.03399451570091064	0.016407417523098287
user_WZLq1PBs	0.03288291903326916	0.014779780618957272
user_WZQkvBvw	0.06070915595801547	0.02547100828239199
user_WaLZjudr	0.7797220277369434	0.03365823843940007
user_WbF56GyO	0.07180516620312413	0.029825657450000327
user_WcgjfKfC	0.4131753392070351	0.024137963611334762
user_WcwyFBsO	0.0423186114066573	0.014825777185041905
user_WdF1cMhO	0.39615620018474906	0.14111864556012166
user_WdiTfnj5	0.20350757449691947	0.07838460015729477
user_WdjYpn1Q	0.7460077363288422	0.023647370688088965
user_WdklR4qM	0.008981585080499349	0.0031698381788607746
user_We08pczq	0.021749101203696268	0.007600280695820797
user_We1m7aC3	0.06978143901225643	0.026936903068987744
user_We5Fqp64	0.13967796180955983	0.05801955534211381
user_We8vdpkO	0.023885225018144243	0.00816555016434309
user_WecOtE6a	0.9043539508432037	0.038132555238117746
user_WfVy3kCf	0.06757251279883209	0.021180490801174113
user_Wg436IvK	0.03280504328986107	0.013242881282333948
user_Wg96ylKn	0.04977334520057994	0.019209862323212434
user_WgECaDMM	0.008035026949249157	0.002741327804419399
user_WgmDD8U4	0.034826260875857884	0.012853236860437522
user_Wgq6c0np	0.07138167091046939	0.027378351598323452
user_WguesUia	0.2638984913908639	0.014462916882004552
user_Wh5Ma8H0	0.12274362986028058	0.04579793771593307
user_Wh8ATIlM	0.02637688133059279	0.01029847554942678
user_WhAXLZfB	0.04945252105736343	0.018525135581719098
user_Whsw9D6h	0.026413708132757147	0.009992114667409135
user_Wi7gR37j	0.3320493600147786	0.028884828135568634
user_Wifq8TpA	0.0887780257067998	0.030964341149789
user_WikXnDil	0.036065792367187835	0.01718839432249589
user_WilpEl9S	0.03239038745130867	0.012929611277473788
user_Wit6KQEb	0.0910107696559644	0.03385080484293964
user_WjNGw5QS	0.2509375724157612	0.11138096470139353
user_WjlBH9Ve	0.08134841639253546	0.03552189914199531
user_WkQ251iN	0.03274618512232737	0.01019601242433797
user_Wl6fzxao	0.010019550553058604	0.003534482792484604
user_Wl75vYdU	0.08087457420280286	0.03444968105642989
user_WlEaukvT	0.08397077290274031	0.038644457937308946
user_WlhGyXRO	0.08196910002163454	0.027808768943809285
user_WlxBspXH	0.12240734755436142	0.05559762917048231
user_Wmdb8kS9	0.06690121951936026	0.024833879025555356
user_WmpqLevm	0.5048504382106073	0.030781439511568528
user_WmqTTllX	0.016915185005743134	0.0074191837540198285
user_Wmqk0DBI	0.006754534614333885	0.0024494884419246875
user_WnUWDqfF	0.35377767791189996	0.012496275093767861
user_WnhzZVfc	0.023608728593277784	0.008013546658299049
user_Wo71Go6o	0.35849987476426837	0.022080598474905743
user_WodX6FwM	0.07312912338337227	0.030105643753085456
user_WokNUI4l	0.029163903353125426	0.00940191711511356
user_WolRvond	0.08272495487308082	0.034077842266347004
user_WpM9cjwe	0.104945947926515	0.04061450821938388
user_WpV32yHn	0.13272018574838695	0.04907944079091451
user_WpnulQGx	0.4502084881147216	0.022056660862438546
user_Wq4LSOLD	0.017327200813866246	0.006462869510192732
user_WqC7X8Ij	0.11862857915272643	0.04820638183423779
user_WqNVLkOc	0.0221901297682729	0.00758925506405882
user_WqeyU1dq	0.026945887741726404	0.010995083897952573
user_WrBYZHob	0.35191666605200594	0.019467106014966953
user_WrKl0eBc	0.0704613142601258	0.027795585677723264
user_Wra7oU7o	0.13648931258019265	0.060872345269905766
user_Ws9FQHyx	0.014631377561889411	0.00510194386825873
user_WsKu6TGX	0.5447442676235845	0.038362607258845334
user_WsZHrKr8	0.048498660300444786	0.02150968215829357
user_WsmTHZ47	0.02175647327508382	0.007884675265472903
user_Wt44pP9W	0.038433897417484125	0.015183758349147505
user_WtgATddy	1.13707159336472	0.09118050746523372
user_WtlBFfhT	0.11536283750154933	0.04677473246737544
user_WtlCNpf1	0.03458647805033305	0.012001555542371334
user_Wu4zYgGE	0.02109978106244465	0.008920513220265743
user_WuLPGuXG	0.01026445710753855	0.003649598363112752
user_WuVvgqJw	0.07952854463355138	0.03110910404993564
user_Wub7gPCk	0.10126464394755749	0.039932667128009226
user_Wv6MxhM6	0.3475538158802711	0.02948988845255537
user_WvEFspT6	0.021642909401991643	0.007671766154149013
user_WvK27Bio	0.0633534282871388	0.025132818679186247
user_WvSEcpAU	0.08748029634979998	0.03555992169867469
user_WvoOTTpk	0.01526972542021751	0.005783811887911721
user_Ww0gR1Qq	0.06851115229582523	0.025121062833339928
user_Ww8kRWih	0.03002787104967399	0.011215211959799395
user_Wwmg4b3M	0.15352660039524657	0.06917636188110571
user_WwvAW0qa	0.09690954754216205	0.04586250332509155
user_WxYP8OmX	0.0871993530631779	0.03454881670152031
user_WxuZNVSr	0.005044669639752964	0.0019123019156962945
user_Wxuo9nca	0.04719411265802369	0.02027184246547264
user_Wxz5AV1V	0.33214974190049107	0.011687202101840271
user_Wy9X5wx8	0.4864676335686125	0.018434024022897764
user_WyO2I1qd	0.06492589825000677	0.023412780683281193
user_WyhmhGiD	0.06910508721848789	0.020575162493330617
user_WzAugppq	0.012742242141563668	0.004752519828097043
user_WzHzj4px	0.012023725405988915	0.00411586647257294
user_X0pSLPSN	0.1408749795187813	0.06879951116373767
user_X1gTG58y	0.056543936293484066	0.019657056962146598
user_X1zwdZYQ	0.14851616947123475	0.06448629534939433
user_X21zvYTk	0.003665880231414562	0.0013305451213227956
user_X27cexom	0.0216451462303988	0.00796872749521054
user_X2Qu7Cdq	0.006335959283020408	0.0022204782576443244
user_X2SwuACa	0.016414464165967882	0.00622692147297329
user_X2sgBxXj	0.049351963490030626	0.018011824006786886
user_X36bWhBy	0.04383091879013533	0.014994695060896228
user_X3OnvlzF	0.028307191053303607	0.011893170808670665
user_X3RbGvk0	0.18568956396698544	0.06090178462143791
user_X3kjfmJe	0.04248293381437569	0.01782359778474276
user_X3naSy3O	0.03829718245643178	0.01442453800868906
user_X4LXPVIN	0.08090874746973721	0.03174566927664998
user_X4RHwhwg	0.051275736273902084	0.020486511204660208
user_X4yzt0rb	0.059203135283823524	0.022326175558192687
user_X5IAABn7	0.010087800894570072	0.0035385158982472625
user_X5M4PoNd	0.0942982360058604	0.032808024363722946
user_X6BEvrp7	0.037901289486883094	0.015371812284761449
user_X6HCZsLJ	0.01991778055593216	0.006985176459598582
user_X6vFzgF5	0.10469562372125395	0.04271103031268886
user_X75P4igW	0.11271188232046864	0.04726347582144921
user_X7RC2dmf	0.29448613208580077	0.020784898354781946
user_X8JpYq58	0.012206634773524835	0.004382426593755235
user_X8iqKiyF	0.07451806774398469	0.030730616770938444
user_X92nPHGj	0.05238872740896612	0.023133564825270972
user_X97ppYpy	0.0441690208723466	0.015972560527206064
user_X9GC2ZBI	0.022746503003858998	0.008705345501280822
user_X9ISBr5L	0.03535454987057475	0.01539818729838223
user_X9NyULxj	0.01165737168457811	0.004232760812704989
user_X9kk5fXc	0.16647712974704543	0.07724988330022801
user_X9pmeUr4	0.04894521322149831	0.018428006750259067
user_X9uak59c	0.10798115838211361	0.039248911720462853
user_X9w7OWu5	0.09874725063338141	0.04013444270299699
user_XAIh4ulw	0.08343591312821654	0.03986565998460701
user_XASogzuT	0.03651682499856408	0.01408568024823326
user_XATnk0nV	0.08163461648337256	0.03911774764026244
user_XAnAAulu	0.8144127469314214	0.03120308791605245
user_XB7xI2In	0.15972386770276442	0.06879046139088689
user_XBiGO4AY	0.08755407122350942	0.03529564057216437
user_XBjbBe88	0.07222999126881327	0.03299760323959402
user_XBrf6prk	0.017583117462483505	0.0060838857677908515
user_XBtkXu0a	0.05029421146777123	0.019808608832888926
user_XCBN3zCj	0.033304914076328275	0.01314338801738989
user_XCXh5a1W	0.052551451800741014	0.024508779478663388
user_XCv2jU9i	0.028363527999722072	0.011663953427378686
user_XDyGa4dH	0.05373286768639436	0.02259429854963928
user_XE6nax73	0.29456166432045894	0.014728898047308646
user_XE89Yo2S	0.3453582542025147	0.017840374140023246
user_XEeMbUQO	0.17620941261181633	0.07011820111494513
user_XF5ceOU9	0.15933633338811898	0.06957763056022945
user_XFHI4GYm	0.03552670429962739	0.011986747784933896
user_XFNjMz2I	0.016526048999529218	0.005864693998899117
user_XFzhVsFe	0.0670556527114649	0.026913785910124128
user_XGOcZwp3	0.4215992412448357	0.016746341220665754
user_XGT1iYQt	0.6587750238204059	0.04546269644315082
user_XGVzA6N7	0.03304574820335639	0.014814542690152277
user_XGf8BMbN	0.4335845242630593	0.03254130554406656
user_XHGWmMaN	1.9202891714782444	0.06957795223277477
user_XHrnVY2Z	0.018007950901474685	0.006647944583732964
user_XHroKdqR	0.05797298315292575	0.018682896329512
user_XI3boC70	0.022473038531728995	0.008359653305655045
user_XIXtk0ED	0.018287796289093355	0.007212361252782274
user_XIz1eOZ3	0.3715798542726808	0.15274722196524654
user_XIzDQKjm	0.07354614439769515	0.029284469301441244
user_XIzdGSDz	0.08078845439643209	0.0371472439769558
user_XJHh5f6m	0.01110101751214939	0.004004501422863743
user_XJVKo3fE	0.034034624709719685	0.014386970428780593
user_XK4gwikl	0.40950384961106456	0.03626979524144773
user_XKEPJn5e	0.08077828484151225	0.03470388474457518
user_XKRt0BDi	0.2697947797551824	0.12328278472514133
user_XKX3faO4	0.14482168532998754	0.06430926901575709
user_XKpbs73b	0.14133546797158938	0.04598187069303118
user_XKv5aPOl	0.04419173077224649	0.014956402704186267
user_XKvZYHhh	0.07119160644341545	0.027556832260879703
user_XLAO89tA	0.129122302952479	0.04412126978156908
user_XLUgpkCw	0.04899618856742538	0.019744714691173625
user_XLYEbrMV	0.37367014120782654	0.02211070567387329
user_XLxSfZPm	0.04918786276316531	0.019525382884506764
user_XM2abh9p	0.043652957944145046	0.018407259626705103
user_XM8MZRBG	0.037109732594575354	0.014842203462525143
user_XMftB9GL	0.05895125037042028	0.020694536656399885
user_XMg72hQO	0.04618613541275951	0.019634172571022082
user_XMydDcIx	0.07003062431949142	0.026797672725937104
user_XNFbrrtg	0.062508812377154	0.021601640815897286
user_XNbNyJUe	0.07026069012440342	0.027726035960048877
user_XNenvBch	0.04036751024260997	0.013755016354846609
user_XNg7DBH8	0.08292377642884668	0.03064016384552102
user_XNiTXWB4	0.026661151420400635	0.010001976243888946
user_XNzx58gE	0.07225336876751492	0.032432255869199046
user_XOHf6Kqc	0.05548182083133198	0.019452069448406942
user_XOVvRwkS	0.026464652672227043	0.009310291365858136
user_XOqc6McC	0.3447249641143827	0.017330595819706956
user_XOqpCgwf	0.094510239826998	0.041272424321628025
user_XP1CNsjD	0.4616902137087841	0.03210547122612366
user_XPYmhu9X	0.04202750420480454	0.01604621948423287
user_XPgwFLG9	0.0807298065337066	0.031597377999207886
user_XPiHWDzX	0.03237750441556396	0.011612415782374784
user_XQFrZM5D	0.017755768599415515	0.006150441325424091
user_XQL3YQEH	0.5219053194769816	0.02488444521641645
user_XQMRnCwF	0.04524690753439495	0.015724303973999005
user_XQQUtZ9I	0.0787050520560321	0.028375677567315027
user_XResMXIR	0.02157653623901398	0.007717732051566885
user_XRtrn62q	0.03338776865633733	0.014820545535058297
user_XSI9igJ7	0.03578045435928597	0.015773065364027436
user_XSTyAQqv	0.08487850748370668	0.03895032244649874
user_XSsB7DxK	0.3871079751947463	0.04070015574147414
user_XTAHHC4P	0.011048532716386644	0.004029814174329075
user_XTKGZ35T	0.05022791500842282	0.021164058279861075
user_XTLQ7hdH	0.02153825351608374	0.008026091380681088
user_XTMOvnPx	0.04537658444664879	0.016936686057825983
user_XTQDota8	0.027470883684531718	0.01022863533439126
user_XTgH084T	0.07364125244591498	0.030799591256467276
user_XTwfPEyk	0.09974688720072492	0.04067361976208144
user_XUFvOigv	0.040316772764095336	0.013974991767723932
user_XUOT70qB	0.6807713566611937	0.040752396761448255
user_XUQWfcIl	0.019543609512719728	0.007395996324114371
user_XUWlI9ae	1.2646631491436338	0.06357264668481163
user_XV5lKRur	0.019320882287524162	0.007085259500068978
user_XXEL4ts6	0.01845031912353505	0.008091640717290032
user_XXJ6Mch5	0.060931211756928644	0.024865241661311703
user_XXOILSUP	0.47702778134747204	0.026180131515106175
user_XXX6Pjmz	0.044436935426455985	0.018735751922921116
user_XXYAsnxE	0.07648997854340724	0.031547245228405046
user_XXdzo9rB	0.1273624738614338	0.046158988985281244
user_XXgkhSvs	0.04196957422362192	0.016272827044748236
user_XYqsCQfY	0.04549854552926822	0.02014707509277067
user_XYtzDpar	0.15213331070840702	0.06289817800166744
user_XYyCMM9l	0.16137422399762097	0.06126200288533196
user_XYygw9eX	0.12304339280262507	0.042640425295835394
user_XZGOkByK	0.09651891231214776	0.04285704226367517
user_XZUD6GTs	0.07871289134183238	0.03810384193868532
user_XZXw9Nsl	0.058968249787296007	0.02425464125235564
user_XZZtQ1yY	0.39431436497977185	0.0340998120062016
user_XZnY4udD	0.2948060314519806	0.010777676310505436
user_XaHiGSPt	0.06827688261051038	0.026790489428296774
user_XaHyxyA2	0.06901966933479513	0.029758362309186243
user_XaRatTgS	0.014326640400035595	0.005305952534282861
user_XaRiVqf9	0.026987130050198215	0.009862130645024511
user_XaTVr9Xc	0.06030820368260303	0.021604028947208247
user_XawA4sDM	0.09908338405642365	0.03630451017720251
user_XaxtHwIz	0.3407884564245453	0.019321451146539062
user_XbRKq3e2	0.03144767502586432	0.01333286181825848
user_XbX8Ii9B	0.044178489969850285	0.01575744942350453
user_XcxU67T5	0.08619477767157611	0.035274701110255734
user_XdJGBRVw	0.0466497089212273	0.01779865084387837
user_XdZKp7Rj	0.024456939917126906	0.008847812711398029
user_XdaPDpuq	0.05714047733051929	0.021944390333203587
user_XdrZ7Kxy	0.4915261424234081	0.03385226504330734
user_XdscIFjE	0.0429732602140689	0.015819468050440693
user_XeLTm6JF	0.06349146402594381	0.02813312219746746
user_XeQl0dWx	0.40358930648574826	0.028336777104916056
user_XepNLfUa	0.05030309404696316	0.018671941345056123
user_Xf77f58O	0.0343527304005915	0.013169987212228186
user_XfNn5oGc	0.06192581026074284	0.020900327285068947
user_XfVYwGlq	0.05180448687318852	0.020415046934967478
user_Xfs2ejoP	0.051437648658138574	0.0176482460281225
user_XgF94vZ2	0.05353766320839527	0.021837169542245106
user_XhF5amZQ	0.04607452482333224	0.018028476532156605
user_XhGRVXlg	0.05521846537961517	0.024829055264674132
user_Xhbtrpo3	0.06399741001502915	0.02722903664695328
user_XhkxbayH	0.017229051015173562	0.00656224553313534
user_XhlyY4Mz	0.47107370693430556	0.017413178747105348
user_Xhtmg6Dz	0.059891186500107836	0.024038175136446287
user_Xi6e8wNM	0.410340509431686	0.0382883499750986
user_XiVyibUk	0.01523983829608716	0.005332330665369318
user_Xic2PKAB	0.022538672366509565	0.009734134757300924
user_XidjchxT	0.0200511319402239	0.006928386773682088
user_Xj0VArhC	0.07109634165032502	0.028730338128525996
user_XjJEJ2nq	0.13089774878591443	0.05025272058669956
user_XjM3aKYv	0.04303888556554872	0.01661369042804816
user_XjUJySWt	0.32707249299793384	0.12931004864137477
user_XjsrQGDx	0.37811675865419014	0.1760723516096952
user_XkDvY6xR	0.053495559499628004	0.018293868760051787
user_XkJSZYvJ	0.07557749442304922	0.027415616236857447
user_XkKbXAnC	0.02148378345568724	0.008954019624219937
user_XkOpMrMM	0.3142294230717936	0.01838642141275578
user_XkWndEwf	0.12852800276214182	0.05588684875251469
user_XkcLibPP	0.02930699897843328	0.010950600150115855
user_XkdmsKet	0.018763914507177723	0.006694634438467848
user_XkpO8jUy	0.048342592278036	0.019864574551809074
user_Xky1NoC8	0.0344001939713811	0.013725926531176222
user_Xl7Qxp4M	0.0037454163566444827	0.001334900764779325
user_XlAbdsmU	0.019165886305750758	0.006660960370808742
user_XlLN2JR6	0.06490968565473137	0.025879968387000133
user_XlUpc5RW	0.047061306551523345	0.017726513038613546
user_XldeV6gS	0.08938006615031696	0.03390231550078335
user_XltDF3QC	0.3450064051435739	0.03089509258873562
user_XmGvc8bC	0.107536612299445	0.05121356183984753
user_XmqnhVak	0.20341323577924003	0.08230989887386789
user_XnBTyIeB	0.04241749957399014	0.01750275985931776
user_XnCaRgMt	0.02795594021362408	0.011766553993083807
user_XndSn7Qr	0.08277091220804275	0.03661643759127168
user_XnzhDhOC	0.006457196890591091	0.0023070080828873694
user_XoSPX95r	0.3594120856381283	0.028587457076556105
user_XoUVyR79	0.5121014928756913	0.03390395805374234
user_Xowf36J1	0.03643428394436464	0.013130689086635354
user_XpD30iRH	0.06943180722429623	0.025735848124480622
user_Xpss76uc	0.059443978577487504	0.02063760340393029
user_XqIoPvIl	0.05794431800338745	0.02298190231622928
user_XqfoomC0	0.023021944412879188	0.00831660940287026
user_XqhkwAtE	0.08522073760085291	0.03468566128215605
user_Xr0MJC0R	0.03453421351707958	0.015444008150895834
user_XrV6ZNRo	0.039633633410806876	0.01572762952983345
user_XrjmGj5o	0.3725641995204998	0.01771167036274646
user_XrlCPZWn	0.04187493502571678	0.018161924500544612
user_XrtQgCWx	0.05226522619878634	0.01710684304419784
user_XsQYqSyX	0.041828631669430044	0.017153057915380632
user_XsX5SANW	0.8699974188201202	0.09895398010682825
user_Xsb1tWBR	0.235390200371679	0.10107108878358632
user_XtA0xPZD	0.021440340039559712	0.009130384877270066
user_XtMKryKE	0.08398441655227099	0.029680894539594407
user_Xti0Omqk	0.02774529303633554	0.009061676107982256
user_Xtot4jex	0.032906064680496366	0.011695820293329984
user_XtsT8jtM	0.022074515285658163	0.009205250269214933
user_Xtvgd2VC	0.26873828784372245	0.020236144338330535
user_XuJW9gv7	0.35358378491334685	0.03010990063395113
user_XujaYTIP	0.05125920182481991	0.023921620120548104
user_XvEttN2k	0.027197227147412774	0.012391065634218155
user_XvQE2h6I	0.07778877833640613	0.029242584627555447
user_Xvbr9GWS	0.03022841300522125	0.010512749665508045
user_XvmFy3Ox	0.08215041647539632	0.03521808375313469
user_XvsnrE24	0.3751396148884006	0.1317185452695374
user_XvyaIFR7	0.09141979977953044	0.039414405879741696
user_XvzdsCeZ	0.05469497514827714	0.018951521369958788
user_XwSoqlfO	0.018062463742705245	0.006704364585742852
user_XxukatSF	0.0328188762099918	0.012718654856329155
user_XyHe6mHm	0.05674522581029746	0.02313807666875399
user_XyU8TP4U	0.03659244142720387	0.013923073065895382
user_XynbiShw	0.08147243398899774	0.03752485988429129
user_XyrpjV4h	0.03148444909054566	0.013459446609604266
user_Xyslk7Bm	0.033702987377082314	0.011683416050398703
user_XzAgu0Gc	0.04021506072567903	0.01726281065066
user_XzKVtPao	0.5087426721206089	0.030838031053104054
user_XzUbK42g	0.04884932660008276	0.015934626334849464
user_XzXoLM4U	0.09308442465593225	0.026661004511437787
user_Xzag7nKC	0.07510306876550829	0.029054559714265234
user_Y09kzVW1	0.0331302472312464	0.011260516481292327
user_Y0nbE6a9	0.24793959280332956	0.0952986958521048
user_Y0zvevK0	0.029406372022978806	0.011203595723926952
user_Y18uV9i1	0.056799906124368124	0.02400471385140257
user_Y1DDtPeH	0.04507041431399353	0.01359081115502933
user_Y1lwnawO	0.15584984627119733	0.05525368934997549
user_Y2Mi6qQ6	0.03443261175431888	0.012445832013802859
user_Y2NtYqss	0.10077208702959942	0.044749512749828226
user_Y3U04J2P	0.014271173262323258	0.005329043333247893
user_Y3d8Y3Z8	0.010646776423150364	0.003950557673617309
user_Y3jZdYYk	0.06259658189296863	0.02619149301007839
user_Y3l5BcIu	0.029649115246029516	0.01358809548397158
user_Y3qlw2DW	0.04852544740167708	0.014645489314807837
user_Y45KZAod	0.018556236965151206	0.008103627882088188
user_Y49vXZ91	0.2092317157661881	0.08358133470888693
user_Y4Kl4Up6	0.035622638793838236	0.013335014725075893
user_Y4mlsurL	0.05519089306851886	0.019799309518451578
user_Y4oCHgOT	0.03169582916919851	0.011820325987822192
user_Y55emk9g	0.387213495458712	0.05290555949980291
user_Y5LZaNWQ	0.05814186015998411	0.025774941407707763
user_Y5MyBy8P	0.0867127338300199	0.0329187856817117
user_Y5OxvWeq	0.03279375070379554	0.011597338939613847
user_Y5zILoM9	0.03722016607401031	0.014674881490050733
user_Y6awje9T	0.07097396475483056	0.027869907564396747
user_Y75OKe4r	0.06651413077009873	0.03080912311981564
user_Y7c1Ky0D	0.32314225135117824	0.026651118550699772
user_Y7n30KOk	0.11958740766205053	0.0432822209102097
user_Y7nUP2eK	0.07294549261152769	0.028984383577436365
user_Y7vrR9hj	0.013561695536666786	0.005090583919069573
user_Y8fz5w66	0.5712051970269353	0.02774750764925643
user_Y95pl538	0.06300577230414617	0.026133089057289036
user_Y9BIrXxp	0.05274052498910132	0.022254170361379937
user_Y9GW3kgo	0.13378691725821795	0.058515754393952554
user_Y9LY6CSZ	0.19238766336539342	0.012041843728239045
user_Y9VA0M0m	0.019966118894928057	0.008517929231438494
user_Y9emcCuo	0.32022980330514766	0.016812599202651587
user_Y9lQF0gm	0.1993402381291666	0.07421454590752816
user_Y9yiKXY2	0.8166934935588639	0.04665585054079179
user_Y9zbO09D	0.7091566960259837	0.039591797250971096
user_YA0PYpk8	0.005655587306013401	0.0020513825607849276
user_YAmng9Um	0.05168434908084647	0.02257618824105402
user_YBGvQAEW	0.029776405735053413	0.010101605336870434
user_YBXuvJnM	0.036706320171806806	0.013678967014984623
user_YBhHzlvx	0.025098408472394692	0.009223604616492674
user_YBjaIx0C	0.07774588642703746	0.03019166806849294
user_YBpawqPT	0.06917843576411115	0.025529627754887384
user_YCC8vE8m	0.43089939830958873	0.021380759418451193
user_YCDTXZyx	0.7929861222794623	0.03451950791025315
user_YCJUkJNH	0.17984270248012577	0.06472255206886197
user_YCcmj9LM	0.08491593709030244	0.03557396788204385
user_YDBsnVVZ	0.14295585363141267	0.06050905581599237
user_YDLNudMh	0.014076567624134576	0.004934748639686685
user_YDl81Mbb	0.25334386563291245	0.1146259514886904
user_YESwOeBP	0.067187134960334	0.026688044383685244
user_YEjTwHkH	0.14809703835578758	0.054040790187498085
user_YEk3k5Xj	0.3378562395360592	0.018369999769638493
user_YEzJGr7F	0.02961864048508213	0.010483977590839477
user_YF7MpryN	0.07416021289404116	0.03031341206748085
user_YFJsaAM0	0.029804995452001853	0.012218469225341932
user_YFZfjbzF	0.4917152605093159	0.022985644638599236
user_YFgnkea3	0.011512593508750746	0.0041615395171141
user_YGHCQZep	0.03601725850813085	0.015757081849015083
user_YH0uFDhU	0.04537938772909858	0.01525869038367484
user_YHGzGylx	0.013491516925939771	0.004634388807420446
user_YHLmEd8G	0.029433552207398045	0.011152600702887063
user_YHTf0Uij	0.07004635735820161	0.027185485879778527
user_YHoDmp0d	0.06397290957184512	0.024072913595905254
user_YHsaG23Q	0.02090321150790171	0.008090809200563667
user_YHxgASqY	0.060646676804325325	0.024068793871010248
user_YI8nfFVe	0.3071115687533135	0.01291405311522259
user_YIlX4ojK	0.03365586167266821	0.01260713081542947
user_YJP5M7vP	0.1463959073638797	0.04963044291452168
user_YJPV8I4n	0.041863268579254036	0.016323712246080542
user_YJTZXQrp	1.4368941531572632	0.05043375485576607
user_YJVGrAt6	0.05727055988355802	0.022451777187353042
user_YJxLyiFn	0.4578111429164997	0.027174776279192223
user_YK1q0rZa	0.09760477718449115	0.03649605127323951
user_YK5D7CO2	0.013083566391427449	0.006093725918615724
user_YKNBGx6a	0.02382106466917447	0.01011083710444464
user_YKRDBbUV	0.3575404082800526	0.015827354231299034
user_YKTE6P9t	0.08429041121452785	0.02941894516808775
user_YKTR72Yf	0.5028793269617168	0.021067441328330817
user_YKU2Py5w	0.3906371797806727	0.023783281537801928
user_YKblBup5	0.04465433029655837	0.01367052658939689
user_YKlDBu6h	0.3967532402687972	0.02573608423598671
user_YKw732JG	0.47132123296454503	0.016319908073889996
user_YKxTd02X	0.029455835933770717	0.00863653044205425
user_YL1X9Ia8	0.07539244810964507	0.030655307734818466
user_YL66yqU1	0.05388529802171965	0.02003214184764748
user_YLQaMzef	0.017399028017742603	0.006246444650279806
user_YLRX6FUY	0.06956849003362588	0.022829387554850474
user_YLfeWbck	0.5489912179903332	0.03604389108471317
user_YLmjv216	0.05043233718701147	0.021884510776005124
user_YM6poMQu	0.06594399985744333	0.02461035864621624
user_YMK9d35v	0.06402504988537253	0.02778275877720885
user_YMVDNiaC	0.023189139350692313	0.011178926182690957
user_YMeN3kCK	0.1417360730565096	0.05396363357531454
user_YNLtW763	0.05667314263193762	0.025984372435975584
user_YNT7Ri1z	0.08234564642742698	0.03437077239444907
user_YNdU4DwN	0.06076273431524768	0.02402275204998254
user_YNpD2b38	0.03383602151870825	0.014990005206191115
user_YNtIem2D	0.48921685915746	0.019094112620566536
user_YOIsoopM	0.10438896260635709	0.03780705032544645
user_YOuvSsBF	0.7339691749300518	0.3273236043855905
user_YPGX6ccU	0.016194362794359145	0.005923274730971527
user_YPlEe1Wg	0.06110260761111966	0.02553185917628605
user_YPvxQSps	0.07766172370037325	0.024533525241925067
user_YQQenvmw	0.06510537038080082	0.025412311941129244
user_YQhYK9No	0.05533643799919545	0.021152459105594573
user_YQsBPdIe	0.018573361943390553	0.006758668880288643
user_YR5VSeAy	0.028687613440679174	0.010169301132456102
user_YRETYXqu	0.05394561986497225	0.0185775578924837
user_YS3Ags2s	0.018200620553607702	0.006665885671533221
user_YScYe3A5	0.05617836049897301	0.018924511422136935
user_YT6xvR3f	0.05564872612246506	0.019485202675486202
user_YTkljqAS	0.0741738906482257	0.025251829549771124
user_YU86UMhE	0.05139978750993118	0.01731871098827034
user_YUB31eMC	0.03920959140319526	0.017157819045943424
user_YUhTO7lE	1.042245678587111	0.029429356103711186
user_YUnhaFb4	0.29895467607285187	0.019016218072714655
user_YVEixenV	0.040738787499686416	0.013987263087872605
user_YWP4gMtH	0.04810063654427715	0.01832371369648815
user_YWh48uYj	0.06915401769865169	0.025501232770786968
user_YWkXmRgp	0.10279285210842146	0.04657999577645533
user_YXydosjg	0.01847648810761696	0.006243121261054531
user_YYSlmCNg	0.046693226843720216	0.020437149558713872
user_YYt35Zey	0.01419088287709875	0.005095699891898331
user_YZ3rUPIa	0.034427614293745246	0.015071203708789734
user_YZEGhq3I	0.3440986376752627	0.018443330025602545
user_YZbEB3iu	0.0945617537148847	0.032641196947803264
user_YZgi3PvC	0.42711802569730317	0.04492909171579744
user_YacPd25k	0.16976486641638244	0.009903238411647546
user_YbR8U6NN	0.563927493320162	0.03236649641202529
user_YbfkvnSJ	0.0412232868729049	0.015010256530313787
user_Yc6ICUGF	0.02832467387716569	0.009951168143059056
user_Yc6ys9NH	0.11339767572737294	0.04597466648884746
user_Yc9huLYV	0.038946987644315346	0.015730634109125067
user_YdE9mzGr	0.048222445610443095	0.016271333479104956
user_YdNON4up	0.451299037069785	0.019357670402984726
user_YdXnrjYs	0.028969517843913856	0.010783151385003508
user_YdoiFZtZ	0.2882093592844447	0.008715314095289566
user_YduCXFwy	0.08852326330859393	0.04134699744556945
user_Ye6Lxt6j	0.08425498919428877	0.027873808636911218
user_Ye7kWLOE	0.04009823579344177	0.01440464868310677
user_YeUUFfxv	0.03815249023572931	0.017886176139283012
user_YesxajXi	0.007468953878189598	0.0027560430181866376
user_YfdAGBnM	0.5190077611507783	0.06780493975010998
user_Yfu4l1If	0.09439670286056773	0.043735774598481825
user_Yfv1OuHm	0.03876580089671336	0.016507694650121786
user_YfzU4RjE	0.06829295905586903	0.028450771797943426
user_Yg8UFb0W	0.06317227639617891	0.02308576599807675
user_YgAZEUvK	0.046772193526144076	0.01621568355279015
user_YgAlDuSu	0.04082850365667361	0.015158152124877552
user_YgOBTBe6	0.02664125791284523	0.011406720125532743
user_Ygbp6KIa	0.28307850662161127	0.09526515222289528
user_Ygdp1ORm	0.07664462405026415	0.02810615953067589
user_YgjNKtvU	0.05452171661173627	0.02302380121392961
user_YgyNs4R2	0.048004147159845974	0.0188343329839747
user_YhHU3Owj	0.13961365178936944	0.05467086286797035
user_YhkNIJeK	0.31740891315541025	0.009440821653323408
user_YhlUBu6E	0.020220096159247757	0.007190626943200992
user_Yhq2wk9f	0.011763089570780406	0.004076008227548338
user_Yhwd3Y4q	0.09549800519142694	0.042441129207070306
user_YiNAQGUH	0.021179960265544036	0.008867126161480778
user_YimHL1mY	0.11897373502251393	0.05031628263069592
user_YjyY1AmU	0.04559655421865652	0.01911074569955496
user_YkGGbm24	0.48189136063295757	0.043898386938768456
user_YkzKbJGh	0.4716648777058038	0.04458668581935332
user_YlCtrjqA	0.050714003450694815	0.02168541210314047
user_YlQcXKk4	0.5517663066965315	0.03701443335159096
user_YlznClFC	0.12625611965861028	0.0452137060757062
user_YmCOL8Z7	0.02908726349182189	0.010561319844027165
user_YmhibuVr	0.6329273161055466	0.02039039311255088
user_YnHDLNfQ	0.03486033668693489	0.013734838703957558
user_YnRgaM54	0.01916740009454318	0.008301908876924693
user_YnTPYfU1	0.15109734660686303	0.06590772958696414
user_Yo0TVyPg	0.5086509404512932	0.032460891214225636
user_YoCDIA0D	0.060619468068212196	0.02871778743430196
user_YodUbo8P	0.06830848269208087	0.02764300153631384
user_YooYVXqh	0.04225047247117672	0.017837247119730764
user_YpMROvP8	0.02502232171289346	0.008800304507826923
user_YpRKPRyb	0.6557435930223544	0.02604323931902734
user_YpvugNkj	0.5124287233650704	0.03330767607663266
user_Yq1FEUjv	0.2839724951807878	0.01745556720057597
user_YqC4HHqI	0.011558802086753597	0.0040006092532210505
user_YqDFiGbY	0.042512170484068704	0.015308459490689598
user_YqfwPhxV	0.42676577642585156	0.03846026739998756
user_YqjpbzOM	0.4875596619877486	0.03286027064894626
user_YraezXN1	0.02989124827770777	0.01350735435723108
user_Yrm6kcR2	0.009134101628788083	0.0032013965251853414
user_Ys6YdmT6	0.4131179372754341	0.03049793009359391
user_Ys6ZKK0l	0.029392126950175262	0.01007412900880684
user_YsiKYNRH	0.024007950307265047	0.009369362205480862
user_Ysqs0QnP	0.019133794479918247	0.008265363520961107
user_YtIx6m5S	0.6778335398041406	0.045168792311494906
user_YtJd3nOg	0.05663453376881282	0.024015000604521178
user_YtQUntqR	0.0618295634797573	0.020396148773159418
user_YthDhU4e	0.05666555865963939	0.020907977908496366
user_Ytsckrme	0.21708892081454256	0.013766670977932789
user_YtytnUtC	0.04312531464372118	0.014741523996714084
user_Ytz1P8N4	0.022776120474668368	0.009693370564085603
user_YuABxBfL	0.06450708339686459	0.024458283616153622
user_YuZ3cryY	0.09741270181545124	0.03502280071985048
user_YucbToGt	0.7021207284446481	0.019370579527549926
user_YuognQfF	0.09427594144354726	0.04370403488097235
user_Yv3EHxQ3	0.5841492757846787	0.05213739751099182
user_YvHKa5me	0.033683372821747506	0.01272310503910907
user_YvNceNxv	0.1041136910018004	0.03842624900409616
user_YvQ4Rb9R	0.07840103170249044	0.03437716511255955
user_Yvo48cJ1	0.07885888270839442	0.030831728712838364
user_YvpfomQI	0.11947894390092953	0.03866091968435646
user_YwUZrFLc	0.4343454352816863	0.017854834847830844
user_YwZsZbdm	0.0492177432002588	0.01968332745184774
user_YwamXoUs	0.5870745852914815	0.05625000137855691
user_Ywd7htcj	0.07687843680297404	0.02820762488558501
user_YwhcxMXs	0.09728779733524662	0.04438966305262027
user_Ywu0Thfy	0.04753322139551476	0.018224464381988218
user_Ywu8yJvN	0.03656317028962457	0.013225090689165374
user_YyBoOHII	0.037936728700890335	0.014785563336319274
user_YyHGUNai	0.047449662698513306	0.020285721824115463
user_YyZgfK7F	0.027664913629715446	0.009741803013900967
user_YyZi1CQS	0.056607907236835	0.021678578324440017
user_YyinzZv1	0.028088443024259786	0.010156948030517988
user_Yz08k6vI	0.12008470600421418	0.05185881866351296
user_Yz6fxk8x	0.648619806731278	0.04746264377986475
user_YzF9f2rS	0.05110158453947689	0.018149723015988235
user_YzyCsO2U	0.029869993978592524	0.012341272583211962
user_Z01o8biz	0.04019367299191612	0.01733344619875229
user_Z0dhJ1PQ	0.06708425016762276	0.029381435207363246
user_Z0zeWRXN	0.02731145131758922	0.010897100321748593
user_Z1BREsbS	0.029211598699235015	0.011945043437635049
user_Z1pAPtR6	0.04501703793445745	0.015991557000954636
user_Z1qKUwHz	0.3566216645158648	0.16536171532870675
user_Z1yg8hJv	0.409434441396058	0.0291306502939171
user_Z39CqOgg	0.11158394727457782	0.04427899583168264
user_Z4Xkpr11	0.048503848719443104	0.019210525439063802
user_Z4cHTQF9	0.03338632781093821	0.012238202741855045
user_Z4hFaZlt	0.3560465542773055	0.01472769962232375
user_Z5KlL4dL	0.37121017538774825	0.0165143299732545
user_Z5NNhADO	0.49740185021351774	0.03748611104336789
user_Z5SlnbD9	0.0050900841718647324	0.0018044439702171085
user_Z5uJFf1v	0.11872991007978015	0.042412863261706034
user_Z5vaX0Fz	0.04802182559264413	0.018021879627293354
user_Z6Obcuey	0.03386310897777518	0.014806409305274895
user_Z6Zh0zku	0.05354889772530505	0.02249908143569117
user_Z6ZkeNPQ	0.006651911648599431	0.002402370764662434
user_Z6c3Ab3d	0.06556807970255106	0.022921112614036922
user_Z7MY1jyV	0.027332799647929673	0.012619219435785032
user_Z7SCP9Hr	0.0576230830675395	0.026232266196526372
user_Z8FNivLZ	0.1395088856526558	0.04678904096403162
user_Z8nlR9KK	0.03577228423140631	0.013968244319054992
user_Z8ueXVGt	0.12619733910931924	0.04209502840826707
user_Z8wZ76pH	0.03579277359038527	0.013351691255244645
user_Z9xfgO3W	0.05216119522319102	0.020085881921399165
user_ZAb8hYGc	0.05569241104913997	0.01933369349702233
user_ZAmTTvPm	0.018169450764830616	0.00611289559726363
user_ZBJmKTXc	0.1956271726403201	0.09220318696757664
user_ZBgxCHW5	0.14622095340954636	0.05323098523991312
user_ZC1YdhVD	0.15753587488349605	0.06791943474146132
user_ZC5zkbb7	0.038255850995380446	0.016590742819592292
user_ZCHS10wR	0.03077904701533113	0.011709380743914508
user_ZCO3iG73	0.02588498490824918	0.008512391434048945
user_ZCU40GNm	0.021104456361716366	0.007795656978060766
user_ZCX12ZNK	0.023712888080258853	0.008922545836971054
user_ZCjK2a2F	0.3305464048068318	0.009355725453737116
user_ZCmDoPLs	0.15900396960229496	0.061641964157577674
user_ZDyEj6ik	0.02562184938160879	0.010452733275750003
user_ZE9jc1cD	0.7303741878988309	0.02972573808661636
user_ZEadImGP	0.7520407631182956	0.0411357431665809
user_ZEwDMyxV	0.08591598034580794	0.03772964139858918
user_ZEzxerXf	0.04305581999769288	0.01666227903000735
user_ZF0cOhzQ	0.025980546963654337	0.009452604106301972
user_ZFSNCdFg	0.1119761418082564	0.049910963670193854
user_ZFX3ZzpF	0.062222978346469504	0.020307227528179803
user_ZG42saG3	0.054938555562581926	0.020747605844194644
user_ZGH6v1eF	0.13861872729667366	0.04620785990579293
user_ZGOBx2HE	0.016515029038910903	0.007313139769740145
user_ZHQERW1C	0.00795200925322418	0.002884463655366285
user_ZHj1V058	0.18691883845239515	0.06437483098466505
user_ZHnucH6l	0.02072876159964485	0.00762443831232307
user_ZICXEb7P	0.2056463408413883	0.08053526311533478
user_ZILa3aTn	0.13375167223172224	0.044572075011961164
user_ZITZNqh6	0.25529087242968745	0.011524080591395886
user_ZIo4ve5Q	0.07399217410658054	0.026116129461673635
user_ZJ6ZpYti	0.3039492740637789	0.029539765128479552
user_ZJ81ex2P	0.02174696878126829	0.007913952351925648
user_ZJG1gsPg	0.1366032828301102	0.060533809875610016
user_ZJRlQBtQ	0.03211125531657364	0.013168273664146527
user_ZK7Y2I6V	0.021931291746533688	0.009248467887503706
user_ZKByouBe	0.11650772878323917	0.04544161922633787
user_ZKmar7fZ	0.024734073170264166	0.009168479070632297
user_ZKtP9OW6	0.14034851152638897	0.0445336289639201
user_ZLOm9cJ2	0.03917148456733444	0.017099377683552894
user_ZLid4idq	0.05746181954710373	0.022614578547004126
user_ZMFctwq0	0.049053384069373845	0.01901166615527705
user_ZMY43C8U	0.12567560916236026	0.04864990500201706
user_ZN2xu2p7	0.31796668281654794	0.019663252925033917
user_ZNAuK9XG	0.03991982417536526	0.014814051115919671
user_ZNF7dOb6	0.021876315895335216	0.00826901791657692
user_ZNR19BGh	0.045583013051685994	0.01860372001114008
user_ZNY8DwvT	0.09457533930777341	0.04327751718170363
user_ZNl7nNk4	0.0055465419253495855	0.0020102497923361884
user_ZO1ssAJn	0.4983579772240605	0.026631283380580708
user_ZOUDKns0	0.056832006049495565	0.02155538580270039
user_ZOVgj8DB	0.05761443396492693	0.02349270124648433
user_ZOc291z1	0.32747897198013837	0.02626091132854444
user_ZOiE7BrR	0.02635041629425644	0.009026905377829561
user_ZPHcOpA2	0.05140996863404808	0.023340618547013303
user_ZPNOJZbO	0.301474903510393	0.012454406333138567
user_ZQE4LWBk	0.39619163148048236	0.053894442174765834
user_ZQlsLe7A	0.3480784457390713	0.028592086383613692
user_ZRJbWW9m	0.00997544762569702	0.0035136362003767526
user_ZRd83RoU	0.04418900142416715	0.0157335582145941
user_ZRxHhAps	0.047418150777110715	0.01752553498350507
user_ZS4hLHTW	0.17381020705173658	0.00877372144666812
user_ZSC7BDxU	0.04662512161115745	0.01874744122111641
user_ZT8RITkb	0.055061036465686206	0.019313461425676214
user_ZTF3j4lg	0.02794554231926631	0.01052003759962575
user_ZTGGdS6v	0.07707249458449524	0.030108259971071503
user_ZTasg0F0	0.04335667775391909	0.013613219989747408
user_ZTbVG5K7	0.08194301726441702	0.030135537001729797
user_ZTmKM92D	0.27799022503933624	0.12135122469988427
user_ZTwqi3jJ	0.05809859153037554	0.024069201951158876
user_ZU0evfH8	0.019917805988356505	0.006948379913570579
user_ZUGyuQtT	0.07191751248908888	0.025697055620219143
user_ZUQezJQu	0.03273322523969116	0.012279689680286594
user_ZVDrmMer	0.03327859123652774	0.013222734543912786
user_ZVGbBT03	0.30736713078386524	0.12257776817535064
user_ZVMREywB	0.09260915724097679	0.033395189225186604
user_ZVMjBSvF	0.0721485937639323	0.030384647912835662
user_ZVceABbp	0.11060646103314606	0.04091711058353711
user_ZVeD9RPe	0.07513731874055436	0.03393887225520921
user_ZVjrl5rN	0.050008781337768496	0.017150772804779047
user_ZVywUhwi	0.004239808438213852	0.0015466286469872144
user_ZWBToXcs	0.33081573695607097	0.03531211863330087
user_ZWR1cMrF	0.030359492058478325	0.013652194734532965
user_ZXH341uE	0.04086321749483027	0.01762917956356602
user_ZXdsVhE0	0.0911403737518553	0.04213783086313721
user_ZXjhe46G	0.29360839162107244	0.009459143009089656
user_ZXmpBzQY	0.07244743880660547	0.02411899353451736
user_ZZQdTLeD	0.23800251434272238	0.008104250002752902
user_ZZTClmy8	0.7230131940505191	0.0654199972268921
user_ZZoBVJmF	0.05638409264514457	0.023541164403751765
user_Za21qNO8	0.06080409152211639	0.023213736125580257
user_ZaiY9EkA	0.06110989006856044	0.019236079195190076
user_ZaofAFnE	0.29489795470059404	0.01491152794522351
user_ZayJFLR6	0.1886419377979389	0.061860207310354916
user_ZbAjOlZw	0.3280726246870487	0.01590634604854116
user_ZbE2zjpf	0.43750689793337755	0.02923247289949932
user_ZbWcBmFv	0.03919554835152568	0.014622091832068286
user_ZbsikWYC	0.06435559088983163	0.02513207503331987
user_ZcCej0W4	0.026048212746081715	0.010071975717979754
user_ZcO9iGbn	0.10899154275643866	0.05045540492192542
user_ZcPujp1O	0.06425324538759436	0.026113904818463395
user_ZcjZcLhV	0.015629505881894677	0.005271509442970948
user_ZcmkC7dH	0.007527470134851649	0.002648505488427744
user_Zd4zE23i	0.11308992738324587	0.04683960541676404
user_ZdcX3yue	0.0686170897118845	0.0260279938985502
user_Zdo3PTPp	0.324127942745545	0.020095408636218566
user_Zdyw3J9E	0.029967238905686304	0.012115816906330837
user_Ze51e1of	0.025072614232584167	0.010393065679271429
user_ZeRCB8ft	0.12492537796681855	0.05861508015641754
user_ZexSPyLL	0.042747331498617	0.016199983336804783
user_ZfNavYrE	0.5105412216996597	0.0179331551991582
user_ZflkNyle	0.01444910177732403	0.005090549330480976
user_ZgFPCXgb	0.4513960891681723	0.018375541168233925
user_ZgG4OXrm	0.011198937047554071	0.0040033146322338625
user_ZgbXab2P	0.11925014396700537	0.038532081952639186
user_ZggdEbq4	0.5126131576873105	0.017063826302044432
user_ZgoNJaPb	0.29172572212168174	0.1015769105843601
user_ZgzqjDhD	0.0443403478892191	0.01472438383235693
user_ZhD9t4Q0	0.022028633555716753	0.009301107697028724
user_ZhDz6BSX	0.07480812825229174	0.029846134991513285
user_ZhGtn2q9	0.048958978157229126	0.019407722116925954
user_ZhQDXp6h	0.32082110301690037	0.020537766952449958
user_ZhhdLOWz	0.26383310074738325	0.011907659401760596
user_ZhkVJdPo	0.08273669205185408	0.03178496626001929
user_Zhl7nrGz	0.04774085422004472	0.018951263915392327
user_ZhsnSohW	0.08363648332429184	0.035568534534287134
user_Zi60nXDu	0.01379990883426832	0.004728032377415687
user_ZiVLrZxN	0.02121190313631165	0.010431238123266658
user_ZiYFndwO	0.051222033016699704	0.019232750174587483
user_ZiYu0hIX	0.04718040551006357	0.02089542398884437
user_ZitzUnFK	0.005489143063781942	0.001958674918004136
user_ZjfREtHB	0.09524129927213215	0.03519797419118666
user_ZjhipknI	0.04428244220430191	0.0183680331110973
user_ZjvSmqJJ	0.1124584972084133	0.043412805745866846
user_Zk4YIlAl	0.05041006598520062	0.01935320776765963
user_ZkATRhIz	0.00962072844005699	0.0035187705796826388
user_ZkWG8sg4	0.08015582733799316	0.02976306114443065
user_ZkfQa4sA	0.049838497694932316	0.01977500712469564
user_ZkpT1Kes	0.11777812308430902	0.040389903366035367
user_ZkwHzKj2	0.03263226827614589	0.011902548041907941
user_Zl1EH5qq	0.02105509290527241	0.007491783675539645
user_ZlLsiDvo	0.03418251765038898	0.012711632166808963
user_ZlTdXRN2	0.04739257483482714	0.0213132294120048
user_Zli9vgLO	0.31458849797825245	0.014205057409203484
user_ZllzceJ1	0.0813737551208815	0.03198602178991295
user_Zlt0tIFj	0.04290118313878353	0.01565769935241819
user_Zm0haxUu	0.20658433550816588	0.07303920723458278
user_Zm4rbzIQ	0.02116259185002748	0.007610336268656736
user_ZmW4vEuy	0.8520772857172746	0.03684756341640519
user_ZmbvbVxH	0.020640535839800488	0.008774615894231038
user_Zmz1XYTH	0.04584519962630163	0.019079339111562066
user_ZnDYdeeF	0.09960069496724111	0.04560611458101289
user_ZnQMEHCT	0.06429179005115779	0.025442770660571625
user_ZnbNa72A	0.374446758614256	0.13468602422904358
user_Znu32bDh	0.03262708691965535	0.012591580704833964
user_Zo7rIi24	0.44964977004577716	0.0428872406210373
user_Zo9i0x2G	0.045692662274721484	0.015222128874353025
user_ZoD2iZqo	0.44307146863266933	0.02367056476934214
user_ZopKtRT4	0.06782040428515285	0.024213720841997535
user_Zp2buv7W	0.3563012835517109	0.025852683379988306
user_ZpBOb5JZ	0.251722895542579	0.10941841379848607
user_ZqQhEiJS	0.035887681721450744	0.01357123513290785
user_Zqr7DBPw	0.03242494844925969	0.014634791451582179
user_Zqr9KRX6	0.05634345590680642	0.020197296814674266
user_ZqtaMdro	0.09483669317346897	0.0343151106047467
user_ZrrpYsbf	0.13075962966328555	0.058929579235978274
user_ZrtOv0yN	0.016763400177184522	0.006158836430542931
user_ZrwcDyJH	0.011750838185811803	0.004152143561718099
user_ZsDwiymN	0.2502713280607284	0.034283822224009226
user_ZsHVysbq	0.02233228547271099	0.009323590857879356
user_ZsJ9dljq	0.8213630054760099	0.02530536574048246
user_ZsJZxmNI	0.018456260512458456	0.0080531115590768
user_ZsMMQrbE	0.05443226431148464	0.020033143500999682
user_Zsf23sDt	0.5470055021104774	0.027176842029448166
user_ZsiQvNmb	0.014027090661773486	0.0050212198641401105
user_ZtQrV3xy	0.09946167175464782	0.03043770499315081
user_ZtzJzfFl	0.008399707582199892	0.002941238015944675
user_ZuHBMpNB	0.16530181320561768	0.07282385375737965
user_ZuR7ji3Y	0.334393060074548	0.024352661392498896
user_ZuSFuP7y	0.05291735513064741	0.018802459231842202
user_ZuYhI6B5	0.026630244374491643	0.009364527505445721
user_Zv09YkPM	0.07191244710509412	0.02978741077533677
user_Zv29MlZY	0.06072156585382492	0.023180847412168647
user_ZvIyt0j1	1.4763028949657908	0.04037284178689786
user_ZvLcGfdQ	0.23360309903729784	0.011300246125897345
user_Zvf70m22	0.07017843219092731	0.027009612980164785
user_Zw7Ju1hO	0.8006021543538956	0.06322294976875653
user_ZwDdzUEz	0.14077597155619195	0.054540296790659845
user_ZwJfP9S2	0.026395513113472352	0.008714282088100496
user_ZwXAvy66	0.04432112003180285	0.017764602941993054
user_ZwehwRFQ	0.00768387561634231	0.002748430457079836
user_ZwflynGY	0.535992890012928	0.05703243734226547
user_Zwy5adJh	0.06215492946341326	0.026203727017718198
user_Zx8vU1Je	0.41981944709402697	0.02126094437679026
user_ZxICULUg	0.1825647141917579	0.08775650458056213
user_ZxyNJQtf	0.017732524535774917	0.006123480915839283
user_Zysc4IyQ	0.062199327824101855	0.02619579163410325
user_ZyzOBbQv	0.015887741047950876	0.005498940052626272
user_ZzlpAbA8	0.07982433779507865	0.02677264524813416
user_ZzzVL0dw	0.5315640004880808	0.047786912779234435
user_a00RAAKl	0.39474440521461424	0.03531791955905705
user_a0CaU09n	0.07272171726184043	0.025886293258491098
user_a0GFKM24	0.055083023261594415	0.023685147114849828
user_a0iRXKjc	0.0219960521772464	0.009078991734908406
user_a1UaR9QW	0.04812441135786384	0.01742774538246141
user_a1dSHqmD	0.03744412367085931	0.013381837747571321
user_a2Vy5jJG	0.02836037246049976	0.010594136333328879
user_a2acS2ro	0.09933614127333179	0.03694500130934873
user_a2gc6mjk	0.7922302242975988	0.04045381681218189
user_a3K7YT9Z	0.10270057645484738	0.048188252324361844
user_a3gAIcMm	0.026278060252699558	0.009137149552970675
user_a3qHyPgR	0.04136417103573688	0.016193570100124084
user_a3qe4aBX	0.07446223517164989	0.026318787105340972
user_a40whppg	0.022539257280351437	0.008291600151999869
user_a4hjhbSk	0.06424818974905437	0.024206802823941248
user_a4pKO3zC	0.03403166519092681	0.01049841777325237
user_a4uPGgcb	0.01785330779018294	0.006623226965385153
user_a51BIE7T	0.033735411936857945	0.012359104984457655
user_a58f7Loc	0.22376022694400488	0.08293148298179531
user_a66aNWuK	0.39580571956388605	0.019227074214476638
user_a6CfvWc0	0.05013129953744534	0.017104064266153973
user_a6ESxaUh	0.03398720448589049	0.014047329565833674
user_a6REbpue	0.7070518589629783	0.04072528174692652
user_a6WF5pIy	0.13654076774817325	0.06412625147534216
user_a7uqECA4	0.07725536757522844	0.03012444014180295
user_a8PQ3B2q	0.9301324575321471	0.04068333792142892
user_a8dZ9cx1	0.11043109825026087	0.04771208837025793
user_a8eCdQfm	0.11839303377556146	0.04860910804109871
user_a8nx0hzP	0.040682794107034764	0.015650368612451525
user_a8o3XUU8	0.026914895976709145	0.009174796406074864
user_a94r6xO0	0.8150432888699164	0.03963263759902357
user_a96mUEEQ	0.03169736268345996	0.012093004352870978
user_a9Mf2snO	0.024194607501486446	0.010544439819396135
user_a9oszuTr	0.007643200501782174	0.002719398437518631
user_aA12CUXG	0.5339334304373491	0.030128316545003468
user_aAAD6b7h	0.05104848857177277	0.018661225197852793
user_aAGUsJNM	0.03040929076369231	0.012568590112015061
user_aB3BLsGA	0.026026751794156106	0.011011266876141018
user_aB4b19EV	0.4105503929325821	0.0165866516583193
user_aCHmKqx6	0.07645796929007885	0.02874753474413196
user_aCOSp11r	0.027764616806778657	0.01163892973103045
user_aCVpiYbX	0.00599501298179151	0.002185629341327379
user_aCbYfhud	0.028401066215104243	0.009446946585568671
user_aCj3MhMR	0.16338334235725271	0.04332503336822057
user_aDgpQcuG	0.07071482407089037	0.03134992381783924
user_aE9smPxf	0.023067082529598087	0.008300279456721791
user_aEF3sl0x	0.008546840835094174	0.002989841753767766
user_aEWA4rkx	0.04752289554662313	0.019441373916642555
user_aEbKLB1B	0.3126369296946018	0.025735617884108802
user_aEhc6RVp	0.031102821404789427	0.010428620642675404
user_aElg1pFT	0.1005760705903092	0.042033122976900386
user_aF3sPMHM	0.0035155293727172146	0.0012657860728967948
user_aF5p9Ml1	0.10008756686524904	0.04692937259291771
user_aFMOoATC	0.03883499317936359	0.013035723644323064
user_aFhnVAy6	0.021811998370482196	0.0075327038246853365
user_aFprAu0W	0.06895211563389349	0.03181808082964486
user_aG32a1hJ	0.05749489230759741	0.024337859851802614
user_aGRJ7Xw6	0.047208590685575424	0.01775504072280588
user_aGgYFsC7	0.03519985506156866	0.012212290676122018
user_aGw8YNl2	0.021769289740371053	0.00921424813871401
user_aHGlMPHY	0.022793604914345768	0.011018039491770324
user_aHc8vYwi	0.021036576980349636	0.0077350356009467155
user_aHx2Lx7x	0.11488771801826644	0.047734625118777955
user_aIJBVh0E	0.09241241074312195	0.03651842952806914
user_aIPe68Yb	0.12159734796923032	0.04430487329702397
user_aIRKXZPo	0.029874721584271582	0.011334779561035024
user_aISSWou5	0.1479226526897286	0.05972178533014707
user_aIfTNt9q	0.023902984380034274	0.010178167661557625
user_aJHwldBB	0.04677277057018704	0.018686436252437353
user_aJV98IIY	0.07342951777034232	0.028720792904365713
user_aJZnkFQb	0.03289165559282141	0.011873423085468831
user_aKPTeTfz	0.07277077797802739	0.027307290998398077
user_aLDFoLEe	0.03867129791251908	0.015185043742483539
user_aLimqU3l	0.01854858072443226	0.0071154264495414486
user_aLmHIW8i	0.11529125681365801	0.03642268379691029
user_aMC7ZR9D	0.07627942848092094	0.026964933072675095
user_aMkTcTUH	0.015394811958224196	0.0056376363262894925
user_aN3Fo4ZT	0.05015761474149864	0.019287742816163515
user_aNUjc2eZ	0.04546377980558764	0.01714351140098045
user_aOOkNXTu	0.02245721120299146	0.007621200144358095
user_aOQ8lOXy	0.5693589656802978	0.06962604013620294
user_aOey9hlW	0.01229149786388338	0.0044019447308287244
user_aOuhLUGy	0.05973819042668012	0.023827948166708336
user_aPM3p90l	0.08910506827003911	0.03698761100210154
user_aPPbj4aN	0.04635080610445402	0.019812053503401775
user_aPR0WSGx	0.34404020940667296	0.020906560030207955
user_aQ6Mwx9a	0.11361705680275247	0.04528694787669545
user_aQLNB2Bs	0.37681571753399745	0.04822924533252428
user_aQNWYbKD	0.4772296641243977	0.04141790850792911
user_aQmv0Hm6	0.6036143347773575	0.22324236734034686
user_aR39t7PC	0.055905615495146166	0.027108866617396466
user_aR9BwZBj	0.03157269849622311	0.011580664817337485
user_aRKMBxVK	0.0033861210172360066	0.0011939690260548994
user_aS0t37AJ	0.013778537956340063	0.004990090738636477
user_aSY4XhS9	0.15048102141957242	0.06961559778045183
user_aStPt9e9	0.09397806119948574	0.03438679265050429
user_aTRXCPOA	0.03650718992593785	0.0126403084652539
user_aV5BMiNe	0.0539260497826229	0.022664909822445237
user_aVM3AeFj	0.026631548749031946	0.011208221422183797
user_aVTqYsfR	0.033897940463245256	0.013370078550115317
user_aViSMvMf	0.08170412626582499	0.033894961431456185
user_aWA2e0pu	0.01766210349082542	0.007777180855197322
user_aWeKYCb7	0.050674457105840814	0.020521295121349
user_aWiPLXuh	0.06548470579878658	0.026240149050261338
user_aWqDqPVw	0.057581128304080756	0.01977823118661573
user_aWvUyGzO	0.10444393212516957	0.043384421016905435
user_aX0pFC36	0.01750894868686958	0.006172658814470155
user_aXIq5eSB	0.07988120229258011	0.038390013197005225
user_aXQWJxFQ	0.09894526574973657	0.03103662609940183
user_aXrQacBP	0.06142230306306558	0.022280325866669448
user_aXtjj3bn	0.06165097098720982	0.02332868668626511
user_aY0KabsG	0.02278209224780754	0.008660868127450068
user_aY9XMhpG	0.048857736149104755	0.02060831546263846
user_aYEhWcMK	0.45150034537760353	0.029521127380256734
user_aYSjGFp2	0.05790481319530841	0.020765701197926475
user_aZFVgMur	0.39117137146530684	0.01174322293235511
user_aZPwjr3C	0.043981687052767476	0.018256589027443718
user_aZQqb3ot	0.3061031687951543	0.017068674935619792
user_aZUFmItL	0.01996204469955537	0.007008270558546023
user_aZVQdpMs	0.2641122207223759	0.10881729958737424
user_aa0tO6Ra	0.47531126431914517	0.026674800441189823
user_aa1NXORS	0.10397160032826966	0.04516528370324123
user_aaThuUaG	0.06534343527637522	0.02769663983403198
user_aaYPXHue	0.17648419305124027	0.06226055140988441
user_aacpIhku	0.02099174734099351	0.007629704458186521
user_abmJv6t1	0.011786163482031577	0.004234489226861456
user_abqVoMfC	0.04652471408454206	0.019193998654902508
user_abyc5UYn	0.033611325923811435	0.012745494885592845
user_acFTW4Ut	0.09408933559585081	0.03400967038205203
user_acQtwAzk	0.02512135002907738	0.009134188467470935
user_ace1WlL4	0.366593901730617	0.01942539753340589
user_acq7I4Wm	0.08345762641873448	0.029909453096253473
user_adjAoTl9	0.01872168543772234	0.006718853803765945
user_aeAmzar1	0.6953066334536733	0.05091045965290865
user_aep0uvju	0.1556646574105231	0.06053943392658276
user_afR8VgEn	0.24967167315164698	0.08551463428861647
user_afXgakZg	0.0026247233429442136	0.0009436773801272244
user_afeazMuO	0.2887964924951231	0.009996110713044981
user_afjfaHmW	0.05160968613576744	0.01727114494571513
user_agD0pqjL	0.09250813688806905	0.03393702527474833
user_agIeBpzL	0.06226862808603736	0.02733638363686629
user_agZa88rC	0.8699291006882093	0.10699701975032729
user_agcm8OK0	0.3679975346458264	0.02805102964255745
user_aggGYG5v	0.17368347354510016	0.07022071429980231
user_ah3PX8zD	0.08342011710954288	0.03377158424592133
user_ai8KxRkg	0.0813946651049451	0.02874552183622791
user_aiAolojl	0.8900899716858335	0.023215154894010853
user_aiE5CpKO	0.08226491622106524	0.023607088512927865
user_aiYzj9PH	0.018582619666346487	0.006279198331737698
user_ajYHNNYS	0.11825790310678222	0.04267735633598695
user_ajbrBbzH	0.03788147246017788	0.016171877148207146
user_ajy4VP0n	0.4706528522558021	0.04849571856814381
user_akIh5dk0	0.20790438887712628	0.08614137881292819
user_akPpXNf4	0.0737670146938835	0.025720718821073893
user_alrrQsOh	0.038340843987253306	0.014970128500242976
user_am1uzObk	0.04781975588393038	0.01781275869305202
user_amKlnATQ	0.031904512418924114	0.01174412108547153
user_amW83YPG	0.07822819381768539	0.03301609321764364
user_amxtkP44	1.4522472586829736	0.07810948167492894
user_anBPk9Xi	0.07821671485225294	0.0268429698082888
user_anbWNhiv	0.019801148506101852	0.008553773579400483
user_aneadwo2	0.02683686227118635	0.011135335050865315
user_anihR1Sx	0.031044679334477368	0.012105099772434376
user_aolru86V	0.2399349879309737	0.010356648401635173
user_ap3ptkEB	0.0776942800016242	0.028365924063601503
user_apHwcvyg	0.020010149898886775	0.007516191383166756
user_apU3jYNL	0.09218221348710104	0.03820220227450618
user_apUQmyqw	0.09443343937400918	0.030514005729728115
user_apam2U38	0.02115006228528922	0.00786746322595347
user_aqKivP1S	0.07574035571580039	0.033692058552291834
user_aqSdo8fH	0.031727639804730284	0.011876837683107093
user_aqVF8KS8	0.02641273002344571	0.010218369486421701
user_aqVJ0fmb	0.015183781712581175	0.005624376989575121
user_aqv1lGCP	0.24746048857220687	0.01206389877360025
user_ar1c4D4x	0.4126734496133222	0.014397505368401332
user_arLDkgtK	0.2473225496495468	0.01588373229346118
user_arNb0A2o	0.025567835337370795	0.009419407455933317
user_ariFWMgp	0.07876288392684387	0.03411665881847687
user_as5aMxr2	0.1066279493488084	0.04344021540932336
user_as9aDASf	0.045895966694042466	0.018553043825072273
user_asBnTVCF	0.3885836711513276	0.01438935399186979
user_asIASBPs	0.06793080544637121	0.024035734302572498
user_asW6UnnB	0.05789568946029721	0.021288560128470333
user_asjmEmn5	0.05335192432329193	0.018968641596283024
user_askl4pbD	0.13139255277315182	0.04389073420943945
user_at9YGPyp	0.03134487752730525	0.010361388694915277
user_atUdHxYM	0.01793952313787022	0.006585029394893829
user_auaSQeCC	0.07777992464324378	0.035049901065704735
user_aujMNwAQ	0.1885429252711358	0.08577466299597863
user_av6LiyuN	0.22993747927354768	0.010926736032247863
user_aw7WSOri	0.07621447009533366	0.030812204124630555
user_awGy2dB4	0.13353168264072612	0.05731189676178324
user_awIj1mEw	0.01595841685032364	0.005418414212502774
user_awQbOtFU	0.04358192184432581	0.01727548980617685
user_awSbCu85	0.07936107049902727	0.03296418966889218
user_awepBB8j	0.08391843252585883	0.03519615220766169
user_awkYOPWf	0.05616833675514715	0.02325400533904203
user_axuw0LIE	0.02151834048449411	0.008699916852007852
user_axwv8bX4	0.0368901868879212	0.013965164806723301
user_axzbDZta	0.05956689640566009	0.02468247612242475
user_ay1g8sue	0.21813799792218808	0.10044136153004295
user_ay2fRMBo	0.020342089063017807	0.0076296569404696755
user_ay5iWoAt	0.047551313425996417	0.01596239162978897
user_ayxjLljt	0.02079960265559451	0.008892863033829421
user_azEkk4jZ	0.03283950609232475	0.014508329954942296
user_azxPF25v	0.026631444369251127	0.009011917869217762
user_b04GfGpm	0.04642423814495089	0.019190708915643076
user_b0lcYgO6	0.056077461251727585	0.02138742159450796
user_b2HcHUq0	0.46182473943942903	0.023420788570271675
user_b2e6j2lo	0.029548959604661064	0.01225565740507963
user_b2f8wWSs	0.03332533196347695	0.012808824559113564
user_b34LhLRP	0.0422465523771365	0.01576328311644326
user_b3kwN70g	0.01919637917944448	0.008260191026219844
user_b3nMYubg	0.04273638669970099	0.016999698837403824
user_b44c3jYM	0.11618781823483242	0.03895471329203773
user_b4PJwmrc	0.011938566731906484	0.004294883930645538
user_b4Wz98gv	0.02902632645702103	0.010843667737709494
user_b51ltlIM	0.21252383932181557	0.008579465569398117
user_b59yO7O3	0.021175092141156544	0.008947666068677848
user_b5Xfilqj	0.03373332511435096	0.014592992201284646
user_b69aqs7N	0.012255756713239592	0.00458971246937361
user_b6NSuQSs	0.06269037734199609	0.02290519956968314
user_b6wccjWc	0.02104609431657327	0.007524617513640134
user_b7H0OvPz	0.09700931553048193	0.03031283113867703
user_b7QdA4Ev	0.06718003492735228	0.02339964625649924
user_b7SXRsjL	0.12843562889587454	0.04877286489800597
user_b7pdPsJN	0.045505008450138315	0.019173454361555473
user_b8PszwAy	0.048055052611158	0.017829513656419684
user_b8U887UW	0.06793414948266167	0.03284629002674212
user_b8dp1DSV	0.6594254682182826	0.02412578475593315
user_b9W4Guw2	0.029796517350723223	0.010255829786489796
user_b9snqdHy	0.016594596822378134	0.006039378664337791
user_b9zsmgpj	0.15980992451706252	0.07428313642432202
user_bAidcAne	0.5422631859394345	0.02914711753831703
user_bAmLKr3t	0.8398000921114334	0.05121030519818868
user_bAxXW9B7	0.10322699101592304	0.03858247047161284
user_bB33e5xO	0.030237043096338435	0.012633496386068038
user_bBG5w5Hx	0.03332256376405044	0.011976630818974671
user_bBTddJSh	0.1431928865548004	0.06035528066090057
user_bBVpiopK	0.024780350909647055	0.009207846243737479
user_bBZbaGoK	0.14983081101517026	0.06079473315192628
user_bBqUciab	0.028193480691443867	0.009337725034847878
user_bC71Fr9o	0.01716991266905453	0.005992140105493782
user_bCZho23g	0.06298302238269857	0.02830005717416407
user_bCrSYPQO	0.03385278825515894	0.011207467223960902
user_bCyRbxkh	0.42219177799408414	0.01602218787492513
user_bDFkZIM2	0.059718131701582744	0.019979754229359922
user_bDNAlKvl	0.014252109175548158	0.005304178763508528
user_bDcdXUmr	0.3094113534569467	0.14002050430547483
user_bDlm1nP3	0.05725215863365635	0.02019955126912332
user_bDvWDVwq	0.08608570645899637	0.03513770310299292
user_bDwYdxzA	0.4054677009372219	0.04092491903484333
user_bEE2O44Y	0.052220410748022625	0.021743961241591645
user_bEFYVg2h	0.024111386977218468	0.009102263432829287
user_bEWd54CP	0.03618694360968028	0.013716320803508427
user_bEtlkD3d	0.07593539736138372	0.02788779777464876
user_bFBEEbpC	0.02394377503708442	0.008346324197711776
user_bFUlHzno	0.03991559555586899	0.017331593423722237
user_bFqOclR7	0.033603092417705115	0.012142929295882418
user_bGI6StsI	0.30804162316741585	0.018154593122825618
user_bGqGA9H2	1.8325814635952218	0.6642991176005627
user_bGtXbxHr	0.030543231204989432	0.011965955108245609
user_bGvoc8mW	0.060779131190895994	0.02353829780098174
user_bHKRHh1D	0.020588104660282325	0.008731706127655404
user_bHgfpYF4	0.0679153264988474	0.02086629417427921
user_bIQudMVg	0.07288828256278398	0.02871798509552619
user_bIWUTGgz	0.011726168608964888	0.0043188401468347406
user_bIc97vbD	0.056346618224713	0.02324246678122413
user_bIdTBWRy	0.05822970772758952	0.021347224318082766
user_bInRbge8	0.3361788156423394	0.015720490332934177
user_bIqDiljp	0.01746789225014199	0.006392411565900471
user_bJ2ARsNK	0.021793348377895774	0.008202673889866991
user_bJ2nCi1s	0.027000191135862675	0.009567335715135333
user_bJvoTVis	0.018025144452264906	0.007949067066463691
user_bKDxiPL1	0.030845215457778324	0.01236464817568729
user_bKKR6hjD	0.07868842270487489	0.030093225900569703
user_bKTqbMsw	0.05735243817295546	0.023781346123081644
user_bKVEVdMw	0.05375771081461188	0.022418732730854325
user_bLIPslQe	0.081394078294272	0.030143747773630533
user_bLkbfkcD	0.03267502235081182	0.013598750648341698
user_bMM6MlTD	0.06488554093676324	0.022115318328664386
user_bMfAtjyB	0.08255926153579357	0.03778868329730659
user_bMqpdgFa	0.03944715255696944	0.01547874883691694
user_bNci7t5y	0.4260993123621544	0.018542428112916905
user_bOborXUM	0.03720736382338618	0.012667381146229133
user_bOlAZozW	0.4182047012034805	0.011474139579345967
user_bPSJdSU9	0.029885840869606366	0.011313972965146198
user_bPbTdqEH	0.08991398056998094	0.039363808356323825
user_bPt9aZnv	0.11256476981906868	0.03962832663829932
user_bRLUTzWO	0.04353681306162524	0.014773504626736203
user_bRN4bpBy	0.1509203583549116	0.047745061370496854
user_bRNcrc06	0.015281671214686043	0.005434240405570946
user_bRW5CzqY	0.0731458886824579	0.02652247283057951
user_bSIbBNyB	0.007886314997348959	0.002738356380158595
user_bSd3doJP	0.07589087764753143	0.032043640476327545
user_bSe2jQjq	0.08517171801021564	0.03852771142467914
user_bSiqK7i2	1.4588108926193555	0.12350488190784784
user_bT4aAxi3	0.039529722530163916	0.018538649751985492
user_bT7JW2Jk	0.05965662264715224	0.02659403798521267
user_bT7jYCf4	0.046949243346812594	0.015618685218237617
user_bUSBhJIv	0.02229435948865309	0.007863591056315405
user_bUYtbPIx	1.0476051174863694	0.05336957296271944
user_bUZoO2xu	0.04846244437770662	0.015844398551908875
user_bVQuFTp3	0.07468995163294948	0.026520124357595487
user_bVTFvS9h	0.0368938315082487	0.012516749727157533
user_bVwRiEUP	0.04297617236936435	0.01577336915739207
user_bW3YL3dQ	0.028322427169111798	0.011621544950663592
user_bWiIoSUn	0.04568228284800262	0.018108126562290217
user_bXBJYqxT	0.034938958403677695	0.016746727658796326
user_bXalJ1li	0.04451109313794789	0.01895612855394103
user_bXjxzN0A	0.028910461101485152	0.011696045248500398
user_bYE8fFg6	0.07701554011104104	0.03361509242174488
user_bYLuY42y	0.011778344164719887	0.004309885385007402
user_bYxVIIFJ	0.09044890259072072	0.03457677312040649
user_bZmWeSpG	0.6388391608309145	0.03484081353223913
user_baPjtYFX	0.3490560136334553	0.014397888511209517
user_baUk9X1L	0.061682238559383915	0.02541556929499367
user_baoBX72Q	1.1210129770760693	0.04784382510297697
user_baxFzZrl	0.04295295419636015	0.017637834090586845
user_bbFFxQdz	0.08918668415506797	0.028239671461790638
user_bbVGkm6X	0.05916758358238746	0.02247047610058752
user_bbYvQvvm	0.03049020969289941	0.012218684222520093
user_bbkY8UW5	0.009484154152304854	0.0033260421079649213
user_bcRUQmGa	0.009074632995476804	0.0033250472851406535
user_bcfETdC9	0.13509905594943858	0.049951942732194846
user_bcwGl3mL	0.11517994288836456	0.042137090809313604
user_bd9fDkuI	0.01923898498783503	0.0067991868587584
user_bdC0SLK0	0.07303194860660381	0.024860960934069525
user_bdC8dYRr	0.05621525238492381	0.022649021242176458
user_bdEJIl22	0.010755948694713947	0.003907192939598899
user_bdHnYW5t	0.04226705994889357	0.01936836217902841
user_be68M2ay	0.030508463302387042	0.013743470657910109
user_beJsNOtu	0.026396623321554166	0.009231750035762097
user_beMac7ks	0.17674002311874676	0.07208988384804134
user_bebiPbFe	0.5515824881265274	0.025026482729876773
user_behFeTVb	0.04554561458755099	0.01637979660655228
user_bfAvAo8P	0.05416090097811901	0.021464834562110915
user_bfBIAKxU	0.03212706196655553	0.012943118786479302
user_bfBdDT2S	0.14573774925801924	0.06401975400908297
user_bfeSa7KF	0.12352139265786741	0.05195447351489124
user_bfuD7PEh	0.05235354168515925	0.020695846205042338
user_bg8bxxVm	0.059379882765881145	0.02543887290903284
user_bgUCqsrI	0.026160434741686014	0.009961287825913677
user_bh4TKmge	0.034313430951617846	0.011382953620373294
user_bhBvSjQt	0.04445348535847731	0.0200686443360008
user_bhCKNBbN	0.3762018882857808	0.022572230316306802
user_bhK4drxA	0.09476786763697773	0.03571271143049917
user_bhnqfpxd	0.013747783761868963	0.004961702837013273
user_bhz0r53U	0.18468442413333797	0.07065353098193343
user_bi6D0M0t	0.41969766121507607	0.020844311943268266
user_bi7V8n4S	0.4724317260706411	0.02864664395379514
user_biCT1FOf	0.037062093937537614	0.016178171871721467
user_biF0YjxJ	0.017539965333742136	0.006141799542426258
user_biFSGQTd	1.1094776628147478	0.03671709550931976
user_biFjmWLN	0.2728125724807383	0.027588811179025993
user_biJzePTS	0.13214961640787126	0.05384905913502475
user_bicw8vHi	0.08822355405659361	0.03259055664951858
user_bj9AGqi0	0.08944513839103105	0.03630218574793196
user_bjC7caZt	0.6593388538966687	0.03118919077045248
user_bjH5NyEU	0.10163825483649783	0.0462859042065417
user_bjUywqKh	0.04739615653370752	0.019322918222852238
user_bk5Nnl5o	0.033879255219646895	0.012635316255622924
user_bk8m3LZF	0.3141577200261313	0.02190836424007339
user_bkChvt4J	0.5079022663764473	0.015395635218397954
user_bkMdTrh1	0.04128121186708428	0.014010602741554717
user_bkfelO8e	0.0752692844435631	0.03115317884807727
user_blDUF3AJ	0.07119859786855245	0.02795135362985565
user_blK1sZZG	0.07033279341792523	0.031103150795065367
user_blNinFyV	0.1032334676487199	0.03989575918980925
user_bleu0Fjy	0.05202609295242877	0.019156962430851063
user_bm7spq0t	0.021554601832176952	0.009204982877189405
user_bmgRiKiv	0.0387770657416215	0.01706288374664018
user_bmqkUrnr	0.050537346068182	0.019901203669605516
user_bmw1v0js	0.026029624312973412	0.009034687675525208
user_bnSFcYAi	0.10521155153478795	0.03859098572962317
user_bnSYIm9Q	0.017542219772301807	0.005559575944885606
user_bnctO2L4	0.06699594160268636	0.028617528439592872
user_bo8HG6p4	0.13790042455943982	0.05924953894365379
user_boDabRpC	0.04354659540632959	0.018023421177855693
user_boGDGF0g	0.06682852958366428	0.024719235020235465
user_boKYO5Vt	0.682913954694837	0.028970312402865465
user_boSWNmGY	0.2884787675508247	0.014626739880549968
user_bodcpm9a	0.4576354758671036	0.015692961953318773
user_bow1zrwB	0.046720254099598804	0.018138526173211874
user_bpgznLi1	0.3011740205810052	0.1298252829316582
user_bqBUjbWU	0.0211012699789686	0.008111225365099294
user_bqGUMo4l	0.027914312476188377	0.009711410137491622
user_bqdQZiq6	0.4014748848647074	0.025515451908603885
user_br1feRxD	0.02621873353838558	0.010821649719535698
user_br83Mqiq	0.05285994637601139	0.020264519251700797
user_brI84ywC	0.07500619809901185	0.028877826325391157
user_brOZaTar	0.04961329718583245	0.020178672897392644
user_brfOkhGz	0.07684983226846032	0.034106355186496344
user_bs1OU1y5	0.0425721813360667	0.01622467251791018
user_bs6kPlFD	0.47501002872959847	0.02587785789258706
user_bsLcCMCK	0.10825897759233198	0.050023705392497904
user_bsYLWMvH	0.0516692067044523	0.02156259993018667
user_bsjr9c7p	1.1132344762199964	0.0495684785127784
user_bskRPg75	0.625461832214104	0.020972040452998778
user_bt3zctxQ	0.05191535545570698	0.01921505132104087
user_btIxTx5g	0.06663759753773087	0.023621611395280556
user_btP8EmAX	0.108443004532779	0.041994648271310574
user_btcCnMXZ	0.02886094323347252	0.010231030994725403
user_bts8oHfC	0.03086634246396261	0.010545853257413534
user_btvkKNMC	0.038099970533650045	0.013222855906412511
user_buGsjqk1	0.03862930519377407	0.013105956669698889
user_buWaqzNj	0.4373930023562527	0.045137584779995195
user_bv0NuyXD	0.2567584525628297	0.09368451638595815
user_bvQfAb4o	0.09642430896958601	0.03812371210481645
user_bw9pI2fV	0.0648863262000822	0.025797270353131715
user_bwMSsx9s	0.015510444037580385	0.005456859692613567
user_bwNRlblP	0.021589909093995715	0.008139128424417948
user_bx0PccyI	0.04243948473092064	0.014765726219748221
user_bxMz9R2f	0.02909280123897527	0.01224573637250075
user_bxplwSR4	0.0626947774130665	0.01926802201791036
user_byMCyhn5	0.09795200272186089	0.039242279803609274
user_byRAoTcC	0.03034199317000758	0.01219742658244669
user_byTk8Ibu	0.028653330066397004	0.009396349846284865
user_bz2rjbqh	0.04008872731531747	0.015673163944515286
user_bz6dHJEf	0.04388552019027461	0.015213499217555281
user_bzDbz0JC	0.031220293800861047	0.01278057365663703
user_bziRj4BT	0.17319374276410446	0.0711465457028742
user_bzyj0W6s	0.011121720122154639	0.003944156359027601
user_c00qSwyu	0.11479911043080665	0.04733457242419161
user_c06hvdoE	0.0161043714885968	0.005951007054270403
user_c1vvi96d	0.060743466685439805	0.02408394878643495
user_c2B8XxoY	0.0875649803862683	0.03959483850256644
user_c2GoTBxx	0.21020457775567336	0.01618542739191059
user_c2o53bT1	0.082851904777204	0.027791455371971842
user_c39RQkBL	0.31687246770405086	0.028124055885814802
user_c3a9FJx0	0.06964356035315346	0.02722371877505326
user_c3iq6cM5	0.009581690365542992	0.0034704396024929753
user_c45w4gfx	0.07864158602092328	0.027974571952372258
user_c4gyI6R2	0.031401336198392096	0.01231756757556983
user_c4zQsWl3	0.08917105982087027	0.03624511517818335
user_c5XcYd8k	0.11481224919491807	0.04699162563208793
user_c5j5y1gj	0.07727674333848752	0.034395059686689454
user_c5tMuPLw	0.09789048562450058	0.036566226685589565
user_c5zeLeDE	0.05416563362352598	0.02493740183042573
user_c61eXUR6	0.09247969311281766	0.041184874823261795
user_c6HG5JQZ	0.015293805051202952	0.005681440774522007
user_c6JOyaZx	0.2538600782772601	0.008476283545416711
user_c6mt5kbR	0.0727543307762646	0.028571735494520665
user_c6t6QHye	0.10702303900477879	0.047543449256058315
user_c75P7gQW	0.3236612989917127	0.020658788244871343
user_c76hkyTy	0.15651473398088384	0.06046386974423943
user_c7OjR0mV	0.020320719117448743	0.00881885871471362
user_c7Q32GiZ	0.07844943723976103	0.024570283859804476
user_c7oRSVp5	0.03508454273493354	0.013647220563161018
user_c7wui9ej	0.032726856519421824	0.009590331244568838
user_c8vM0rN1	0.06571136845633131	0.029220263002616174
user_c9YXvYd8	0.026440507343755137	0.01000131382929961
user_c9f5qKG4	0.4176175546547874	0.013906487940707488
user_c9phgLtY	0.05562922151986323	0.022072196375351162
user_cAPYTTcg	0.06253479844339685	0.025126516390627823
user_cB6AC1pV	0.05769832180021518	0.022676028234216265
user_cB7BQ3NH	0.05926587579814174	0.023318953742656363
user_cBcH1gqz	0.1216930252544783	0.055744322810320004
user_cBgevzXt	0.02734261390999769	0.009415744683485097
user_cBupAYgJ	0.03311715970186768	0.011931182537781831
user_cCAvBd8q	0.029751988643446692	0.010333279399612028
user_cCaYQDGz	0.027911581931578278	0.010634448644993242
user_cCfIGeXS	0.0041483262360545265	0.0014905243637083935
user_cCxg2Mvl	0.052729922785775894	0.019930822987170218
user_cDDSBQlL	0.05522867673809562	0.02374640536480101
user_cDFcylXJ	0.03306169185164795	0.012946164167262087
user_cDUF9wh3	0.10154569484723007	0.04292530099013029
user_cDboiVcs	0.021622038420321447	0.007241215877761001
user_cDjQcS4O	0.019391571626915006	0.007311779876201692
user_cDvRB3hR	0.024692584584841942	0.009704608550627884
user_cE0jkoOa	0.29289530998485414	0.017491406674344834
user_cErBdrcb	0.08307910773267067	0.030165734791222833
user_cEvU5M1B	0.4258266029255848	0.01451801668475926
user_cFphSgl7	0.9458987956191617	0.027382432858696078
user_cFrbZeFG	0.280865042837572	0.017609014253189892
user_cG0uZeOw	0.017211278070049067	0.007498771451088283
user_cGKu9SIu	0.16288561601091056	0.058119566378658824
user_cGwO0j26	0.011415687803104781	0.004267374904461622
user_cHGGyLI3	0.12121175869906528	0.05118929517830593
user_cHdPRAGO	0.4182247653775902	0.02282910883755081
user_cI4HOYlG	0.07395853742670869	0.02533313420042867
user_cI4orChm	0.03651242576710383	0.014435887566715775
user_cIelLWqW	0.03783879406429892	0.015292175616024419
user_cJCLviFd	0.06853865398565273	0.026101759580307016
user_cJDkiW7m	0.01584601425576141	0.005534222888138119
user_cJG8nsE6	0.03249138887983144	0.012551279607296862
user_cJLcwdJE	0.015751074473162905	0.005725508104391418
user_cJZuK4A0	0.06671988688617696	0.025196841947648853
user_cJkDG03M	0.15681718665720046	0.0654859964408913
user_cKHIq5Sd	0.030587247819642477	0.011040908508102142
user_cKO94xaj	0.014072680314278017	0.004971024325891577
user_cKWmRlTj	0.1872794009779803	0.007668176142418963
user_cKjIk4Na	0.031799586494348865	0.012738594658641824
user_cLFBTE2h	0.060010719042128985	0.024425295808779744
user_cLNx6VVx	0.28667722708771054	0.025752355579686706
user_cLOdNx73	0.05579340848530514	0.020905296865462067
user_cLYps105	0.019113251695069503	0.006474386623861445
user_cLeCP2YL	0.029306712196562498	0.012152240914810472
user_cLefJLNa	0.03476628560463588	0.014374693428105175
user_cM090OH4	0.027322864691278044	0.010219920173025221
user_cMCBUbLz	0.05818317657494743	0.026697766209447218
user_cMSPCZu7	0.029759737429073306	0.010143213807585566
user_cMqsz7fJ	0.9287490850486105	0.05651959338442726
user_cNLZrrCI	0.030642342558764125	0.011520393969117491
user_cNRrXZgb	0.02382989664046748	0.009882356829860897
user_cOSJ2SZs	0.09691591444788565	0.034356465596265366
user_cOX64y4b	0.05752346415014375	0.023837914413324203
user_cOwSPG40	0.01932438398977067	0.00711495114173434
user_cPJ6Ojai	0.0717600657773932	0.02898027276009362
user_cPL83O6C	0.01760880356739093	0.007717068249682605
user_cPSpIUe9	0.007975699790276795	0.002934662435481826
user_cPfThpff	0.2323421055090922	0.10525367620664625
user_cQZOY0hd	0.049636082194567444	0.016510143337553563
user_cQq7DAHL	0.13265690678547604	0.05295329961923722
user_cR2zhzV5	0.056185998813293794	0.024175638831323887
user_cRQllTcQ	0.10410521652146548	0.039725777028548126
user_cRvdRK4A	0.006957450544633953	0.0026684459077000867
user_cS28DQvE	0.24955212102120086	0.02135881548389152
user_cS6ditZG	0.09095636303355362	0.0350456301936814
user_cSAcAMrx	0.03214615110312419	0.012829120690810976
user_cSVTs0bb	0.4749657558813064	0.19280290113839124
user_cSaPFOwS	0.0026888371460848486	0.0010023979880986224
user_cSk2Y36W	0.11559133847288747	0.03641226809593276
user_cSqdrOPK	0.07169559596651806	0.030615151193419236
user_cT5FhEHJ	0.06879779855529577	0.02352764004316939
user_cT7SSKN5	0.08294800875082103	0.0358115605450854
user_cTU6MST7	0.030726700710342426	0.010889478227577395
user_cTk5DNKe	0.04342253576663031	0.021208984887418993
user_cToV8CxL	0.04618494714385988	0.01600832965070196
user_cUYMQogc	0.010533101399834467	0.003729815848017582
user_cVSrxZsM	0.3043494211649919	0.016854171191492334
user_cWKRj7tU	0.042374012028832474	0.01722351597216469
user_cWVrVqDJ	0.0511577716115271	0.019914150878115922
user_cXKolLwo	0.0825573898744626	0.028204126585842412
user_cXW0WuNF	0.03869935605245309	0.014056588465419963
user_cYrRSLA6	0.013127893478570643	0.00464521895666851
user_cZ9d4Gc8	0.06602533486866036	0.025669124084571133
user_cZH2qLOX	0.02453283519859356	0.009050199817564776
user_cZU6AMHI	0.2684252807444402	0.01170605094743219
user_cZc5ySsF	0.2904293352321304	0.02044476825523384
user_cZixzFMu	0.08911109634544162	0.03193354273306378
user_caAMBwkX	0.05050791140012766	0.018625346167127653
user_caHIxYpW	0.017184779382952528	0.006460555639154593
user_caOSFYFB	0.6876631495279275	0.02796783793394357
user_cakRNsCG	0.02273196339994162	0.008555499702494784
user_cakcuuYf	1.0163604050714354	0.0507021345060168
user_camhDiJm	0.021379985112251046	0.007929943552402688
user_capDiSrw	0.004989716670620099	0.0017944942963011566
user_cbV6TtYO	0.02309992287398037	0.009975898366035693
user_cbmLWiBd	0.3161897508007632	0.026668388907212154
user_ccXf7g3k	0.008381788904508553	0.0030140484997774374
user_cdAOeXzi	0.8969659488643428	0.04569755182034929
user_cdD4pOrt	0.08035794639294579	0.028529584891509016
user_cdHvureA	0.041348744055362305	0.013983557883907337
user_cdQ7bsGr	0.049774768027969554	0.018161557785126466
user_cdRwMf2G	0.7541832682033892	0.03658050999360106
user_cdUqnluk	0.0675787797659537	0.027463458090067557
user_ceZh7fci	0.35088368578165924	0.14256065772898335
user_ceduPuLm	0.01654337472095331	0.005708974066598554
user_cfGb4e5S	0.03799437506937199	0.01662726162568798
user_cfbibkQN	0.034195997092524105	0.012060663107878688
user_cfd7urjv	0.0746576577639067	0.033558599463779974
user_cfuuv3jv	0.0034440676939000436	0.0012799674066514674
user_cfzRe9dO	0.06315418565392084	0.025639275138823595
user_cg5nu4dZ	0.03700506016768146	0.012990639719311095
user_cgMLUSGe	0.3058358060277218	0.012452637014050786
user_cgvhTiBM	0.07190981870318035	0.02678956060537395
user_cgyRYwZR	0.02959190478367793	0.010303781413125103
user_ch3MdLec	0.040667356914994165	0.016486861006180232
user_ciDJlKWH	0.006574572472788387	0.002456621698342711
user_ciFKNnSS	0.11371205674354351	0.04740606650199503
user_civrsyvj	0.07921601133481129	0.02738105735902279
user_cj2IRTR5	0.16133229016762585	0.060931881174550034
user_cj5BF1KT	0.11725409975127365	0.04392304722545803
user_cjH4RA80	0.02368691298230461	0.009249924475944905
user_cjcSsd9p	0.04052953164538117	0.015318088110595091
user_ckJa3bEs	0.04795380685529267	0.015340783298351434
user_ckKdrQBH	0.011670548774603728	0.004212645330951765
user_ckL00HKv	0.08406739103895172	0.03321901101366565
user_ckgOX3wa	0.06811670973041865	0.024565465447677105
user_ckhBtN4B	0.0383707632036205	0.01415777583124112
user_clGvhH0x	0.049383356612389295	0.01737407167298015
user_clbMYGzD	0.12277501634033576	0.05766095556779429
user_clc9blsw	0.5384815759695246	0.029084841741683486
user_cn3i2H2m	0.0964400781134055	0.02977946072682004
user_cn6VYnin	0.04426617799968495	0.015460931556965816
user_cnYKwzcg	0.25610482316372163	0.11075402411248852
user_cnmAevFF	0.06620083550584975	0.02509238887198939
user_co5uJtpK	0.02903448591639464	0.010332261390705654
user_cogzQEmq	0.04831106701981461	0.015485360945096277
user_cp37h8UZ	0.028545852992885288	0.010054770148168853
user_cp4pkacW	0.02636616215723691	0.00979090234410851
user_cpIsFHPU	0.05984132039937816	0.022996354870227324
user_cq2N07uT	0.38055725732020446	0.03005607499812429
user_cqJ8n5bG	0.0159634863004937	0.005789601734003265
user_cqV2MgYQ	0.11030542185983738	0.048875875196323484
user_cqbBGtdY	2.4079456084922297	0.7759142628330676
user_cqg484Ib	0.042941779635615435	0.014838143747381878
user_cqvdGj1U	0.0639302858195374	0.026002325085799555
user_cr0bT2ZI	0.08923406063294953	0.03462960306491177
user_crEF9MIt	0.17524648019830735	0.0711596322353787
user_crd6i7vc	0.009560437804539135	0.0037732820046810374
user_cs3CBN4L	0.1359070409323891	0.05842280841974613
user_cs7RZA48	0.03415854075927753	0.012392423482222793
user_cs8KTlHK	0.09162000637013293	0.03698583546055233
user_csOZht7B	0.029478342959490422	0.011792660163223827
user_csnDLgTL	0.06598812573720264	0.02462556863412888
user_ct7RxuOL	0.02912642586103377	0.009307380915300405
user_ctCdevdi	0.023500244796779007	0.008567575969581067
user_ctanhnKr	0.06868175893637557	0.026949422970802692
user_ctjiy1UH	0.01767494391879657	0.006208156831750828
user_ctoLbb2F	0.059203695023315975	0.021649297012779394
user_ctpc1znv	0.04679155984776484	0.017113804043038
user_cu3iGkeR	0.37083996045745915	0.03295141729868128
user_cuR2sp4H	0.022559893754296494	0.00831196725959583
user_cuTtGjOu	0.03629252035748176	0.012521623783303099
user_cuUBNyy6	0.0960642805802333	0.036537741870234425
user_cuZEIIfv	0.05049303132530121	0.021233140131618516
user_cuaRn90Q	0.005588541428949399	0.002037264039108462
user_cuvbhPLB	0.03281236405854149	0.013354314274819182
user_cv9KPewW	0.06911341983718233	0.025006931783772553
user_cvg1YPzW	0.03120181721030999	0.01409617191658165
user_cvwNv1Xi	0.045084438529087015	0.01791934688362527
user_cw2gABn1	0.014272375968758182	0.005221067467139588
user_cxHy9gER	0.04041084643981822	0.01340394523235808
user_cxQ6XXFo	0.6565247221951099	0.029951415933963426
user_cxng6Rli	0.09641326248462606	0.034722354054056506
user_cxqw6Yed	0.5856422244043464	0.0169114946630923
user_cyK1PBQZ	0.1710573084382033	0.07300003881197648
user_czE4hC0h	0.0357241554326734	0.017041731877339015
user_czLGhZim	0.25338400204711414	0.016035985941255135
user_czPVWB9i	0.07760160346964358	0.03276062816596112
user_czVMSqpb	0.01808184122193717	0.006415081019670591
user_czdaI1iY	0.1731410588537217	0.06894672068229594
user_d05HEtnB	0.0708150223192927	0.0272553118446281
user_d08Rc8QZ	0.06233515722197169	0.020862633336196028
user_d0EIQErc	0.04791695314058436	0.01977844259865682
user_d0FmZhl0	0.025541895801789366	0.008553150142303966
user_d0ng6dhD	0.10354880278460987	0.039690119790116586
user_d1hLN319	0.0623072278032798	0.023354289203828836
user_d1ns2XqB	0.08022995940896671	0.03263481905246461
user_d24v9JiS	0.49457598563770677	0.04319614566463764
user_d2MAml1M	0.02781810757039752	0.01282303594965525
user_d3FGXLlJ	0.06581605887840118	0.026609492597570544
user_d3IAzc5A	0.0668744670590355	0.024290730478583763
user_d3UcMDSE	0.7072197942694964	0.072607351098305
user_d3v90V95	0.11483369385016434	0.04151707026311521
user_d3w5HWdv	0.06282621009824096	0.02297890205373116
user_d4ZvsWsj	0.02619001429545932	0.009814153366971359
user_d5QEMhnx	0.0669496161255183	0.02630823173371406
user_d5nvNxq0	0.019284903922070065	0.007315847345360302
user_d5xuSjJ4	0.06259881150412709	0.02460214574563632
user_d67HWDnC	0.1797175561798628	0.07986140100516502
user_d6MtfAxj	0.37830118520618583	0.02213878045009608
user_d6QaZL0f	0.0895094648625474	0.03806415065774922
user_d75LHBPj	0.04650350059638929	0.019026975130964064
user_d773nFY4	0.38390014769278663	0.019217702452648897
user_d7KLpK6Y	0.09566231244796095	0.04266393471821156
user_d7N2pdwK	1.1848335409291186	0.036358447740385755
user_d7qoRzo8	0.03810910229704732	0.01587357990990318
user_d7zV3d2T	0.16091494572037196	0.056085354147900696
user_d8X6bZ0B	0.20243271787154554	0.07719103269634468
user_d8XjdPnI	0.04293304584928602	0.014726217425226838
user_d8aWZutT	0.0795861360730705	0.029064645125510675
user_d8jW3O3h	1.2196063717181964	0.0824056863558224
user_d9Z89orR	0.011867986178450998	0.004268325177923348
user_d9h1iWw5	0.004904625480540575	0.0017899374961282692
user_dA6ifjKF	0.10083173634459701	0.03628334818558957
user_dATaw3lj	0.02357165137435654	0.010033635784799926
user_dAUiNUZ4	0.029979494014192587	0.008719428602339646
user_dAZbN8YZ	0.05431793256306939	0.019341229475241587
user_dB28gv5t	0.0136077156999116	0.004887840871378399
user_dBWeECyl	0.028299331844589104	0.009777848290271647
user_dBXtUvA1	0.11308110760531956	0.04789572868219863
user_dBdNnhG6	0.09142928435303917	0.04265886975510797
user_dCX4MiNY	0.2077949928352531	0.014430774368569507
user_dCX7M0UN	0.04858576303414616	0.018964071146312985
user_dCpiirxo	0.07876203846033969	0.03379473855601131
user_dCqwd7am	0.43380271653334596	0.025268453637077228
user_dCxKXh0z	0.052145832279910466	0.019814003366565386
user_dD8YSpKa	1.142028418777184	0.09226583457874994
user_dE2CFEEO	0.03338766059306644	0.011993186037436472
user_dE41MZkN	0.015125854380911755	0.005482562398181762
user_dE9UOrF9	0.04472244053768963	0.01689858431949895
user_dEENy1ln	0.04951193678407366	0.02006950328389012
user_dEG0DMpW	0.08223327737912439	0.03541749790853093
user_dEOeIMH1	0.04049963765820857	0.01881829203742167
user_dEQ7hlN8	0.018676433400488204	0.006599297336753766
user_dEWItgfy	1.1925405995585023	0.06189068085938401
user_dEX9fQIN	0.4838905280161491	0.031878814528262016
user_dEZXO2fe	0.053043776409111565	0.0192994782559758
user_dF0RunD2	0.02693035232401004	0.00972500707585324
user_dFMXtnZD	0.21636238692618048	0.012174622843905013
user_dFSUqNT8	0.07863315421821661	0.03191307914022087
user_dFSw0flF	0.43940391172556276	0.04718816314360499
user_dFfEMjug	0.014414575937094363	0.004901070089736445
user_dFoX7esI	0.08878727029597129	0.03394260545390744
user_dGPaiLZN	0.6199621427952567	0.02873681790852721
user_dGXRHovl	0.6083506975617695	0.06550362632887323
user_dGd310PW	0.07293463665075203	0.02963273332200645
user_dGeVv22c	0.07203710245717075	0.029262313146967717
user_dHH1yhCE	0.11759197164650732	0.04031017242232466
user_dHJlSIHV	0.4657412832945934	0.02221557084447481
user_dHVqSxQQ	0.46164213835243023	0.027377313504537395
user_dHcKPE3x	0.13659654006622854	0.0571708578572589
user_dHnSFLc0	0.009018303848575769	0.003080370478669743
user_dHvFcxow	0.03332500343273255	0.012899613279042918
user_dI3j90SW	0.028762237198407405	0.009962939763473759
user_dII3rFBk	0.03970263270098376	0.01387803979781366
user_dJ12BhTh	0.02544345021425045	0.010684564322193562
user_dJEx1JH1	0.3503029199718301	0.020890444954235008
user_dK2VjjE9	0.3754889201834749	0.016495483906866455
user_dL1bbA7P	0.07435997138724927	0.028000569818625302
user_dLMAEj4X	0.6807544643803777	0.037996342983476726
user_dLWt7mfo	0.1158655145968514	0.0466794902608219
user_dLrX6AmL	0.07708054673813126	0.03293262516094544
user_dM4yXwZS	0.025758450584485337	0.008787387041019702
user_dM6zG93S	0.011409480187688045	0.003981940634530872
user_dM7MPU9h	0.21881512658752822	0.008244589637551914
user_dMEjSFZY	0.17842237557918975	0.07145229911552581
user_dMIh9p3l	0.06609116438619106	0.026279954823225822
user_dMIklqT8	0.20613393869347985	0.06883144139575784
user_dMLOgjbi	0.14734507807334157	0.059993557279495235
user_dMspARwU	0.07459365399484312	0.030421379732787822
user_dNH41oW5	0.08263716272676573	0.031812287388954606
user_dNPTScqT	0.01387530499959326	0.005078089868658247
user_dNgFylDt	0.0388297594036946	0.016861998921779326
user_dNjq1DlE	0.022927381650510007	0.011023625040167484
user_dO9RUcJ7	0.028557473459667727	0.00994545455470487
user_dOBJempm	0.8908621888907926	0.036613290400816664
user_dODdGLwO	0.48439004930585705	0.04169397530372287
user_dOUA60Sy	0.019840342819299615	0.0072554342479942005
user_dOg2Yx33	0.03987637483673282	0.011885969221154482
user_dOtJfZcQ	0.5288272306656577	0.022363985491397186
user_dPDk5Ep3	0.09101495621601224	0.034512198221425754
user_dPQz2APU	0.11195122725978308	0.04208769889754747
user_dPd3I1UP	0.057056589506738295	0.022100017487279678
user_dPh6CE5X	0.3485083589762637	0.020229959923902006
user_dPiqLbrt	0.03738325550157419	0.01635392783210124
user_dPkRSdje	0.03178104323921586	0.011839090797716405
user_dPnvROjy	0.020365184578891048	0.007667181734284118
user_dQES0dq9	0.06438144443801368	0.023503716127157508
user_dQSvNRxh	0.051934079726067346	0.019947666419938035
user_dQsfSOh8	0.00849046094038471	0.003003938841664953
user_dRBQsCzm	0.39116203788133286	0.02569458182605463
user_dRmdaqjd	0.020382325979302344	0.0072717708433357835
user_dSDxNkOD	0.0990291313538251	0.039829140577927205
user_dSHKlb6c	0.010383225880314139	0.0037853810238475997
user_dSgMbQfF	0.05790649320329266	0.019252260694515227
user_dSpRI17b	0.11208564965287307	0.03259752011379117
user_dSy6wvbF	0.14325759077775407	0.004333016701368931
user_dSyvwqM0	0.023393585500356688	0.008692204039813346
user_dSzb7GGZ	0.046908820409251685	0.018262394349841476
user_dT12ak43	0.4121585510619732	0.015185385517798149
user_dT1prPi1	0.05272377185032483	0.020786725977274805
user_dT781JpY	0.021722121462850075	0.00927432310801868
user_dTKQJkDc	0.04431176100796963	0.014807304898019834
user_dTlURKMB	0.06119746363625082	0.02388524018119115
user_dTqc1Xdh	0.1100227785317373	0.050182917997304684
user_dU9kH9df	0.03262801337458426	0.012293610555733777
user_dUC31Wcl	0.03664622487527314	0.01455313410092992
user_dUOF25W4	0.025050108786687595	0.009733311729739302
user_dUXJ0nkJ	0.03957245413870886	0.01727983774478072
user_dUbW9ED6	0.03598453482574926	0.014858500923591159
user_dUj0wXvf	0.6891630956107111	0.2892235092305184
user_dUwDTLf7	0.011065045023481206	0.003879578780177496
user_dV1zs4c1	0.5405886636009817	0.03235706633192151
user_dV4m24z1	0.11042412234345245	0.042163185697499654
user_dVnuLmXs	0.03557363497175394	0.014232373940938285
user_dVvKJyPk	0.1229553438631158	0.055389292352078574
user_dVxjTzET	0.007488038306852983	0.002661554353686835
user_dWfrcGM7	0.04168798977200015	0.013863016751369856
user_dX3X9iCs	0.020369785395608506	0.008212456637633729
user_dXFz6Mkx	0.052026307807055	0.018962224177665712
user_dXH2wJAg	0.027206624521682148	0.00956218549935424
user_dXnB44rB	0.02704273683808691	0.012487961354846857
user_dXqPbIDX	0.029869301291164795	0.00965458791613059
user_dYg6E6Ff	0.15167723771328673	0.0707577123622179
user_dYm37EbT	0.04961722181832341	0.020072015224757413
user_dZRMiaqp	0.3604685628824844	0.013117462544471313
user_dZStVszt	0.011571580280289206	0.004089800554444289
user_dZUHYMHl	0.02310200945091151	0.008387492878584923
user_dZilgMBZ	0.17376025648183513	0.07965954814314127
user_dZqhEQjf	0.09172072214562942	0.03553553895535947
user_daK2KcUI	0.07145331067312355	0.029146816086357417
user_danzhvFZ	0.025327407370604738	0.009379454346520207
user_dat2CgVB	0.06266651472427687	0.0251307296992433
user_daxkOAY4	0.010346814743586456	0.003632201672344661
user_dayUyB4i	0.08889105475357907	0.031247327145811618
user_dbB3sB8C	0.09922409488711446	0.034524684493567936
user_dbXbiChM	0.020777054005519616	0.0074309089502494876
user_dbe5T6CW	0.07561965755425017	0.029748785688925944
user_dbzK15AE	0.015618797326436805	0.007053240739285525
user_dcAjgJ7I	0.06735100309982008	0.025883325425244144
user_dcbmGewt	0.2053252594756189	0.06815400290041702
user_dctBraVz	0.050302228100684396	0.01805253169143899
user_dd8WRJA1	0.07236096104568912	0.030821937940361758
user_ddNrCfFZ	0.06406660910566661	0.02306662655229994
user_ddRPRuDG	0.04580521348589047	0.018690004928306192
user_ddjcnSvO	0.9182031517604984	0.026847842617271387
user_ddvdFIMk	0.0740313395424052	0.025192289942520325
user_deXmim3f	0.055586980759997046	0.022023798839693402
user_deum5ppb	0.07677178258150487	0.03237872328830128
user_df3fuQKw	0.05082573989697165	0.019949857009536748
user_dfi88H7m	0.03492314731251621	0.012096603291932592
user_dfrITxYL	0.04945585023485561	0.019214337255741145
user_dfy6er18	0.04662252408786887	0.0181847212980696
user_dfyXeEPi	0.01485459153554728	0.006725779382876573
user_dg0EqBhc	0.07747025634292652	0.03416122392936858
user_dgZKw72T	0.07695132898124364	0.02995753122807175
user_dglNDAYv	0.43441920430343783	0.03504604374792839
user_dgyu9lIo	0.23235446776045693	0.013931080567969012
user_dhHfeBAV	0.00636505079581637	0.002255396496773368
user_dhMPLpce	0.05049045085736939	0.019095463142125815
user_dhVkUTOf	0.1093997775017796	0.038499530018008814
user_dhcJhZp3	1.0714167972226958	0.03916815281855143
user_dhdJMCcV	0.046334785847364154	0.01461724316631118
user_dhnCIbR3	0.3404264369382115	0.02461275557637391
user_diVN7qJl	0.06954934606736354	0.026661644715520492
user_diy4493M	0.08949471265134365	0.03335500443211445
user_djFql9ch	0.4418441733020494	0.01722435027000411
user_dkCcRSMy	0.04218561814968246	0.015625756535719085
user_dkqDxBF9	0.06089745932575609	0.024527699026328047
user_dlcXPUKn	0.4424161832456456	0.029137410437608025
user_dlzHZ7A7	0.024365044204006578	0.010265877703411835
user_dm0qQ1bv	0.054980242627270914	0.02239877711966454
user_dmtgbT1e	0.01382757881787798	0.0051010449774066
user_dn08mt9f	0.03067051977347257	0.01215584107496384
user_dn8ZgLFx	0.048128069357417494	0.018056894768430743
user_dnCIopUb	0.021725150743978936	0.006946782033817152
user_dndYl68V	0.03376664623681351	0.01329784357760876
user_dndf78il	0.8915981191095615	0.38684255226597014
user_dnl98GDW	0.11534025162558766	0.04706672526584981
user_dnqfT8Ni	0.0614731330193735	0.02397858636727342
user_do5alZGE	0.04376182553404892	0.017262124810231715
user_dorD5RDS	0.018762339974032614	0.0067029537701281715
user_dowNLkkH	0.012850063746426329	0.004608722118921319
user_dpPZk91D	0.00955415757732793	0.0034797725933214283
user_dpRLo4oP	0.017598320977789315	0.006245276072887205
user_dpmJnjrl	0.0538167424747615	0.02015145417120426
user_dqQ8VFR9	0.09286935116906798	0.04275619708720664
user_dqTcFafa	0.07244165520985847	0.024731242113138534
user_dqgNWkxj	0.055077295504956984	0.02503167565829534
user_drF2fxNR	0.2618240158245819	0.1114854778806392
user_drMTlfyr	0.0534369130589311	0.02461105825829724
user_dsfobCre	0.07548937485087705	0.028183860196516208
user_dsjOyRn9	0.11731097647200053	0.04883639014882295
user_dsr64sMw	0.34741762605026705	0.025744570329909476
user_dt9fZTiU	0.14528170122782277	0.0636064980384434
user_dtx4cVha	0.04055348711060479	0.015715604807670487
user_duoIa6wu	0.029187935608953774	0.011403558195646906
user_duu7tcTi	0.04541453342647056	0.019137876625325543
user_dv15wPcp	0.010604213510760567	0.003672790161846899
user_dv6ZJkl7	0.0360607684047064	0.013620017854281616
user_dv7S6gby	0.4978454938827866	0.03370847983035442
user_dv8H7rFu	0.01797237124130937	0.0066805919212332586
user_dvnwFeI7	0.05235455807823937	0.01984702274642214
user_dw2sIRyP	0.08382850331438937	0.03368666488548802
user_dwKTn193	0.277064386424154	0.013034585721566743
user_dxZYlXCM	0.065979165468157	0.0251525448475856
user_dy68kWVU	0.041672645957737314	0.011992448849353833
user_dy8DYXoT	0.2506971581737556	0.09437261557937432
user_dykh17ta	0.03432627154938433	0.013094337508287316
user_dymx3Sdl	0.04314071553607021	0.015696023695737218
user_dzETKqf8	0.04506980850236425	0.017436760330469266
user_dzEiMGL8	0.024425836369427297	0.009091328845667076
user_dzEw0jm9	0.017280057380683604	0.006471863707489059
user_dzNsLg09	0.07586263592218688	0.02799776859882716
user_dzYGzuqJ	0.05747309696071709	0.02019731745079199
user_dzdjwduD	0.06154033223251361	0.024641294845886275
user_dzhScSye	0.022113096830053098	0.00923566834454301
user_dzv1mFol	0.05174249850233983	0.02108077934784476
user_e010Igsd	0.023285863765904538	0.008651772826975304
user_e09agXPI	0.035283513245877626	0.014738513044470469
user_e0Udkn1d	0.44964988586603283	0.036956704904860735
user_e0jPArDW	0.024521099619738945	0.0090808890942631
user_e0pJ9px1	0.033004150009346034	0.013229226016370142
user_e19JrBEK	0.023472850663786453	0.008361082761970232
user_e1AtgxbW	0.07653808216153404	0.030685331467536704
user_e1NmAWqE	0.06271937862934131	0.03096559102330632
user_e1cJX9Yl	0.0717683847716471	0.02524764413213317
user_e2h8nWV6	0.014967400446643339	0.006795876511528435
user_e2ql5z4e	0.4872571720383383	0.02724659621794741
user_e2v8T1Qk	0.392291940018699	0.023179069596210362
user_e394yv16	0.07923261853670932	0.032050719083159686
user_e3HqryFD	0.3093861303828452	0.13857557988288793
user_e3UfhcLZ	0.08459959651461771	0.0333068891983275
user_e4CH4VHr	0.5332636358691698	0.016416090552314903
user_e4e8KSlY	0.3055689263628083	0.016907181117226694
user_e4p03miF	0.07528527503916738	0.03011018489542971
user_e5FdoaJ3	0.04533713387844006	0.013563263398515048
user_e5YUpOIg	0.03747107280458732	0.013329624989398743
user_e5vuGaP8	0.04607060692229832	0.017205015370237487
user_e65Ba3Y6	0.015535508151675915	0.007016020797504047
user_e6CFXk0X	0.029529790224137167	0.011237066005378469
user_e6hu60jb	0.03580099960219913	0.016011219944431363
user_e6scwVOn	0.017155978188470505	0.006272727803826088
user_e6z3o7hk	0.10981884794601202	0.04562824982268805
user_e76TiOPe	0.4643725240765358	0.02519573806402317
user_e7ICU5VS	0.04667168286794379	0.02240940093228357
user_e7KqOGbY	0.008344565912226135	0.0026860878299348715
user_e7So5OIz	0.06849933072445687	0.02648972821346849
user_e8AmdTle	0.08319782964721616	0.035928039694936915
user_e8TFqsU4	0.03249699583668707	0.01317867642386341
user_e94etrqD	0.21827495902387542	0.09416159972787613
user_e9HoNk3O	0.05118802408069999	0.018769123951467306
user_e9dbEhH1	0.023591366837762938	0.008661495871699105
user_e9fKmPqf	0.09145651951087423	0.03037054811443377
user_eAMBFwEC	0.5592034578965035	0.24397834609767236
user_eAXiCREA	0.48370019724472885	0.036034217589178616
user_eAZ6Z4E8	0.03976379083444391	0.015475053653027189
user_eAdNyyxN	0.08823936572137983	0.03871335025602044
user_eAlmcgf7	0.016733098208275954	0.005980591852611272
user_eAnY49sn	0.028302577441882304	0.011170978234439199
user_eAvdCrjW	0.5029592075008417	0.017455928687976466
user_eB8VKeUb	0.050220621709749384	0.018100274739554008
user_eBYC6JfW	0.03539903959936709	0.013464315679068467
user_eCNeevHU	0.56804290148561	0.033006571987613406
user_eCOYtdLy	0.44442307710851026	0.01564783473382366
user_eCWkEXbq	0.033213573488873036	0.012881456727930308
user_eCXBo4gu	0.050274173314503	0.019864916029182705
user_eCawlEFe	0.10136768163114805	0.037672314574049154
user_eCj9i5hh	0.025063788214192834	0.010497234808127478
user_eCqT97z3	0.02728428625410376	0.011153728084056479
user_eCupKN39	0.030162795505414133	0.011188319759065406
user_eCvjdhDn	0.03279498877721089	0.012954775490522461
user_eD4jocQC	0.08051333625337576	0.028792272761255015
user_eD4rmT4s	0.013725102201203637	0.0063796579253429546
user_eD7xSo2w	0.021442053620825574	0.007840125689795103
user_eDH33V3E	0.30745140355289374	0.010402705567713628
user_eDRfXiRA	0.03319169844389164	0.014228506201475553
user_eDeRPeEO	0.03006052934411157	0.013547540999132395
user_eDf1j2Kh	0.02767971805108202	0.01015182971689162
user_eDfpw7Gf	0.3935574268558455	0.030285620954750223
user_eEhSk83I	0.031802037080749274	0.010680035977049187
user_eEiduPtA	0.02965660965841682	0.012186841263450965
user_eFBouThK	0.031600844901367775	0.01173617452581707
user_eFipCmuk	0.011819941331746388	0.004409511460743253
user_eH7bNzcS	0.026062119076709692	0.010602282765560666
user_eHMmDYlE	0.2465553005599759	0.010246220516302114
user_eHkqW8nV	0.013961333453263561	0.005115734817119039
user_eHtv5PC0	0.04894537339021811	0.018184829276223897
user_eII5qmbF	0.11652877382298106	0.05074351343507196
user_eJ2YfHyH	0.024091613307133233	0.011483089034117792
user_eJGzjEu6	0.05102133688558687	0.021239006191386103
user_eJcgLSZB	0.39165006030175614	0.014077493414067095
user_eJelg8aw	0.044435097811754004	0.015493509191812381
user_eKKC2U8l	0.01819075183138502	0.006205191004162447
user_eKTERHGr	0.016958588399044735	0.007407149402361634
user_eKeGiWaf	0.11413035598521665	0.053484651117244784
user_eKf63Yeo	0.10347512504275785	0.03815247329581465
user_eLEmCWjH	0.01836065697485538	0.007434959467892365
user_eLSwo7nY	0.12945440298892902	0.04466629500677345
user_eLrKVXBR	0.03853273560535805	0.014299657650119783
user_eLrLe78U	0.03192685235174615	0.011848865971455012
user_eM6V7Tyo	0.02853029390950304	0.010708986832141783
user_eMLbO1eS	0.09235468018301257	0.03575446333926063
user_eMMEqxUC	0.088855313329669	0.0341855154242951
user_eMOHn4Kf	0.023845196847491756	0.011374859552067363
user_eMtECYlO	0.05788638421032605	0.02284156952796301
user_eN7EOirF	0.07307764053284466	0.024845550040967956
user_eNCCpG0T	0.024972022592983874	0.010144052843264187
user_eNaXo1l7	0.019966136722295136	0.007085184320262773
user_eNluPELy	0.01966308050926434	0.007110825142524548
user_eOPfQJbp	0.0759990830326141	0.02544321847306656
user_eOvbjtxb	0.0816688713737337	0.03380348405088475
user_eP0Imj7w	0.1433807278299151	0.05943294867283592
user_ePDXD2t7	0.5416910315023886	0.021832276667589055
user_ePI4booo	0.08014487407196991	0.030999857780790143
user_ePNFcntS	0.6527171415536297	0.027606330254005478
user_eQU82tnd	0.008990507504244925	0.0033001163697995812
user_eQoC8Xmi	0.1320930240187658	0.05290525543738555
user_eQuh5lAH	0.18141029122843544	0.0834546982480558
user_eRDKuYbu	0.13241084992262975	0.0537698071862072
user_eRMUyVDH	0.16548627000861552	0.07652958595350148
user_eRWHlb2g	0.04673322700427819	0.019033897805374362
user_eRiNfWVb	0.39383105592958434	0.010235445280651168
user_eRkHex2u	0.045518198456006	0.016579109483719462
user_eRrbGFve	0.027925986669136784	0.012754846577704397
user_eSiQWIz8	0.083601734301458	0.03003802372855813
user_eSlAQfNF	0.2588171485659229	0.010068696779385803
user_eSn04wi7	0.1074989131426359	0.03445064015402605
user_eSpznLie	0.033337374489622436	0.011716841358500677
user_eTClaZTy	0.07132441778726348	0.030419189248202937
user_eTL98crd	0.4179192141098135	0.02231817549936125
user_eVsI7TBm	0.08360556506685436	0.027030897980296665
user_eW4w4IPO	0.16764977236648615	0.06691275854138533
user_eW5NgNh0	0.03090906366944694	0.013774937414284818
user_eWRGnlqk	0.021199683463956582	0.00754790420520211
user_eXFHFbtT	0.08902974314041821	0.035856887398372624
user_eXGrNhGW	0.46522361187264244	0.02727497173198379
user_eXNi2dqy	0.09127028145729804	0.03990013839906403
user_eYF4LHHo	0.10020086647734745	0.040727243828330845
user_eYZH6qlk	0.06984541091895335	0.03204411490412428
user_eYoRDXM3	0.09219954196243116	0.035336437195450945
user_eYzNOrwJ	0.08226795468960557	0.03798430004491985
user_eZaBXCdG	0.06722610671518503	0.02721820681280561
user_eZcR3uYh	0.32870474737616134	0.12795308621265694
user_eZcp0Hx8	0.05639732762691404	0.021431314047968535
user_eaZus1vY	0.04808487667400571	0.014701533246229359
user_eauFRyZL	0.0943063015095151	0.036001447125372545
user_eawIBcx2	0.08000395270626412	0.027107231455027435
user_ebqsMM2C	0.020168097955186592	0.008634254057928045
user_ebtlB1fn	0.07357905426563333	0.02877025412098332
user_ebubDgQi	0.5076079017237443	0.022753319321712928
user_ecdvi6dC	0.058191718603656295	0.023069933645198524
user_ecpTOE6c	0.12016713006160669	0.04044140526989538
user_ecpsICOz	0.10689278893485896	0.04335204329646207
user_ecpymP4H	0.4370935578019277	0.041832923038239385
user_edDMTZ0P	0.05735402889560466	0.021524159006558543
user_edOIu9nR	0.05907066612136713	0.02274476444541642
user_edzgfhyR	0.04576647268989066	0.01626533013822719
user_eeHvY2FZ	0.06366259407241584	0.023367910174342112
user_eeOFkX0i	0.012585754293930218	0.004670797022789102
user_eePLhvXC	0.04718343360882645	0.020926240763737676
user_eeUaoKKx	0.03865874040236856	0.013824023291896017
user_eepA9mMp	0.018328534708120736	0.00624633779588854
user_ef9HOoQM	0.4454922231926247	0.03465123788422429
user_efY8Yu02	0.753920619166619	0.027325194923611407
user_eflk1OLG	0.0412368382984592	0.015713366221123803
user_eg2gmCkz	0.04655342602799019	0.019106171876441987
user_egAaNc9T	0.11568705659805847	0.046165263107284825
user_egDC34qh	0.045030394572104726	0.01606437630260068
user_egFMzSp4	0.5366730863762266	0.030537158773751266
user_egKjpzBR	0.02685020110195096	0.009614824797445111
user_egg0M3op	0.020691803071598153	0.0074341811743966245
user_egmoFE5U	0.049780659014104944	0.019985857590578363
user_egvv9Hr4	0.035545508491374965	0.013960187213801864
user_eh0prg6F	0.022531900696885536	0.0064799208033460825
user_ehBrSIxH	0.030941842653305185	0.013051607409848528
user_ehExntly	0.007742519368248817	0.0028540537189268374
user_ehQzAgvZ	0.008886608992120227	0.0031872181767361976
user_ehR66REe	0.10845495021059653	0.05012525071584789
user_ehVxJlRs	0.024874807845631904	0.008808143258788394
user_eiTjSPfu	0.03561590073016009	0.012510265980372522
user_eiqswRTV	0.030087930815404174	0.012225954472827425
user_ej1SHYf6	0.12793315901401	0.05793880104673392
user_ejc0Bwx7	1.3113350194207325	0.03775409315594262
user_ejdRpYO5	0.0251221260742572	0.008728603440803083
user_ejxiiDN1	0.19302628361871466	0.08301653528191787
user_ek1A2H4X	0.1191045627717885	0.04370346280559647
user_ek1AtmxX	0.02242897089118827	0.008640898386577516
user_ekAH1jJu	0.005908203771776185	0.002110679566526239
user_ekLz9ekY	0.06773026085576046	0.02437815851583115
user_ekdgoUIa	0.0493812836900724	0.023403816296849164
user_ekqwvnSs	0.043153155260848425	0.01647648974384316
user_el0pZNac	0.0380908143631994	0.012664143967142234
user_el2TjAde	0.03855792697024913	0.013907803255847142
user_elPdW9jF	0.046667002141439665	0.01788617099023752
user_elif3OAt	0.05938002133208124	0.02398503690690387
user_ellReFgE	0.4172246133426569	0.18708781716219866
user_elsJC4aV	0.08633668482196477	0.029526280462181483
user_emBTgN8s	0.10501936892499499	0.046971968483308535
user_emUXSmJX	0.45843234781982556	0.03398086166377658
user_enbPmsRP	0.03937313862243692	0.01606545291530632
user_eng8XNh7	0.013563180282579877	0.0048802156564432125
user_eoRxLQTY	0.03552279937518352	0.012968752657168535
user_epMCwZKl	0.16895323961759093	0.07294826360923747
user_epvZzdZv	0.014242002817777828	0.005420888082539233
user_eqJDjIxO	0.5827855412250752	0.024994317538022514
user_eqvmznGm	0.03395252840563719	0.014130801593899706
user_er2Idt9i	0.021245566637719173	0.007196896381899042
user_er7Cei5w	0.4947996893947574	0.020394177159039788
user_erFJubX8	0.061413699724709905	0.022997793014311218
user_erTZ19Lb	0.00643180459589043	0.002293162470410686
user_eriIXFEH	0.5243037863467626	0.04206384199531218
user_erwfEjDe	0.06042202846726022	0.02191520971586033
user_esiyaLm0	0.35616093652195835	0.027992418205030588
user_esoXh65W	0.04025334077706082	0.014759507322385278
user_esowSM3r	0.08935828781150927	0.036752608161669
user_etRk4xR3	0.06671122746962063	0.02458821380074573
user_etpikfJT	0.05578314114274201	0.023390635274151795
user_etqNOfus	0.06475132587831668	0.023237595057548164
user_eufhcRaP	0.04125054805484457	0.015712204427095703
user_ev4hA3Ie	0.0385527577161198	0.016858279917293134
user_ev9UAenT	0.23623010110461123	0.07970567080546784
user_evGC0u2F	0.03368482602772797	0.012262416489044208
user_evjfVYoo	0.04366024874047358	0.014897862579845165
user_ewUDJvnE	0.4163028248242253	0.019393624241635873
user_eweJwgkU	0.050424904762313094	0.020329530106430925
user_ewtVubJE	0.0677452642103037	0.02908783138495222
user_ewv9uq8G	0.0332307822580421	0.013032456572888861
user_ex5jEyCE	0.014427129258645185	0.004950653078777347
user_exItFW98	0.015221519929806221	0.005260298244381271
user_exO6HIGJ	0.12644291968602045	0.046402754124963676
user_exYKrXAI	0.06281842411765255	0.024759677667270316
user_exyR2QTD	0.0414804485824746	0.01683676542841822
user_exz9DtPM	0.07417107906430791	0.028521002562569998
user_eyQ5Grnc	0.35539892351876246	0.028215708767731155
user_eyna0hs0	0.014261337175633177	0.005053764081960925
user_eyy1bhSD	0.04574254794174269	0.020609299962745038
user_ez2UjHff	0.5336359415789562	0.041077914163210064
user_ezHyCnzz	0.07335731671865829	0.030746270034674086
user_ezKXaIXs	0.042120285249235195	0.01401628141550936
user_ezVF0g2P	0.03219513340733671	0.014510397015481265
user_ezvSnghX	0.052814727022397354	0.0184257667956843
user_f0Xvb5Xr	0.052199812937120574	0.018758957736888005
user_f0lEWxWz	0.04949019500176434	0.0169509327416706
user_f0lLcCHm	0.03935146601291924	0.013892668720289105
user_f0rna6tp	0.8243353672151338	0.05528486212500031
user_f0shMSdI	0.4230555044266423	0.019613270845098098
user_f1Tbk5ra	0.3589793789381941	0.03099631887757678
user_f1x6oiZ3	0.1898466191306649	0.08622474599613945
user_f224215o	0.0055392700778328354	0.001942244838375645
user_f26HYFj3	0.051023870660287934	0.021090644871605134
user_f2L8PRgM	0.03696061970310849	0.016278163719070347
user_f2Y3mFKb	0.4529881262565836	0.04194076526701965
user_f2sK3yAE	0.030771254229115558	0.011180856865506687
user_f2uDAluI	0.026550561371470785	0.009631683494996532
user_f36WN42H	0.028732808091366965	0.011360839672109302
user_f3N2w344	0.378363245240066	0.024504368527005615
user_f40cboeE	0.038100512758912936	0.016353472267696383
user_f43yFNrK	0.6163849066438825	0.01722154596752015
user_f45pwgJE	0.023390154445333405	0.008347432584615996
user_f47fjDcV	0.010927432449411262	0.003707736172344888
user_f5vGqoAT	0.5699418926992889	0.029751225996874155
user_f6BW1rUJ	0.07534774885740858	0.029172558939944998
user_f6STfog4	0.42054943808818335	0.15801718294918207
user_f6eJ9qtE	0.03357219582372701	0.013848310961599719
user_f6ie5HoY	0.060557384331995256	0.024592964725000933
user_f7MrrXRg	0.022725126521138332	0.00864231423059785
user_f7RcwCOi	0.040186015340693555	0.01739273545490093
user_f820nWsU	0.09122857839155449	0.036625417045445856
user_f8UjYiFf	0.04174480108357152	0.014954877918907617
user_f8XLfSie	0.9662461145012751	0.048457336609892834
user_f8bx3VHw	0.03372038097098183	0.013304873275750936
user_f99eCW8X	0.01682584179219611	0.0068044306152877446
user_f9KnCRjg	0.05249834585162805	0.022922342703923734
user_f9Nnhj5Q	0.12746467164119135	0.048946594463663236
user_f9ThRHEz	0.03693626837794317	0.014694681245159788
user_f9VYnhCC	0.08304832902242307	0.03289332298553144
user_f9ZVimA2	0.08438162556904669	0.0400747368773494
user_f9wJzzQQ	0.013179245128373804	0.005272457694415224
user_fAN8J53Z	0.059662627442166195	0.021732071795033333
user_fAR1JSt2	0.07657800386884545	0.024989944842013785
user_fAwNThsf	0.12200176787906813	0.05679756578219802
user_fBIH4Zkd	0.1923799888727278	0.07555780954628293
user_fBQdXrxQ	0.041259190968217854	0.01589757960181909
user_fBjsDZha	0.0836607591838903	0.03338818140970636
user_fC0MMUmI	0.26069215902468035	0.017358146299881458
user_fC3QpQGX	0.08812119715764569	0.034636062410281235
user_fC6kHhx4	0.04666084496778866	0.018158264239043126
user_fCQJ7Kbs	0.046265247548004616	0.01723154776636074
user_fD4paFmj	0.36791538571683224	0.02689182390546638
user_fD58nb5b	0.08297064689706085	0.03649929298497644
user_fDKY3kdA	0.03040621163030864	0.011042606742134333
user_fDTSQDn8	0.008812580311209198	0.003294993584021134
user_fDgrMUEp	0.046439288435041734	0.016860716752987448
user_fDsgvv8v	1.0522922896373264	0.088146494858316
user_fEtqkhLZ	0.07586151084070834	0.03131688146023699
user_fFozJD2U	0.02386384405543017	0.008360243862433522
user_fG29chgu	0.07651867870225167	0.028975504926180888
user_fG68YzsR	0.058385063698506906	0.022745932640568477
user_fGQ3488z	0.3722288481134567	0.02722440726194294
user_fGcG6os6	0.44127736903138637	0.02016602095744851
user_fIgSgeaJ	0.10216790744450086	0.045289936364823535
user_fIqxKDMy	0.26770126321236676	0.10960673563797385
user_fJ3YY50o	0.06580884591365074	0.023687030824996243
user_fK4NvL4B	0.011738392300148195	0.004193129231580535
user_fKPewwbs	0.016222893693798743	0.005994385693437931
user_fKSznT67	0.1526148320975706	0.0657378455883641
user_fKYw63Nl	0.28450163788961436	0.014134364955587786
user_fL4LRfDN	0.09228409486238337	0.033848933362562325
user_fLVkQFAm	0.050029074398677625	0.019275508458231703
user_fLfXFMdr	0.7118337104642326	0.04256842898600345
user_fLjwgewb	0.04412612514324868	0.017419893924278174
user_fLtlL46T	0.02897005595897916	0.0118452398642815
user_fMEa5pN4	0.3525645144157721	0.019358237626690086
user_fMTZX8gg	0.1700973407834993	0.07845923819938054
user_fMV3stGB	0.5504924283155345	0.04668098316416897
user_fMVwWvKR	0.0905230686454854	0.04188982427840356
user_fMnEx4hb	0.03753506763118137	0.013733761136733056
user_fMtn5kOW	0.00597092686325181	0.00223936616499178
user_fN1Toapa	0.013545276024798651	0.004892856665016851
user_fNJr4Pwq	0.3737182149201612	0.04045056688050129
user_fNNtk90c	0.3272038953670027	0.14714981211405992
user_fNbYsAiI	0.058060741447606624	0.01844918510297813
user_fOCFnXEU	0.11031270891477694	0.04060081445767836
user_fPXadTpJ	0.08036689927685989	0.030056493235532524
user_fPZWIVix	0.053507260701814385	0.021738723724726152
user_fPbKbmgm	0.03235098525159575	0.011783725778816955
user_fQ3QvEmi	0.06122938585473023	0.025258627010159122
user_fQ7vtWNR	0.07241872092834115	0.028712760667999278
user_fQB7Fuf2	0.07556464722955171	0.02985608487514984
user_fQCAFsKe	0.08082821403550264	0.0300592819391016
user_fQQ8SXdz	0.010726706666428332	0.0037362731423780113
user_fQjcGLQg	0.0741839552725248	0.030268231045379925
user_fR5h3Tsn	0.019325786783707943	0.0066935868250947725
user_fRGvAm6A	0.0381671067624406	0.015053410873444069
user_fRf7gEAa	0.05342667038006849	0.022361983974964302
user_fS6EYyup	0.0808882320975662	0.026412868340035953
user_fSFAACIx	0.11391945352363811	0.043966894248871506
user_fSQ2xe53	0.06051708701677504	0.02320948541542578
user_fSeiSZNf	0.03377119671042754	0.016275841281638594
user_fT5m4l68	0.04054502178180121	0.01537457126600514
user_fT66bA5R	0.051604092929686415	0.02016351769611497
user_fTFRj4mT	0.4457708871777507	0.030990040933702025
user_fTgQQprF	0.3287915838855987	0.020413780730737595
user_fTmbLEPu	0.031458477771295415	0.012843683919528594
user_fTvbDtJM	0.0060174007800695055	0.0021655264174637078
user_fTztcRSj	0.052594962450447716	0.021457199309632156
user_fV418TdD	0.05007048234467012	0.019951593949478343
user_fVCkawQN	0.050645592263040454	0.021151881770918327
user_fVV9xmtk	0.03224240393315524	0.011295291115337426
user_fVVu8AEo	0.055474414088360235	0.020716817968219187
user_fVcnKJ3A	0.6774342273344895	0.03737208878250106
user_fW2anHh2	0.13126813383773345	0.06035647006743851
user_fWGXWuIE	0.9169415273727377	0.04565364939274693
user_fXHUeapC	0.036064447380993854	0.013414792711597784
user_fXLdCi5o	0.10632981351088477	0.043517863853566874
user_fXeFhvJ3	0.03182666038909232	0.010800195163698404
user_fXxBiH7J	0.07776566058332059	0.028710434488717004
user_fY30ywKK	0.4290718241570031	0.012784686286479531
user_fY8Kn004	0.3640513392136739	0.019041573799670832
user_fYTW0kVa	0.02043758756526111	0.007577102889642025
user_fYYOoOF0	0.07943468313868786	0.031225122191616887
user_fYeQVeCQ	0.09576026352666621	0.03666224885932194
user_fZVE7uYp	0.057472711464735905	0.020999598163638444
user_fZlitnnH	0.7539961075740261	0.08141852360197684
user_faFBbSms	0.040949425567921416	0.016540669666556772
user_fbU1HsYv	0.04214919739648007	0.015235118140835531
user_fbWn9DwQ	0.3256196160128428	0.020649744493610653
user_fbyxTFl8	0.30297028238946905	0.01748115876248016
user_fcZboKSY	0.017724295013912754	0.005791396532505199
user_fdLrA5ea	0.04430837682834368	0.017748253235952454
user_fdwZI1EJ	0.2933480165663747	0.02721198582357677
user_fe9JpasJ	0.5505173163832392	0.035101262605137025
user_feYhCW53	0.46888753828291213	0.0547731412343341
user_feZmig97	0.26690807185992704	0.02805164722474728
user_ff22j1pD	0.3493646372131108	0.1484655734622355
user_ffU7tbHb	0.018625581179415856	0.00667004369563679
user_ffWLbcVE	0.08523898865173676	0.03163704604917879
user_ffglahlK	0.06668916166446293	0.023846571007788593
user_ffmWlIMD	0.03647454013449203	0.013361242734519788
user_ffuoiHVA	0.04821119956867924	0.018377401893801833
user_ffxO7H6Z	0.04983763156626712	0.02051177636752924
user_fgDTNVmo	0.5772955550898832	0.06254815126524435
user_fgMpVSei	0.16416704390158698	0.06671614821948514
user_fgjxwOeC	0.21000576439827623	0.09591905212030093
user_fh5seITx	0.04889895621981176	0.018627883060906115
user_fhHGBXI6	0.08816254382283689	0.03481668801611871
user_fhUmd0cj	0.12742147778945978	0.05089982139969021
user_fhg6MVMU	0.031353595192594313	0.011330234067424163
user_fiPZGiSB	0.2587642342698662	0.09154528957109424
user_fiXgF5Ch	0.03662477056130736	0.012092549098586753
user_figmAVtG	0.10042884220940293	0.041330991398948996
user_fj5KHsyK	0.09260273332440913	0.036204321835613146
user_fjFIgTd9	0.07497570460733663	0.024415452019276262
user_fjRTaCZe	0.024501544351781063	0.009281226398735956
user_fjRcKDLj	0.1284936994817421	0.04903086572453415
user_fjWTxg90	0.018461995361470675	0.006692844022873147
user_fjX2drt4	0.023726970449426822	0.009113530171405933
user_fjYpiy6f	0.03903255580837229	0.014485464938851307
user_fjb363fC	0.7899968417058321	0.04087347737329332
user_fjjkmGDc	0.0970190448882507	0.039507450257213535
user_fk1Zevtl	0.2855616090279619	0.0145039658228133
user_fkPzVMSC	0.01832658079962777	0.008064106273810056
user_fkXgwf2H	0.07148051158076504	0.030069212851104393
user_fkdSB1MS	0.0331410497003571	0.013590948564535741
user_fl8RJ55v	0.05581143998423515	0.021376666712478443
user_flLzIxEV	0.04025814501207259	0.014853416333362512
user_fllEerRk	0.4454197167496306	0.04047572263862513
user_flpCbqrq	0.3155336414290224	0.11246714152053829
user_flyO7i2z	0.04217731022058535	0.017989969262043784
user_fmDUjmbC	0.4344378385899997	0.02180309823199981
user_fmUtHaWp	0.07048140326169809	0.02703243891923687
user_fmWYOjFK	0.5333340541768821	0.022132298333168
user_fmjFws0N	0.01842056167437599	0.0066492895709462235
user_fmyWYDhQ	0.11636554668358222	0.05295255780562014
user_fnILCAs9	0.05158893802372605	0.019818593601409442
user_fnxQxDHe	0.012620947578197553	0.0045790379797962895
user_foCAqvfE	0.2951361113218366	0.13666702914217446
user_fpJIZ2Ba	0.040918129857320996	0.016535412207354976
user_fpU4Bz5L	0.03234803907598072	0.014575732294980385
user_fpi5PvDa	0.03426081886728878	0.014177062547997877
user_fpqu3giD	0.10683093056009133	0.03945279990253163
user_fq7iwYQ8	0.01260146131733704	0.0048167755529574694
user_fqF2swgD	0.38836256811289893	0.032250635919088444
user_fqIXwOsC	0.10248969767695239	0.041967343429788785
user_fqL8rwfm	0.10864420816651917	0.04025798465996673
user_fqX55HAN	0.12827783161939765	0.059594506098462306
user_fqmSpJ7n	0.21912588974576386	0.08667465109966134
user_fr8x1aw9	0.01310792750404196	0.004263026619433323
user_fraGmqqj	0.09363330771293721	0.0391383803455924
user_frbDKUnf	0.018938939653100173	0.007298116412980891
user_frbI73w4	0.112498848571737	0.040944707293898486
user_frsJoJwf	0.052152838428642725	0.02105798412997592
user_fsD2jjSb	0.05816863903658637	0.0233006829976366
user_ftFisX5h	0.44777795472655474	0.028364273902178157
user_ftOnLr2F	0.08148183722811819	0.032537251508085195
user_ftjgdQnX	0.021097660378248298	0.0073087935981335115
user_ftmqWgce	0.09843024021798273	0.03892506733008199
user_fuB1Fcue	0.04332106405221575	0.016781106200431935
user_fuH9BERT	0.20244404024966706	0.08841852955565059
user_fueaCBB0	0.05696462529525545	0.021300929395887326
user_fuejaV4t	0.5705568294718151	0.03956516478951695
user_fupYlCvB	0.00883483388692801	0.0029771304103016105
user_futI84Ri	0.032774502340814055	0.013374871472670814
user_fuzv3FvG	0.014643206049229564	0.005306061058345241
user_fv8nS7Hg	0.021978631929500843	0.008089498501373278
user_fvlXC8qk	0.11755062441408805	0.0529547933321544
user_fvsJpMFq	0.7163570160449308	0.04311768497805584
user_fwJIDT5r	0.052817826506710935	0.021511517775378276
user_fwV4p6gs	0.04071544667854439	0.014860294969579262
user_fwzFIYOa	0.05633653166659634	0.01735310388283759
user_fx1rnxcs	0.01931058749274526	0.007108696766683394
user_fxRVC4Tc	0.04887299476220273	0.02038140059724762
user_fxUfozNl	0.02363017700646937	0.008358426811825793
user_fxaG2eXQ	0.029096895196550808	0.010216713774357138
user_fxaiKAQI	0.12024987694494345	0.05552106184304382
user_fxcEf345	0.06330403729202334	0.024427601234425392
user_fxjyAedl	0.09354870692939769	0.03329203002370985
user_fy1Y6wOh	0.04707866009709743	0.01611798014843953
user_fy4JnTbv	0.021306803328867113	0.00796299900613264
user_fy4RgzEx	0.13256491614927698	0.054363107665097075
user_fyVvwUOU	0.031036064211532308	0.011243210197666798
user_fygoXhkD	0.07649220074343763	0.03167678058250529
user_fytSPE9i	0.027329530994423236	0.008953786025081518
user_fyuHGwqg	0.013980751284760593	0.005294183411595152
user_fyyOtukQ	0.04380384152962562	0.017920049150669273
user_fz2l6xsV	0.366026117731196	0.013148376190268393
user_fzQd4p7G	0.1461908095463518	0.04615439558744171
user_fzRl6nkm	0.07757150134654255	0.032642982554992435
user_fzhtiC5Q	0.017204266842710893	0.006152035873474703
user_fzs44cPj	0.5221200825392021	0.05885137341116269
user_g05Rat7D	0.09383290393455654	0.038610781998978064
user_g09eFlVX	0.08660914498660263	0.030957603184214998
user_g0ANRvjs	0.5861238608018206	0.03035054809738491
user_g0Cob9Qb	0.04113833358894964	0.016307865233472992
user_g0lrGyv6	0.027125415855522528	0.011260285221238385
user_g11xOJYr	0.15021638356119144	0.052783241627446485
user_g13sgV0U	0.020874304200398833	0.008845961820445029
user_g14k9OAf	0.04873171499619932	0.020439740956224896
user_g1rlW6zU	1.3628573096199275	0.13772360237700781
user_g2eu9TOR	0.5000128017385086	0.049196484449793215
user_g2tKSWpa	0.01891655094736408	0.007387264264511452
user_g36bf2kc	0.010288656494999337	0.003542438027156003
user_g3ne7vPf	1.3325092791452091	0.08537092419039823
user_g464HnDi	0.562437255645834	0.02782480286682805
user_g48MypmT	0.0537229996317251	0.021739095708624596
user_g4MwzOuO	0.061116713884706436	0.02291801125196543
user_g4iecaTY	0.12490980904761369	0.055664239685388986
user_g51VbfVe	1.2941965247283447	0.047357537912402166
user_g5A07Hir	0.11262555899810933	0.0503803457734276
user_g5NEdQcz	0.43871422717251785	0.01776735457203595
user_g5l6SjwX	0.018735052418100293	0.00715587470740273
user_g6EQj3mk	0.04071056583002666	0.017145003288849284
user_g6NyIFT6	0.06832456191109407	0.030215826801804832
user_g6WEznSY	0.06109267160039	0.020988158457294504
user_g6YpqcPV	0.08776009355945427	0.03456364610335
user_g6hCBZZs	0.06768114078660856	0.02970938062695893
user_g7U7Xu78	0.06898391646246325	0.02683084429943343
user_g7rswPrf	0.06704695018119321	0.024244573902464723
user_g8BwLhTG	0.13369618643752346	0.06039599862481626
user_g8DnJOF1	0.0779938915033368	0.031550836322947556
user_g8YY9zmc	0.10497697851788977	0.035159537539282956
user_g8b2qcPd	0.081392583444792	0.03206635646222442
user_g8mEUhF0	0.043431981970197674	0.017251650857402902
user_g8yLrgGH	0.015003098370315705	0.005503247382618025
user_g9N2zQcP	0.07598420850147107	0.028160107013074708
user_g9XJj3gq	0.0721946957754181	0.024542434245707737
user_g9fjmDIa	0.035277767866085705	0.013294268345770157
user_gAFNOopB	0.15392202545240619	0.05049489973784439
user_gAMvc5EO	0.03994229503176745	0.015427126504245433
user_gAPdHRFG	0.05312946072661171	0.019701077436978156
user_gAWIudUa	0.030632380067030757	0.01073351822468256
user_gAcGgmZE	0.39589541231647274	0.13583219956089332
user_gBWgk3uB	0.18551744829053557	0.06600326011475709
user_gBfbYKws	0.10533061231312998	0.04516586623069712
user_gCWEI2pM	0.02065240495021202	0.007166281232166859
user_gCgnU3CB	0.1431272138303989	0.06437355922295379
user_gDsipRAx	0.043858089341780045	0.01420868639235496
user_gE9HTeqA	0.10323094073428013	0.041266644077808876
user_gEYC5biT	0.09761219309594021	0.03230271054224489
user_gEm8X7oo	0.05719078212249013	0.023362745519386253
user_gF5H9vL8	0.0552035848860231	0.01954685350473718
user_gF8veI1j	0.03743260917943998	0.014474427061913197
user_gF9cGRL6	0.39413523370557885	0.03226589908826817
user_gFAxGJ6C	1.088845528723286	0.09872606459825523
user_gFnXN5Iw	0.07280252712700853	0.027970138386781706
user_gGMHSEB0	0.08369477117808824	0.03268207829919682
user_gGMwfxYs	0.055054748484827054	0.021442020246256813
user_gGNz1cy2	0.4378081347571419	0.03634479191851573
user_gGRx80yP	0.06998774866311491	0.029100140741698356
user_gGUfW4h6	0.1438182381655949	0.05124104334908633
user_gH4JivKe	0.03343895808763218	0.012824089043120296
user_gH8i4XhF	0.06736107934144843	0.02340487558635744
user_gHmQBveT	0.5971605449219092	0.03486950630128884
user_gHun0vt6	0.08198248277163389	0.031214963073552635
user_gHwWG3tP	0.04729419471611161	0.017344116357270775
user_gIE5jvmC	0.09526415912087177	0.03541368034606312
user_gIMMU1g1	0.025398481095539154	0.009436942709233268
user_gIPsxPMM	0.8007348712654769	0.32277314761582365
user_gISf0kvt	0.1084611294019411	0.03912961155835477
user_gJ3Ffbmv	0.06128478351251694	0.02748195687596942
user_gJA5gNe2	0.11818562976840369	0.051062147765429194
user_gJIkfm0D	0.13381070087267638	0.048707512365657665
user_gJTuz6ZQ	0.04296138759950354	0.016125027006219098
user_gJfbxy9x	0.07965715295812614	0.036763159573531844
user_gKDDOHZS	0.01597680596389025	0.007191091728801988
user_gKDfQcYB	0.034293395301214356	0.012991979567654202
user_gKHOGQKm	0.046870642324357094	0.01931975018352537
user_gKRIxdl8	0.08042074477404895	0.030444451531373092
user_gKVKhUZ6	0.10780602910796216	0.04188545485305218
user_gKWTAoxO	0.022892445783789416	0.008457750200517521
user_gL4A2EEZ	0.07638774528258394	0.02607038877353892
user_gL5uZmil	0.12370445701897634	0.056391313047893896
user_gLDnrEML	0.1421303944825337	0.0525264171399789
user_gLF4y3Fb	0.17061018579768164	0.05119710649214058
user_gLGPe0DX	0.038980657614767926	0.015191313071159654
user_gLMpX9LH	0.036434966328502155	0.013778678219088906
user_gLYC7I5q	0.05634795355010888	0.020496531455085107
user_gMMNkjdj	0.35847409473338016	0.014688568343761067
user_gMmOmlwK	0.09891450514190528	0.04531612662737257
user_gMnvXpKp	0.03312851441812592	0.013305970488919334
user_gN0VfkRy	0.05290156489666342	0.021158822989645526
user_gN2kiYTd	0.05445554596734456	0.021420167918742593
user_gNBt22z9	0.2002832249935098	0.07765358377220145
user_gNzxWwGR	0.042876253573399394	0.01711128558376835
user_gODd7zau	0.014277073109092327	0.005029406213312311
user_gOP5pDh1	0.010206125530475132	0.003568748572213892
user_gOo6h8A6	0.04367127141787333	0.014874842824897358
user_gP8Fc8yA	0.017483022169285614	0.006014044344331403
user_gPNrAiLm	0.022680515542308495	0.0081473363500077
user_gPhjoiv1	0.07996776800060575	0.03162031119765018
user_gQgd6pm1	0.09558969578147464	0.04127244517789944
user_gQhnkrDB	0.022746610871175917	0.009459199680153667
user_gQn4l3UT	0.08417787852095307	0.039840033629008634
user_gR0b3FqN	0.0904969132578616	0.03605410928046736
user_gRDtIrHm	0.26499548873723394	0.012745025018334542
user_gRh2MbOq	0.0479699462803963	0.019767799043469456
user_gRzAmAuW	0.03980851483680299	0.014764832971662256
user_gS7swros	0.9328548488600337	0.025352863710723064
user_gSNYm4Id	0.12601429356606553	0.05751316399713131
user_gSUrKZ9E	0.030533166763502276	0.012662636233017556
user_gSjBDlHx	0.016253529578778275	0.005983498359279205
user_gT0MQLLN	0.054515238733372516	0.02238710221799328
user_gTHRImc7	0.06128300182957601	0.026945539847935265
user_gU03qYx4	0.6845713851443772	0.05505988848812688
user_gU4IVBJb	0.00945103195617605	0.00335325571630563
user_gU6P30GW	0.0023903675118162318	0.0008564021556015631
user_gUI2HoKV	0.04655887163011731	0.018043814418406526
user_gUQ2Ndf8	0.03940012773696288	0.016590888281489087
user_gUTw8Zt3	0.08768855855909363	0.032231658183417194
user_gUlgd3ax	0.06110177667717914	0.023372217507847546
user_gUtBf3MA	0.3371385051460098	0.025971965513917755
user_gV3fpPlX	0.06907637489661211	0.026393443290744063
user_gVK6WLsz	0.1556926997032964	0.06249445059011275
user_gVM9h9Rw	0.021474186815405562	0.009037226616317801
user_gVN52pXO	0.048335514075708394	0.01789227380507962
user_gVX0R94a	0.34253249748282866	0.018626922053659754
user_gVkW0eDq	0.16284524743254675	0.0694088878252553
user_gWdb8tWs	0.08411419815923316	0.032385770698383214
user_gX3PcADF	0.12417348734178105	0.050701595082908266
user_gXPsq90P	0.5781213050498188	0.03404501631895627
user_gXfMFy5K	0.6857894914112388	0.2513865650330562
user_gXzANWWh	0.07798726821309926	0.02941688726909861
user_gY06X1Tw	0.35419318883867024	0.022851869633964426
user_gYLRD2jR	0.05405466684465198	0.020671241051510997
user_gYfmtkZ2	0.1550899683086029	0.06582306672310824
user_gZgJqPYM	0.556196677369962	0.04533419069746683
user_gZxmS09w	0.25810557813016016	0.018332789755316554
user_gaLnqwwJ	0.05669004911234949	0.021961882450647112
user_gaViyjHX	0.09551960218504327	0.03658278174752183
user_gaYuGPel	0.1279514713401241	0.0582934162564371
user_gapZ0eoZ	0.7992590585543765	0.03320787375980944
user_gayO1N1r	0.04512726556722229	0.017956794517267713
user_gb1TB6bi	0.030891588388204334	0.013946278642971953
user_gbCl61aW	0.033749677101270324	0.013893769317564596
user_gbWCUqyQ	0.041601987650429814	0.014227386306132982
user_gbgYkLWm	0.03593365631195834	0.015506579072350092
user_gc8kSgkK	0.410314609562237	0.052096210368242885
user_gcXORrvS	0.04826766086759097	0.021604786085705634
user_gd5P2Mas	0.068447713628903	0.02851361391096045
user_gdAotNdp	0.012604817024865853	0.004543783461376739
user_gdTZzXwt	0.23492038871688445	0.08613719568181134
user_geioBJg5	0.009444312568857048	0.003465495599399927
user_gemjU4x7	0.06686937945599628	0.026030910664095915
user_geykqRfD	0.028126834607198725	0.009060939984926745
user_gfHdq1Ny	0.030102136297951852	0.011989080885485299
user_gfn93tGg	0.5454450024822175	0.03402822288983584
user_gfvTi0cy	0.023735088673553867	0.009891345043743614
user_gg7E6cTc	0.16036212041552195	0.05921386373486942
user_ggLYqU2b	0.01034871313612322	0.003690604396837093
user_ggR7iNEN	0.06252180000634652	0.02478373454296992
user_ggab6Sjq	0.2906120598291078	0.01178920286718328
user_ggeFu3G2	0.020207452605411524	0.008725641114592229
user_gh8cXcWM	0.0321920837602162	0.01291012028769914
user_ghCJ0FoI	0.842361669154395	0.07822762933005425
user_ghHXS08S	0.04669308004788042	0.016305438510327785
user_ghaelrmO	0.015419567114271754	0.005501555033285132
user_gi4o7dZL	0.016392871896902278	0.005693352760575041
user_giqS66pk	0.0377968471781745	0.01347533025526546
user_gj3kSZ90	0.35457684680403206	0.15890579475887529
user_gj4ZvOgq	0.0627788252272582	0.02408420395578077
user_gjBksWQu	0.3580340477097466	0.1294149790785411
user_gjE7EuvT	0.036600028766770445	0.012786336850915778
user_gjGSKzLA	0.0985617680352518	0.033998303282176824
user_gjahgJrk	0.2710022801276325	0.007262699295856025
user_gje8s7Cy	0.16910837668932432	0.07430244091235437
user_gjjk6nBf	0.09755587089158349	0.040573622456332906
user_gjqkA3nh	0.03357817901580353	0.01192059064803519
user_gjvp6OHU	0.017915856526980176	0.007822803703817952
user_gk4OBJmI	0.40508966212806796	0.17391790453693468
user_gkB1PeEo	0.03312049635710641	0.013301105423645692
user_glMZEnLK	0.061279776033118405	0.025078806307211987
user_gm5u2L1d	0.055884231664685216	0.02186744993128253
user_gmL7N6y5	0.3420226532967625	0.017828142959378044
user_gmVlHryZ	0.029698325380261015	0.010987314997314373
user_gmnjSKG3	0.15174245366073774	0.0658016440676724
user_gnLBZvrP	0.06445593997876715	0.02386177738483329
user_gnvdjpGh	0.06502661380243047	0.022910386574144723
user_goRz956A	0.9844555940474953	0.04932369595545006
user_goyWZVcx	0.017761797904864454	0.007866108428534914
user_goyXXQ3q	0.010018444273246389	0.0036291084843624627
user_gp3zIShY	0.05602819542895608	0.023482187922345545
user_gpBm9jRq	0.04025923203340607	0.015807116009745135
user_gpCLpuE1	0.5814204889846785	0.03664394226904775
user_gphIbJlR	0.01757322016800253	0.006403924052837134
user_gqMLUYxm	0.01451630658176523	0.005640554656603231
user_gqZWkxJZ	0.03275653908930897	0.014469833756595423
user_gqv3DvAb	0.04679041620336946	0.020038789809276394
user_grIiggOy	0.19795781081750152	0.07924400322111719
user_grOi2ay0	0.03714508571287603	0.016472518965992763
user_grSRSjjx	0.07041587156258779	0.02819033743961311
user_gspSz7Rg	0.1153411387019169	0.03348656465323694
user_gtEyhSWq	0.4117242923722495	0.018284376333838163
user_gtIUB0JB	0.05380169922536315	0.020422276453705326
user_gtWR3uUQ	0.09628567870556984	0.03255279774660502
user_gu5TGPTq	0.34065552112491637	0.04438408932651666
user_guGaQskj	0.10471620378019789	0.03516257059509256
user_guKZYtXv	0.08071157969021237	0.024467274957017605
user_gut3PluJ	0.30634530713979324	0.03157832301638829
user_gwKwbohl	0.017011096472666992	0.005793425991735119
user_gwZuDEvM	0.04404046415865628	0.017688221575534502
user_gwrCDBlZ	0.011283243324835043	0.004188264299805987
user_gxHzyzyB	0.034860700187514485	0.01570933231683505
user_gxUHo0WV	0.1151034025727063	0.04583226407366738
user_gxW7W3Xf	0.012440290623016891	0.004594514849430216
user_gxlVud39	0.08596456467267706	0.03721935438548018
user_gz2ybGb4	0.3123307901740189	0.12662853600849605
user_gzDpOWyF	0.3921550248752147	0.02594242042240532
user_gzeUNPos	0.12758856897569482	0.057483909885012084
user_gziGhjOT	0.06464415360022334	0.023727292896761672
user_gzqbwpYX	0.028483156215548228	0.010322039370570727
user_gzveojLR	0.053638140649001576	0.02029235501429131
user_h0MZfO7P	0.03221553735753372	0.01288102461761129
user_h0R6qVUd	0.06312469652273923	0.023198563322169574
user_h0UaKbFj	0.1028362225023843	0.03914346935464656
user_h0V47Qxy	0.23307641980436844	0.10493200533359505
user_h0ldkmPk	0.201982867379282	0.008114440714998554
user_h0smJ4NP	0.01887074939619407	0.006848311221911195
user_h17BiWeN	0.013013698599454775	0.00478801723213714
user_h2BqDNyT	0.0853971441550814	0.033677886907457336
user_h2v0UkpC	0.003406166978869002	0.0011408705207328197
user_h39YNT2c	0.20362886444852699	0.009597337777311615
user_h3JVzrvu	0.0204984663043399	0.006969527278605882
user_h3bW6S97	0.0779564780714701	0.032231660001856614
user_h49GZsB3	0.06301810771043787	0.029878920781965822
user_h59ni65C	0.03659628569812287	0.013894215062369706
user_h5JVEaJK	0.08491770024052765	0.03482194793570418
user_h5TaKrC0	0.04028413473264863	0.015587151366008719
user_h5fcvK4A	0.042922614983305844	0.01973986019739494
user_h60YmshN	0.028742006704051668	0.011486435659678355
user_h63gjf1f	0.08572659866322287	0.03144029850551107
user_h6JiZT9k	0.030797498422394928	0.013834837911817676
user_h6l1sged	0.03888513035119377	0.014654896459504135
user_h7Sv75KR	0.01819893377930406	0.007886104140589066
user_h7rDV9zJ	0.04508248490691283	0.02051171490434352
user_h8IbUBAA	0.09164905937543306	0.03687099897200971
user_h8cbE0s1	0.02598591034868824	0.009328873403539826
user_h8jfLY4W	0.06708185249943292	0.025403180813881696
user_h8sCHaqE	1.2320583173641315	0.1259940140816897
user_h9D49iNx	0.14562846570736593	0.06203565718009339
user_h9PkpMsK	0.027770787441876263	0.011678660643709647
user_h9rBmzOn	0.04485006745268727	0.01789140792996746
user_h9u4hclb	0.10531442897029165	0.04686430702008149
user_hA2jxWVl	0.02635059974201867	0.009477279436307466
user_hB8ryVKH	0.05378834997601281	0.02053694242115221
user_hBW1TPgx	0.31558166895202233	0.11586034881267199
user_hBpxLJ48	0.04499637824044964	0.015586814879726844
user_hBsvqUgf	0.06172125578164814	0.022950399545889465
user_hC40PDrL	0.7773005406302964	0.04450247478589773
user_hCK16Iw8	0.40373020689555816	0.020639618251368223
user_hCfLve2U	0.027617912746538714	0.011091188388411501
user_hCsWAxOW	0.3773495478794451	0.028375265922180728
user_hDJLZvTh	0.024746274930333666	0.009154369423710222
user_hDlrdo9M	0.0271018461363721	0.011242065582163204
user_hDstCD1m	0.4619866876966694	0.030354446414991923
user_hDwZCgsw	0.09083287911517061	0.033241839358255636
user_hDx0YSrI	0.5515912703617896	0.04651422033440345
user_hECFRiKk	0.03663663296571509	0.013517394330803135
user_hEGB1Ptm	0.16692614385158125	0.07821533819895755
user_hEOfJMGe	0.1963944791053416	0.07485288452029608
user_hEUvWm2r	0.015571019605262096	0.005868493188783727
user_hEeyD2QC	0.012270199347449467	0.004689171848083308
user_hEiCDeaS	0.30488875691802175	0.01742109270931818
user_hEs8Kzmg	0.09607987997760825	0.03542275295904147
user_hEu76FB0	0.23468741812312838	0.0779908489795715
user_hFLrls9P	0.6311970876879854	0.038791763638431336
user_hFg3jTD9	0.0716353810494792	0.024410392032287398
user_hFhRKfTw	0.062150127991550765	0.02175665332873922
user_hFyk0UUy	0.031802244103995986	0.01287502659834646
user_hGU6ENaI	0.8404573196643967	0.03297254615248563
user_hGXNXF6o	0.03984057317520895	0.015530024683728808
user_hGh3lcdk	0.02354613101699768	0.008547326255239369
user_hGvjvltK	0.01574240265764669	0.007073589873925553
user_hGwfpXqp	0.019762580110293006	0.0072532776188176966
user_hGxrn51V	0.054806890834787875	0.017685187288094123
user_hH1PXcRT	0.011020626259963869	0.00405818810543101
user_hH5dVCrc	0.08092956852547636	0.03220509785831507
user_hHPt2q9K	0.008978935251794596	0.0033513299412888573
user_hHTCNbVJ	0.015094676204066577	0.005491106424282644
user_hHcBOMKz	0.04310418209876496	0.01682720684722428
user_hHorC3mr	0.48484010228935404	0.03973363063814416
user_hHuRh637	0.04255826437228792	0.016052007004272055
user_hIZomfVk	0.30884007044867734	0.029259035460624996
user_hIlsGeeB	0.0844952005614882	0.03822794064391975
user_hIzrKBIQ	0.8224929974105211	0.02891511063204009
user_hJ1xmQ8e	0.08694573947215412	0.04084997673546279
user_hJ6KKwOm	0.05041210647495172	0.018278867082018323
user_hJRdZrvk	0.022455066395013146	0.010870223585583944
user_hJWeWxyP	0.9235659078948235	0.05445323372586423
user_hJqH5fkH	0.03262766081770858	0.013362316746962095
user_hJtx8BiA	0.46663070745126417	0.021659575837971876
user_hK0ghG11	0.031625061784369066	0.011639050402894698
user_hK2hjZ8n	0.07604317636754673	0.026738224297052044
user_hKDcCIVq	0.05093418858939546	0.01997409751045495
user_hKI38KI2	0.044544529593516714	0.017974987340339078
user_hKnNSerP	0.08203061538024373	0.03066933686478148
user_hLAVANHB	0.018119302837044927	0.006471153352182369
user_hLB1YRbT	0.10020686441562746	0.04004176540253675
user_hLXUzxi8	0.04890527316551972	0.022045077830461682
user_hLg9d8ev	0.13137400879799674	0.05667200035263942
user_hLkbmYdV	0.08238977692993707	0.02980383410681255
user_hM2Lapey	0.07341869354248826	0.027546766006084567
user_hMNDsDFf	0.05921966680712082	0.01911654311314141
user_hMTFkUia	0.3350878164900823	0.015847196326959186
user_hMxMfM6T	0.05094244843509044	0.020988752525855376
user_hN2cIDL0	0.07019666659225603	0.028381198971216985
user_hNLKcfjs	0.05087407622346726	0.01836292206387928
user_hNPhj3By	0.18807833324819714	0.08724891035111357
user_hNefySur	0.02510776056836614	0.009411276572518178
user_hO7FiE7h	0.011848415283825665	0.004206680245451985
user_hONH9pjH	0.08634667101086799	0.032338672628242845
user_hOvj614y	0.03907926948822194	0.01586471828970082
user_hP2cy2vT	0.11302138936181486	0.03710282525391371
user_hP3U57K5	0.07508028181344033	0.03536753899450604
user_hPulbvLs	0.05317568455556544	0.02155334122575396
user_hPz8h2qo	0.025037175821915503	0.009251926420204087
user_hQUEMaDd	0.04938784819094312	0.023354951337021014
user_hQrK7BBI	0.061428207060461655	0.02250163231206308
user_hRENHoTv	0.10737249583659789	0.03889097672620063
user_hRWe5zlI	0.41555438747127815	0.04155422830218076
user_hRgC9cVY	0.022416234604402643	0.008394596430514127
user_hRoGBfaP	0.337144819492845	0.016532956592783463
user_hS19OVhN	0.062065004784026205	0.023833210491591622
user_hSEaMfEo	0.10247868805609614	0.03709974848489959
user_hSF2Q3Uf	0.11433715383808252	0.05205284084672036
user_hSXcQGaR	0.13236485560920216	0.059081039650546646
user_hSaHMZ8T	0.03281086559742673	0.010816989924807577
user_hScAy9Pt	0.06316523121747812	0.02510991722446836
user_hSolMRzY	0.021814512431644326	0.007979216796413604
user_hT0TbWCj	0.13884307817453212	0.04562399830258594
user_hT2LzZtA	0.03909011135324953	0.01479957326049221
user_hT6NSsFC	0.04714477881914948	0.016368087640386327
user_hT8QdUkk	0.048758302711968855	0.02045774805844126
user_hTNTrkHf	0.04577271802990843	0.017307593886002427
user_hTSG5Q2b	0.04610821205776521	0.019227834528933695
user_hTTiqlt3	0.019284730182174623	0.006628916485595783
user_hTiqXyJE	0.0039897343914133895	0.0014247342650044626
user_hTszl65e	0.06932100086031409	0.031603900050710655
user_hU1AjcNr	0.03520124118287561	0.013119345828477397
user_hUJnh1r9	0.10096503291157878	0.03874639689035187
user_hUMSoQDV	0.08943798740122746	0.03187969786748419
user_hUNWXnBl	0.0745829033219632	0.025170632479399088
user_hUkyHqPj	0.07790510173875173	0.028535834192221596
user_hUnS44kx	0.050305603303629945	0.017043848323962888
user_hUt1MsU4	0.02929597821167315	0.011236231045585719
user_hV09KnQM	0.03080527024388984	0.012379473130924325
user_hVSkUAu0	0.049939436840385446	0.01791078128123548
user_hVfYAcF6	0.03237497534961121	0.012588360868908181
user_hVjAF1vh	0.3129408561355586	0.013983442281556268
user_hW1le79w	0.0832877904566392	0.028204779222343126
user_hW6TQGLV	0.04970523835726161	0.017925833026377774
user_hWQcLHfv	0.027478825666617343	0.011261870402216457
user_hWTXMGVx	0.6085291985997763	0.060773202890449254
user_hWyD9cfd	0.04995458304871298	0.02173415233002713
user_hWzLYxMw	0.08625143959708004	0.03925017102356019
user_hWzT5FgO	0.318854188758105	0.024429416989205314
user_hX0Kz20F	0.06482332467617898	0.024264300246136315
user_hX9C48HJ	0.05452532926447908	0.02503907882910301
user_hXKeBHe2	0.07700476617626552	0.02834257443475599
user_hXRVZ5V4	0.0718452138162404	0.02556026531432808
user_hXec0KKh	0.06924255051657649	0.030747647154490944
user_hYA1HrYE	0.03583770177073163	0.014548048903536299
user_hYhCwgJH	0.1348900795948706	0.04824119222691301
user_hYllTnnb	0.030274516959971316	0.013718376539742132
user_hZ8jkP2D	0.9951476457525665	0.4197812462820563
user_hZKsjrbY	0.07171471430035509	0.028621865115814812
user_hZfpj7Yy	0.03464852138394081	0.014190063152580474
user_hZmXhgy0	0.03397353497212017	0.012684463693240156
user_haeMma69	0.021231846012330642	0.007602407200724209
user_haqH9W99	1.0837670176772782	0.061076942031660135
user_hbBmjcf0	0.0502053414069145	0.019294007926776553
user_hbPRXeiR	0.10314132550485039	0.04025305166609137
user_hbVDRIEs	0.39447718438304696	0.03214539679783688
user_hbzL2och	0.10887336269221409	0.04670911738177971
user_hc1OgDyY	0.09137051635870522	0.02991020864724513
user_hcDuyOOe	0.0669929623350817	0.021955737672961557
user_hcQWt9CZ	0.4010609724676524	0.012403816551048425
user_hco3Mvug	0.24219729248791744	0.09756160553942331
user_hdWNxeGT	0.20670783545470625	0.08515720886324117
user_hdov8R08	0.9100794717467269	0.3441805530149306
user_hdqhUaBt	0.005138840692566284	0.0018044429898558746
user_heB0AXTb	0.09947980361518832	0.04027538392332736
user_heEbGv8F	0.01859828199424443	0.006501874653460191
user_heMSQT0I	0.042975738261741295	0.016679775986145187
user_hei8dfhP	0.029393115618270765	0.010967492497978786
user_hfENXYSn	0.06969336677790133	0.025557366133214344
user_hfHONron	0.06013306520620797	0.02031396415596367
user_hfO0zbeu	0.06763856245790978	0.02854833344632009
user_hfdQkcDl	0.04908071379475423	0.01726832546549975
user_hg9G3CIW	0.0594243041521622	0.024174765374240736
user_hgHB9I6v	0.08305197855224626	0.032716931092374855
user_hgYpsAT7	0.023108375981851212	0.008237515162321499
user_hh1DuVmF	0.04634526386169228	0.019894406976695676
user_hhNCOjdU	0.17150920420619042	0.058977170125063906
user_hhfaymiL	0.07388857482956565	0.03093866018864796
user_hhqc1suA	0.026122587017486987	0.009454023015433643
user_hhrfhfj9	0.03710414833728672	0.010487100105111937
user_hhshjq6Q	0.02977258596657916	0.010826349914532851
user_hhwWaFGU	0.02649443404248126	0.009409050854379326
user_hhwklZkV	0.09468343175787389	0.03865745069191794
user_hiQmpSI2	0.0733067324876619	0.02585250007001264
user_hiVbSC2s	0.14774918612084553	0.05981557405929721
user_hidCqiMO	0.07553238407662943	0.03384566830838531
user_hiqiY0DL	0.42801400472598317	0.03741450107159989
user_hj1ONkvG	0.03974081700527457	0.014333809087167346
user_hjMqx0P8	0.028779652826656364	0.009636596680774392
user_hjYG7kJM	0.08191373901611876	0.037766681450001775
user_hju0loas	0.059270055857972605	0.026377737869634838
user_hk0yGzmK	0.03928686258860267	0.01581436763843698
user_hk1DgmRl	0.9241412070430624	0.0930010336872402
user_hk3vMT04	0.023682583621505764	0.008193110286123935
user_hkYG2eEW	0.02386749617179516	0.008671094775184547
user_hl69gfOW	0.03055975950124825	0.010151992726057806
user_hlQQxRcA	1.3062869779692239	0.07954190637642129
user_hlubEmj0	0.050175397290536876	0.023674906898182458
user_hlxVN01b	0.06227736071549084	0.022817111615784386
user_hmKHUMzi	0.010849990916005317	0.004052322089267347
user_hmMVqWp7	0.032636857509025126	0.01470598947256104
user_hmPG0HUg	0.0482128614968264	0.019983289454435345
user_hmR6kEVj	0.03306738540104425	0.013291102620646896
user_hmnjDnt5	0.04281193817522391	0.014150251916870913
user_hmoo3yeB	0.07753190303741657	0.03592187914061938
user_hn6rNXsk	0.2554843927310586	0.024207803089078953
user_hoHOOKVq	0.047097638988779666	0.018551703340727546
user_hoN8xW9J	0.0708377826634405	0.025420696617504235
user_hoXgbFyw	0.019273839112805027	0.007026835417709441
user_hpffMKtY	0.2409538338484646	0.010207235718140821
user_hph4ZDUa	0.03701971543523309	0.016345036103115808
user_hprtP93d	0.06598976123832034	0.027273619765008583
user_hpuHWXfl	0.03585188295783714	0.014898850063507075
user_hqK2LPgL	0.039835228819758386	0.013759872520624264
user_hqdZlNja	0.008573805595168441	0.003087666015398387
user_hrAR75We	0.043079205391991664	0.0152304197295405
user_hrEwzHt9	0.07796384804416909	0.031375856583867615
user_hrVNRp6E	0.14437353371454548	0.049536597682112216
user_hrkWm2W9	0.03829518614302766	0.013379932752486572
user_hrq5aTnE	0.058315462547188286	0.02423886044163651
user_hrxjJXxS	0.03708108628618267	0.01539548127813222
user_hrylFz8V	0.007873842429430532	0.002630104015937979
user_hsaqXlAI	0.005344616557064551	0.0018775721237668322
user_hsb04UX5	0.04720220753938638	0.01825103372070035
user_htPZ4XY8	0.042156438231108394	0.012995466936844072
user_htSaykb4	0.06076036785864218	0.026084456912468593
user_htVjYlXx	0.022456067451559744	0.008309708246685862
user_htptXJxY	0.010225607178312859	0.0037743636231931926
user_httFSYgK	0.2831645204039124	0.010139473416905076
user_huZI5t4T	0.10862943030266836	0.04193253716154771
user_hucwz37q	0.39676248185481416	0.18305466561187464
user_hukrqtKC	0.04697176061885719	0.017060407352778577
user_hurCV0JD	0.14317780362138238	0.062266753249132216
user_huvHM6VX	0.08315993940754804	0.02975910720899509
user_huvLe13R	0.02634252958213053	0.010992025982373758
user_hv9woWBH	0.3107596258606693	0.13183869856167701
user_hvFgN62U	0.14007666281258216	0.04505531015058435
user_hvOHQK03	0.2774411616442221	0.014732259190405538
user_hvdQAiLI	0.10672360695137234	0.03191253841148473
user_hwUeg3ZH	0.1402072050996193	0.0627569062715773
user_hwUrCj9P	0.0380820048614416	0.014382907833881011
user_hx22Btji	0.08360793824958314	0.03619140810035581
user_hxUydIse	0.09879210941960004	0.04676049443759334
user_hxkfyQEJ	0.06938311296421179	0.030776319408861563
user_hxq4sXvQ	0.6685711424489518	0.02672849764900406
user_hyHYgXWL	0.044806717649778095	0.016051174845101154
user_hyoElfod	0.021754246455357052	0.01062232033397641
user_hyzT2JnF	0.05740451214993858	0.024186301571333953
user_hz0JTQJa	0.29661690891486187	0.016022950304611025
user_hzcaUwOM	0.03455579834693227	0.012564930527043702
user_hzl1NEzP	0.13348657177718445	0.05618022063031419
user_hzmB9P4X	0.04658806530908269	0.01786467364326353
user_hznEYfaY	0.050697130496657535	0.016732116894066253
user_hznb2VDx	0.03333529028816418	0.01204729914257862
user_i02Sd8RM	0.020378752590286986	0.007548187062560107
user_i030f4pZ	0.40638197326638686	0.016237856125884173
user_i0Dcm4Au	0.0024834201803152454	0.0009063872543292723
user_i0IjZcJa	0.29019646955196093	0.13664131526766846
user_i0JhhsRQ	0.04338675910111134	0.017373411004238913
user_i1cs1VeV	0.3113883966679883	0.0209967176958445
user_i1ffsNi4	0.06669303969043192	0.030702132635207536
user_i1h2l6Nf	0.13450643471521156	0.057801419553325004
user_i1nMAg1w	0.05448137571107315	0.021540081552173067
user_i2GzdCDG	0.01356639544565067	0.005216629856378279
user_i3wMSL08	0.07995521740331796	0.030610323495663404
user_i4tkpCwq	0.0580219004570413	0.024021746778515412
user_i53VCk05	0.050314580741198406	0.019449844466587658
user_i5AmYOVr	0.3065837800850226	0.014252829529738166
user_i5hm7AJe	0.048292309517056736	0.01863293804070229
user_i5iLVvnb	0.06876628681473422	0.029256697157467364
user_i5sGi0HL	0.015406333138153937	0.00622008722602741
user_i6J8K0iN	0.6658998068597921	0.07723840822299997
user_i6n5PRfo	0.03131101818116451	0.011993929116815287
user_i7MkZlxF	0.34314001534926	0.012246789026221366
user_i7lGewzW	0.034185449741977625	0.01543772539401971
user_i81zxaFk	0.9504264108054625	0.05811861284283026
user_i8ICpVJW	0.1758732750166016	0.0700622896421502
user_i8QN625G	0.06802783534300362	0.03184075289100854
user_i8UDcJ29	0.038950562460823325	0.012860081787146618
user_i980jJjI	0.017073994903815733	0.005957756404098759
user_i9Idszxt	0.375630708778692	0.025379702071321692
user_i9U0WDl0	0.3180676149485595	0.009704570312956178
user_i9XYjlwY	0.04426766565944664	0.01725052807454852
user_i9pa805V	0.12510628147056962	0.05478447574754504
user_i9zlX5e3	0.030105074437493613	0.01129014871445226
user_iAHfhcl0	0.059909282401406125	0.02448544629704183
user_iAIP5NGY	0.37148734140672274	0.01755710300363758
user_iAQ5eUwN	0.04484756473581515	0.015222141938278238
user_iAkup73N	0.007741684260524354	0.00277151735495333
user_iB9Zf6mW	0.040470626567589395	0.013411163905513043
user_iBJHb2Lj	0.008246896822140852	0.002886365482311531
user_iBgOBOlw	0.04454513787045167	0.015407810804750783
user_iBiIfc1P	0.05149773471156581	0.01813920918537312
user_iBvytyvq	0.13167496133580336	0.053465455036425726
user_iCAGSSQt	0.05820950983474735	0.021582566874763457
user_iCCCgCvi	0.025516337381411923	0.010646935508045926
user_iCostou1	0.011848247686934496	0.005665648128809769
user_iDAy7ysD	0.021948299535958615	0.007537200439276832
user_iDDQXLdH	0.060237875120321166	0.02213365899777644
user_iDK9lqaB	0.08633680033192519	0.03177879452695973
user_iEKWgxiy	0.007226787995780363	0.002530176052788366
user_iEPiuVVR	0.060555504564369055	0.02356329749534669
user_iEdHouzE	0.015815129342576235	0.005591089825584433
user_iEjV0gFQ	0.15455642274828824	0.05710508995021975
user_iF1qnnki	0.132320509748613	0.05761279608507476
user_iF4RHPWE	0.07032364182898976	0.027380932620173843
user_iFE1zNb3	0.012489385028064352	0.004270689423806937
user_iFEb8Uca	0.0051942481940249535	0.0019382071930562836
user_iFF43LJM	0.04877369306867693	0.01914323711029684
user_iFg3X2Nl	0.011470559220448512	0.004272168724551542
user_iGBb4mRB	0.09850946298090582	0.037402813165878124
user_iGY2O0CD	0.03854835207798467	0.015863850410488302
user_iGhSRdy1	0.014622542714908184	0.005339464525776434
user_iH8EmQ5R	0.0038646891621620817	0.0014507031710281977
user_iHM8KC9F	0.04125453552377179	0.015210665306839573
user_iHnCo75H	0.09030121337621752	0.03712464262505803
user_iI80XEcO	0.03563309697095712	0.012678347865708666
user_iIxe9GHQ	0.02251827365732323	0.009395047581517213
user_iJMCPVJo	0.09812794498147397	0.0353501606187176
user_iJQNXgaj	0.13213404187428837	0.04142342809490992
user_iJohJ8GD	0.03809486327340329	0.014935386026963534
user_iKuHfqpE	0.8832819107815834	0.04048506480406509
user_iM8wad6x	0.1257039360412249	0.05192983879867093
user_iMJWfZmY	0.11241811999087786	0.04602506986998792
user_iMTotIyW	0.04952725430989925	0.016321703138344655
user_iMYsvrCa	0.023354344971098288	0.007853737458252883
user_iMbM4c5Q	0.06118560051666866	0.02286962151366746
user_iMfqSU0U	0.013151232353553546	0.004708126088402828
user_iN9kgINW	0.7071238367089383	0.04841336143076021
user_iNAJpqqo	0.5314268346347664	0.024728796422707804
user_iNxXmdwU	0.3511401708625036	0.023078359813745175
user_iO94Mvr0	0.14975568240592385	0.06297913309775144
user_iOL3PElU	0.09226446359867688	0.03778916831972106
user_iOYZ0p83	0.026994749748543656	0.009882088447354494
user_iOdxjDhx	0.02007756766673353	0.007510600659137275
user_iOg9pLQv	0.05289507441156864	0.019543088071711602
user_iOqnbTbP	0.05083779043197481	0.020590491465588123
user_iOtWYdW8	0.061601054967365565	0.024082826482793057
user_iPP3axIQ	0.1811640446080757	0.07252329608533375
user_iPYEZyxP	0.03899608696842153	0.01352082988935213
user_iPoZFArk	0.015409502951397026	0.005637251657682325
user_iPw6b8FQ	0.015044295480714807	0.005135915599276527
user_iPwdGUqX	0.0727277127057877	0.021415744984598438
user_iQ9WSL5B	0.010073231289415036	0.0034311531860825232
user_iQXfh1Ih	0.38799868397575343	0.016588964256496946
user_iQtzK7Xf	0.2773890790433042	0.014565891570301427
user_iQyvuHTZ	0.11234274601068518	0.04042821159030352
user_iRChejqE	0.023603995805986766	0.008022125006109363
user_iRNVquzH	0.061278008983168916	0.022533987305029667
user_iRUJJqZF	0.04767100758091352	0.01772050207015416
user_iRdZNuMX	0.8253790143603073	0.03046245184577709
user_iRtJbjw7	0.6489998300894166	0.036116954841916966
user_iSHjSbyG	0.08907145349412016	0.031830675371956794
user_iSRzeC8z	0.05509617162324773	0.019412072694715322
user_iSW6Hqzq	0.07328896752658075	0.029120294433975798
user_iTP3O8Wn	0.049784706398348214	0.01825277446714793
user_iTb1LT9N	0.0965571896982409	0.04040934840325756
user_iTczqUVy	0.22143274586867984	0.08910230851809475
user_iTl7QeQL	0.6651063580331105	0.02060402238292239
user_iUHGSftw	0.07391669221681693	0.031084301916054574
user_iUfB4xzj	0.00781537399413406	0.0027834502495161176
user_iVMSGb6q	0.03197839553210832	0.013352734449463171
user_iVMutkLb	0.10835178950703706	0.04962727203380123
user_iVgmssS0	0.03905458684128463	0.014522942353078529
user_iVpFRreo	0.10706715426616006	0.04384784465918283
user_iWY4OHwI	0.052774444510860434	0.015797616178992165
user_iWinZdql	0.014877045283174323	0.005263905200046377
user_iWoAfCeh	0.0316191563736794	0.012717434937813762
user_iWrgyLeA	0.02285914978527028	0.007850196294954329
user_iX82x9Lk	0.08957912779834375	0.027988207324181596
user_iXTinj4F	0.023479723579479247	0.009030709519908935
user_iXaR8f7e	0.058285174119143676	0.024860775310456995
user_iXkDNnaw	0.07233589705561713	0.027503855481913878
user_iYXiHP33	0.035675597610855356	0.014642908492224242
user_iYoMKWbm	0.12244788679220787	0.045228366361903374
user_iZBIt8wQ	0.016367341407675817	0.005812081540848876
user_iZYXxD8B	0.03194553356869012	0.012715816040597678
user_iZh1eBuN	2.8896792558099973	0.1903682895246503
user_iZmFOZlN	0.11967903859692268	0.051142636167185264
user_iaQ9oejR	0.043830995856217074	0.016198274102147147
user_iamj1zuF	0.10672805202421679	0.04174382243265838
user_iavsqLH0	0.1013011072661589	0.0351158266922226
user_ibVLHz43	0.1908955302777896	0.0062718810127887666
user_ic7ptPAa	0.2245606475113868	0.08519578651835569
user_icGxnTNu	0.060502419083100833	0.023793184338087733
user_icLwkZwo	0.020926305042363803	0.00863082047025937
user_icOClgQT	0.0808195833424952	0.028071758651840837
user_icP0ytCD	0.057726794768861445	0.022860326123112513
user_icYKn6BO	0.06605103127256415	0.0241778106026749
user_icnpjYi5	0.08045239272073969	0.02802995008803989
user_id4viU87	0.07454661596693084	0.032202050116064335
user_id6m4ttk	0.0424728187316509	0.016084040648935503
user_idu93rHW	0.015730988697040944	0.005360161938668077
user_idyHYJCQ	0.0857080126712372	0.03492090497425051
user_idzvLT5d	0.02472526374482802	0.01002607094267798
user_ieQjRGfK	0.014333783394475599	0.005435991237733927
user_ifQ0iUGs	1.1510055343958465	0.05877638530840704
user_ifRjtJql	0.26288105726475836	0.011973800617070877
user_ifjgszEC	0.11870922653866127	0.047666050438936874
user_ifpv1TmO	0.04283710510544189	0.018212797647507266
user_ig1BFHC7	0.040074974976769484	0.014986311560225347
user_igBGqJXM	0.11348363114780588	0.034421824741355946
user_igGb4A3i	0.06489724697941168	0.026151697197978618
user_igP0w6fH	0.04117151109740948	0.016308064502055995
user_igjv6Av1	0.07814547087588755	0.03428982078235904
user_igkii5mt	0.017154679641447956	0.007517844289964214
user_iguQuqd2	0.04830031478951625	0.01802811392022803
user_igzGo1xE	0.04924061452587944	0.02148538681995643
user_ihK0BTNf	0.08735710263416319	0.03327998487961836
user_ihYK9tun	0.0781075948262891	0.029420969042395752
user_ihbiO8DH	0.039653543333975506	0.013931071371869275
user_ihbnSPTw	0.017168896128154677	0.0063007180878121944
user_ihfm53lO	0.36641685059444307	0.16132964418065732
user_ihobgPye	0.09530877515887959	0.04289948219671052
user_iiEulsKN	0.5564507899245688	0.017647419493507753
user_iiG8VCOQ	0.10347749177095168	0.035386908960237794
user_iiRNFWYd	0.2895900563128606	0.026346104329203698
user_iiWkIC2B	0.02268332941488743	0.008264066035911668
user_iisYAJko	0.08489006971391516	0.03441375408527672
user_ijJfJSYo	0.11986505239810678	0.04841947865100378
user_ijOCdbIK	0.04803373331416497	0.019628111616270955
user_ijPMXaiz	0.039938004200920876	0.014716651072551568
user_ijb4nNUp	0.11737674043437549	0.04480261002784663
user_ijw59jZC	0.027291527770881077	0.01120013103815124
user_ikpAIRQh	0.01483185223594266	0.005320929006813808
user_ilPDDDvR	0.2615269571582215	0.014987317313346474
user_ilbE0RFs	0.8579403033657835	0.02474274708836579
user_ilc1o0Qm	0.1373411418190801	0.05949850858915206
user_im0l1fyX	0.32383204978897084	0.014645332983708348
user_im94WGbr	0.06231451585516748	0.02319750339941525
user_imKym8EI	0.014349968472338711	0.005098038687882246
user_imvbWdRC	0.8570232239302923	0.028272539176728312
user_in8hyUTI	0.033681974989004604	0.012614796923194496
user_inTEkgbG	0.08225166490010757	0.03366907590312516
user_inn8VskW	0.01145120903318661	0.004106835325185627
user_intQBTYf	0.1447143576047184	0.05949244122084776
user_ioDqmHbX	0.04755622281063754	0.019365249176659934
user_ioEZVPTN	0.08811434381533689	0.03410733737629649
user_ioTG7hF0	0.2531550680054112	0.1159641910129422
user_ionK2FhE	0.06551248458958922	0.029249586286998808
user_iouJe4Ha	0.08586213739343784	0.03124695632231557
user_ipZzBUkb	0.026670006898606713	0.009657466052353264
user_ir8uXx4k	0.01976825440688432	0.008590520968446673
user_ir94ruO1	0.08371643468801221	0.0382896431432153
user_irCTOMyP	0.41129975510855293	0.011627807322792219
user_irfi8mrp	0.6380471408551589	0.06460587862262462
user_iryPFaEO	0.07566778837215234	0.029782323946375377
user_isYyLhfS	0.2261704213718936	0.10131785915916627
user_it4PlX8v	0.02946288609943014	0.012028153501725349
user_itD7gciD	0.10204664021433779	0.03549107366599213
user_itSvQ2Ms	0.03286685196388994	0.011396020246626743
user_itZL6N1N	0.338328231561387	0.0087861406614209
user_itiFl3wr	0.34574720784207624	0.15549426541111477
user_itiFqBdZ	0.024130352851546456	0.008758900114656291
user_itvkIhad	0.15162937828825468	0.0632147100908634
user_iuRTbIwd	0.02459888912262362	0.008867146144563211
user_iuhGZXjp	0.02534599747435935	0.010546202988141741
user_iv20oSfB	0.053692654432412584	0.021814532750718204
user_iw8IM2oZ	0.058624950760569186	0.02315826685648263
user_iw99jirl	0.7397891562300423	0.07407062105882493
user_iwBBswOq	0.3698835033219281	0.01485659606260879
user_iwDBEqyy	0.3164564085380604	0.026660322813012928
user_iwHkR1yz	0.12468655522649877	0.056925735289732014
user_iwUPHMiS	0.11756434157936757	0.05161376550608433
user_ix67tSXN	0.05831407616211015	0.02175707312016826
user_ixVV01es	0.03070611118034175	0.012248943150679028
user_iyMNFg0C	0.03791917736137924	0.01311759287384515
user_iyNnVYvV	0.13829425532199177	0.05533707734668682
user_iyVzQ6Mk	0.04926662296006071	0.016298037652002738
user_iyYK2pP3	0.10799618006033646	0.041981363289336535
user_iyviNtNV	0.03364807321628885	0.011987439066942756
user_iyySj9Jq	0.023615500854223134	0.008626126072648703
user_iz81vCDr	0.24109471036215724	0.008440783732444043
user_izAADj3k	0.06046774662151866	0.02408180107864122
user_izEKB21U	0.04934246498192748	0.018329565285585398
user_izFHctTE	0.0032119419558007366	0.0011728631839926279
user_izU6HOHC	0.020751931201898763	0.008840401454615388
user_izaz2PGJ	0.055084655211352904	0.022837545663603017
user_izih9pZL	0.05192040543373133	0.02437981881579531
user_j0ABZVEj	0.3423667763027774	0.024879044830984715
user_j0Nguyen	0.030459507515685658	0.010920024294721125
user_j0OSTg43	0.04832368991165393	0.018110382488379383
user_j0POHq6x	0.09456533103570322	0.03359699699834027
user_j0oCrudu	0.04504960224936655	0.016597196597096853
user_j11Ce9ll	0.06904788865385517	0.0266429100003409
user_j2eurhQy	0.044619104547569524	0.015378799167710335
user_j2pDQLcM	0.03790224602319422	0.013985488918270296
user_j2sRwpt8	0.36276639566175045	0.04474216209299976
user_j32WGBeG	0.2352227714937034	0.010314353797223211
user_j3BKgTLn	0.011223425987708438	0.004107536966195093
user_j3LiC0CR	0.37344337880535866	0.023810014619516116
user_j3Nb8kQc	0.04382740983082736	0.01660007991015993
user_j3eGJkqg	0.03759187041691011	0.016135776653678224
user_j3fzZE5H	0.0951268210191086	0.040679788629832285
user_j3wff7xd	0.02882460169621002	0.009983217580801909
user_j40EPVTm	0.4680862235242672	0.04566208792460524
user_j43ZaXbS	0.07198861078629924	0.02841300587946793
user_j4D511xZ	0.09984907851501823	0.04677297353567768
user_j4rLahnB	0.04387050175478774	0.017893473865965407
user_j5n02AZY	0.043768293879861614	0.016634796216335217
user_j6HXHy0u	0.04141554389777227	0.014504323087031635
user_j6lwGMMX	0.11804121968705611	0.04801794291581863
user_j6ooBIgs	0.07411105010877336	0.03366275273957853
user_j7FaqBPq	2.9957322733619836	0.8549974003508969
user_j7aVaJ7J	0.028196197068212636	0.01299291837850044
user_j7bHOkFr	0.021601017190440268	0.007580516234743284
user_j7uSXGYd	0.026068173676969585	0.00962585324131981
user_j7vl2khr	0.03799492322144127	0.015088690199652945
user_j7y3xZZy	0.05606588827676124	0.022585121588097008
user_j82bnHRc	0.25671943094827454	0.0918836777086077
user_j86ha3OT	0.04468014049727553	0.01850349521966574
user_j9D4zYo4	0.035960236177484464	0.015743926178768724
user_j9OHsQGS	0.06687705277072056	0.02220635403858831
user_j9VAW9nC	0.025746644716245166	0.00910118694648376
user_jAWc6vs0	0.011719189254657255	0.004255374423505701
user_jAepM5rp	0.04978875095374649	0.01851794365743445
user_jAhoZbxc	0.0747342132723949	0.027962923204973365
user_jBh3WPbt	0.01786602269747096	0.0061755710548010425
user_jBjAnLBw	0.30509526549128224	0.019555274385810662
user_jBjdLIn3	0.4265710448638509	0.01745841293859349
user_jBrhk1Tk	0.13384007813825816	0.06481980425222364
user_jBujylE7	0.07665964201683124	0.031647753910103806
user_jBwOvggw	0.01268489377574325	0.004593707901648678
user_jCMk1ZcA	0.05920409539570243	0.02547933344174334
user_jCirL3U8	0.09484523750030882	0.03038508057294631
user_jClduqPU	0.07622521957129694	0.027483402753646125
user_jCsG8SuT	0.02615326424231789	0.009364440064172537
user_jCy1Iw7o	0.3389271550914802	0.010621396441204132
user_jCy35pzP	0.031164889705724643	0.011418618398673874
user_jDGPxrAo	0.09597604784673663	0.034690155964846835
user_jDN5jp1a	0.43983881576289163	0.016528986564852747
user_jDSUpZ6h	0.032964552764298695	0.014732708662832286
user_jE4u3aTW	0.06725954919223162	0.023955472987909236
user_jEQcv78q	0.0077781311187965635	0.0028024752122067956
user_jEbk26kN	0.3686596434392203	0.14473766727393367
user_jEgi84XV	0.024918337668694737	0.009020237696697625
user_jEnh2vIz	0.035533188031108	0.015078661072423373
user_jEpPgVKH	0.0233194156704991	0.009726839009623166
user_jFdDqk4z	0.01337672314866457	0.0045009159555304224
user_jFx3iBOw	0.019205216865954982	0.00664507089808168
user_jGEi9bbM	0.06831340517369705	0.02620640291762051
user_jGnAPEbM	0.01391541570016254	0.005011577804978148
user_jH7dkmQm	0.07771090948115962	0.03602602219166638
user_jHl3E7aq	0.04776101672511093	0.014604723501912059
user_jHtjYZha	0.18817112963656207	0.07627904248151803
user_jI1DqVtm	0.044090784396756136	0.017900250409075915
user_jIJJi2jg	0.3087297630857504	0.14128588209670537
user_jIOQ7gkE	0.04237477089821368	0.01780084225095122
user_jIUP8XWZ	0.027757646658387435	0.01011322576896732
user_jIacOP5L	0.04741675311441211	0.01894341646103565
user_jJ1vGV1c	0.09613978531280326	0.03867910073811066
user_jJL8mkXJ	0.18221637902015014	0.07019129753256226
user_jJdOhPvp	0.5562800929809361	0.04143458661503962
user_jKFZyKKU	0.005179624320438517	0.0018858781553068868
user_jLEehzEG	0.4554326613002021	0.027340598940711006
user_jLkJV2Ds	0.05153346817880314	0.019443428638818188
user_jM4KPLkY	0.0390117424366191	0.015073042180384678
user_jMCWIxPu	0.007425686882030134	0.002707652913755757
user_jNFdEtQv	0.037693502855366344	0.014241422816240766
user_jNNEz2QZ	0.06756957663515556	0.023839658293390468
user_jNfBI7ZN	0.690842021268129	0.044355064309442124
user_jOCE8WTO	0.3894408170911785	0.02389265505230587
user_jOJQZr1F	0.08137452762835969	0.032273759089029484
user_jOKGzz85	0.35828673330963207	0.03320147299017408
user_jOTjbcTa	0.07657616843961837	0.02734837405283849
user_jOXwzMoE	0.08356817173929787	0.03219937394148466
user_jOcH1n2I	0.6856155953863915	0.0213021082541389
user_jOl39Nn4	0.04055072370283087	0.015090861197085899
user_jOmYV7OH	0.03920968561055217	0.014218495634316831
user_jOzxmtjp	0.521068677469488	0.03461199317259659
user_jP3n17d5	0.05351201763975971	0.018766527601689273
user_jPUhAysk	0.07432082346163629	0.029801459003406333
user_jPYoVjDQ	0.020602286923696696	0.007876251967178064
user_jPe7S3bf	0.06475738722756437	0.02263796728017289
user_jPicGh7a	0.04752301157543605	0.01698712097080322
user_jPtqz98N	0.013565302113517946	0.004778199500653206
user_jQNDygOs	0.04220740439008477	0.015990068737722272
user_jQmohelT	0.04887229139795651	0.018235858908638346
user_jR97QHlo	0.013649006403835146	0.005013951890482543
user_jRCBRGch	0.14059306096527407	0.052172564697631735
user_jRbrQ1MA	0.013677114184283821	0.0047411290033711265
user_jRdpVFLe	0.04464830456090829	0.01821240912706295
user_jSTqUDdS	0.5011762997101024	0.01486706550762855
user_jSUFP69O	0.020293946829971835	0.008581594312279749
user_jSdh4wqt	0.04638365838577367	0.015393739855775147
user_jTDCFrpw	0.03671767669354594	0.015773727702460622
user_jTSLmOMY	0.06285068742220924	0.025720587750434357
user_jTX2DrDO	0.031956959548976545	0.014165372078922
user_jTnKuDAf	0.25226613220562843	0.013638730789557765
user_jTzMbB1U	0.009533868306386747	0.0032988055528803705
user_jTzq9pSb	0.1856923460945599	0.006611336287762638
user_jUFWVGdS	1.0722984636516113	0.06493671418066621
user_jUN4E9G0	0.03165359421453339	0.012664757759708776
user_jUS4gHMC	0.08198310683627025	0.02763964633223604
user_jUdoJTSu	0.0618276704963262	0.026647823265062452
user_jUf9u5v8	0.04516090549633152	0.015105007753361824
user_jUpsGppS	0.019762175218635478	0.008651319630374821
user_jUyHSaF5	0.5086368365669847	0.015440146620756427
user_jVAKNdaJ	0.28126581630107605	0.026589244013547238
user_jVMOO5mn	0.05893471711043058	0.02037112537941269
user_jVU3Di5D	0.12473984025941443	0.049502761971834425
user_jVaNWWw5	0.07690105753168693	0.02795494426778276
user_jVcSpkXt	0.17548680800931393	0.07248935136078676
user_jVkcNf6L	0.22584694914006448	0.09625676577154678
user_jVutUN1S	0.05091588127920253	0.01575915945000438
user_jVzTgNV8	1.1079793225458285	0.029326379143420588
user_jWALJcR8	0.03964742791393641	0.014904216821923283
user_jWdwyQoe	0.03177509045818426	0.01291090298102923
user_jWydwJaW	0.9939591686081345	0.04685945618005858
user_jX3ye12L	0.05356324633268789	0.021341686533568112
user_jXDi86fg	0.02276704887729989	0.01003154347571186
user_jXG1wpoM	0.028936745072693552	0.008902599030554093
user_jXOOYvoz	0.050709273692052095	0.018906751008090934
user_jXjJOkbk	0.07694363963435977	0.03031623021829676
user_jXsAYelE	0.06762568580541012	0.027902867886996724
user_jY9yaBCd	0.20249037067953246	0.012225892794484345
user_jYQXfuVH	0.36967129566685064	0.15131288350549094
user_jYQd7qT9	0.07977758989693992	0.03213227381271648
user_jYhqJZ7v	0.03125442577552186	0.011528695497247015
user_jZ2EVSps	0.09196260616053475	0.03204568672126645
user_jZGxkgkI	0.2588080767462817	0.009849160608373462
user_jZb5w2Gi	0.3245220182866955	0.010421747418156468
user_jZcP3gfy	0.8008577502161285	0.02172509402356248
user_jZhqNK08	0.12797468890048475	0.05063496669927499
user_jZmvJEMU	0.08948372458614473	0.03547723108211173
user_jaG2d1gk	0.032366339843355546	0.012779729031036736
user_jaRN3UTE	0.3767453169742593	0.03467481188986268
user_jaYMh4yI	0.3115947680496116	0.01457098697306404
user_jbAK9jSf	0.0684281177439035	0.019666301209080358
user_jbIYRvAQ	0.06972160748048511	0.03214261423427034
user_jbirKrUt	0.0733905019129	0.024916243071910642
user_jbkcYr1u	0.027185813023483288	0.011103509550479713
user_jbrkUBTK	0.1302323354622905	0.0425620984604137
user_jbs4xXTj	0.19566812997506822	0.0580458495639137
user_jc9Z3Zbl	0.48359261793826847	0.04820087153098769
user_jcEeCrQJ	0.0305899870224625	0.012209205248336885
user_jcPy2jOg	0.6241753467933558	0.05971028075753734
user_jcs3yJFz	0.0670027442648468	0.024556209951309593
user_jct1BVIt	0.020159900776150735	0.0074654357661790224
user_jcv9S1Vm	0.051436469426793634	0.01907472269489274
user_jcysoXpR	0.020014494993642037	0.007384198619897373
user_jd4gxDzy	0.0842297403983447	0.03521800168911172
user_jdNmU5KB	0.04679275929520384	0.01827132194978599
user_jdOGIsDl	0.25048972859114105	0.10558857860656752
user_jdZRGO1b	0.06261382525514508	0.019235290935563008
user_jdsfxueK	0.059789509434383485	0.02458205492124861
user_je5YiA6M	0.014756574759786225	0.005248514772493729
user_jekJokHp	0.15530992428704998	0.06717398585084958
user_jeoip7Pk	0.06790896015579684	0.027576577428943164
user_jfAtdtor	0.38733615549179956	0.02342799575739419
user_jfJNqIBY	0.04445480995133308	0.01847282888762637
user_jfS9U8Ni	0.10616819670312165	0.03942191033934883
user_jfpJCY1C	0.3871858018178128	0.02367509844289731
user_jfsWqItN	0.03509647611352261	0.014789614204651665
user_jgj4rDHn	0.03787800480420558	0.014803136054939771
user_jgjQGyUN	0.06325007321784881	0.02449327343721497
user_jgloZXeE	0.3222256132763897	0.02165324358994584
user_jh0CCsz5	0.03803276182835368	0.014860594554881985
user_jh1fd2TW	0.0493530913071792	0.019805481199271013
user_jhLSYr5J	0.08382486773760005	0.0335606584584484
user_jiJkHAER	0.035920071244429135	0.014171465928455095
user_jiNdYDMN	0.04639590679347614	0.018021616032951625
user_jiYFKWaa	0.20076847034359127	0.08351444648522965
user_jimjxEdt	0.3490545208187936	0.018183636867106195
user_jix8Xzki	0.03979942033987775	0.014877487595155222
user_jj0SNKfv	0.35397091983631584	0.12181833429005982
user_jjYonxo1	0.04975727022888919	0.017416031913143
user_jjZcgVfW	0.07838339146807453	0.030432926534964093
user_jkRb22iJ	0.07833508345974895	0.030986032983900572
user_jkYH4A7N	0.1361226197630896	0.059991782549912
user_jkahJgQc	0.10389281686835175	0.03655326608822531
user_jkiCUMEP	0.9922039423007962	0.052972468858206855
user_jkySo9eL	0.06729982415247707	0.028606912152536208
user_jl3bN5Dn	0.03875071895297011	0.015030869298044005
user_jl608fME	0.31629332757580764	0.017704336516916747
user_jlIikXqN	0.049811742850576345	0.01875526261815065
user_jlW5twIY	0.04161162143685108	0.014382320580569104
user_jmN5Q2g5	0.04679365550402635	0.01785730329754531
user_jmbcwQ2M	0.09746941941079229	0.03871429778844824
user_jmxXBXmO	0.05238067506596793	0.02099232865667515
user_jn2gv2Qa	0.40803169737950185	0.03186807200011389
user_jn5TP1Le	0.012186837644634137	0.004392442362077731
user_jnXh522y	0.03155835889855768	0.012135511199165493
user_jndxiQaP	0.009677542184411293	0.0034417885094548176
user_jnvEeyRE	0.08561809375635077	0.040579959885787484
user_jp6fKqVg	0.043197475669430115	0.018175089135765068
user_jpR1YLRt	0.04450537344737629	0.016403960887161898
user_jpa6gpnA	0.39023467172444476	0.028520679240405807
user_jq3BGHfB	0.022032711580846284	0.00766221718517896
user_jqKWEIaZ	0.06874603331198263	0.028703232905574964
user_jqMWYQB7	0.4594811301786374	0.02089127623052434
user_jqwtcXoO	0.00703423264090015	0.0026310613558073355
user_jqzUO2Vp	0.045327094784444036	0.020505339730847755
user_jrUI0pkL	0.03277026993350673	0.013390518405219941
user_jrbILTgm	0.585690742938393	0.042723091757744344
user_jrnoCx8h	0.024504603581791174	0.008287675477092221
user_jsDAuE5k	0.4442338523210486	0.03461897697809853
user_jsNxgBLn	0.18452548200163765	0.07797339677629596
user_jsVmj3Qf	0.042342513368843065	0.016512372235172865
user_jskxj1p6	0.03718633447492796	0.012706934754417115
user_jt7aeVW4	0.06450924159363763	0.027203408447533658
user_jtFf5MrS	0.005090381292120211	0.0018586512439068333
user_jtGz7L24	0.03769136740977498	0.014698034887556883
user_jtJGjPpU	0.05440533198631161	0.018680914510824664
user_jtOiFP1c	0.11077529686674223	0.03980732807607555
user_jtSxV83C	0.16420045335760536	0.062029748455090856
user_jtgQAxuQ	0.022894021884439848	0.008187021738244113
user_juPKSFAf	0.04548593754516149	0.019111338366372632
user_juPkuyvK	0.017218159002236104	0.006158244384240973
user_jumJqiMm	0.06688274510471673	0.02712800668514591
user_juolUUus	0.00933496335691432	0.0032810901719150737
user_jurlSUZ7	0.2267691222904018	0.01044750880543246
user_jv1lzBPJ	0.060045610755587044	0.025016221076289872
user_jvHgPooy	0.0963499078084006	0.04089567122068415
user_jwZnmEy8	0.4964017605612097	0.02213560758769666
user_jwplUdJx	0.017395358479031803	0.00653393467801574
user_jx6xZ1tP	0.4253331530183798	0.042167264605179285
user_jxRxE6rZ	0.037857023485311316	0.011726220327901946
user_jxuHiFUz	0.15848432563929268	0.05769185027577107
user_jxzwTrtk	0.041736314435633526	0.015663508616980456
user_jyNat2ek	0.1345702216486282	0.04805368329441136
user_jyyFohIx	0.3500439515476834	0.1650345220946944
user_jzAAZZ6X	0.050942244058236816	0.02020022242626436
user_jzCGP6H4	0.037926610445678834	0.015017790272203521
user_jzGXMetL	0.033190708982381814	0.012892959531868064
user_jzOoCW8B	0.027609784120908247	0.010171921853300316
user_jzcFQfkB	0.42205469071565627	0.02999742457176284
user_jzlAYuzR	0.02785002455460993	0.011568670783651501
user_k0DX2u0i	0.03452244736290689	0.012316047414344597
user_k0RJCaCT	0.11780346776772121	0.03670280004951303
user_k0T07hMe	0.057604123607879	0.02536987835159956
user_k0ZOtrwn	0.07305714733465157	0.022294544757566915
user_k0eocNfj	0.04581960854302491	0.01789237097495699
user_k0lh5RPj	0.055316251655259586	0.01963442397182016
user_k0sezGv7	0.05932379558898926	0.026290288572294967
user_k1VTxuwF	0.8155040988153905	0.03379554009995058
user_k1ejEV02	0.05056008191409499	0.020855015640938255
user_k1h5zPdX	0.03685389685438821	0.014847470946875233
user_k27XLT3N	0.04939566280679032	0.013184514722645447
user_k2YCTUrb	0.10409438404126246	0.03968826322048196
user_k2a0UWs1	0.021150725015541945	0.01041126443572421
user_k2nSdU5c	0.03332151356500848	0.014915009808158648
user_k2ski8di	0.03120805822155874	0.01254130910786209
user_k36t4q9B	0.05036209475732054	0.01899572574479149
user_k3PwlyQU	0.01782501733832495	0.006820883041603791
user_k3cJ0rJI	0.017964201308893424	0.0065695080118045035
user_k3k50ySd	0.026278534247755017	0.008283652284613393
user_k4Qm9iU9	0.006473921238702891	0.0022902499208498164
user_k4Zp4dNp	0.36510457658303663	0.02029713981660058
user_k4d9lJdt	0.16500915594806537	0.06373364478998443
user_k4ggResf	0.08033563802251686	0.028696092390147268
user_k4jzVZ5K	0.019715887193578994	0.0071614460284449
user_k4nLncrA	0.04343014145030141	0.017330636920487523
user_k5OUor43	0.03358877733351853	0.01248499757941642
user_k5plxXWP	0.1437366570299039	0.051197858299093284
user_k6sGmZsK	0.08071833790310426	0.03125508734912883
user_k71mzG7g	0.031761916864247466	0.01193931143458328
user_k79gel5W	0.06543628142195265	0.023669931829030127
user_k7PTYb55	0.060403939003367914	0.023978398459032147
user_k7Wzk79T	0.024981346890421717	0.01016904887237074
user_k7q4xDUB	0.041853777798316366	0.01748450487087449
user_k8RvGl26	0.025689609484356876	0.009856673513843303
user_k8RxOPSI	0.010963530722203886	0.004126753126500142
user_k8UbSvUK	0.2862549102790488	0.024713279799126863
user_k8Y8sk4k	0.08122880069635033	0.02629715613258349
user_k8dVKW0N	0.04224212010899177	0.016602375881887642
user_k9WARk2B	0.08223442463434967	0.03493811340055066
user_kAAhIjFJ	0.023122447259262414	0.009699491170071208
user_kAXvBpDH	0.4510071844588046	0.02104619668000214
user_kAYHeDXB	0.05211657603124056	0.020070344204529165
user_kAYL8NVv	0.1176221766590384	0.04797151502669197
user_kAfbWL7S	0.09794946551106143	0.04510933554199898
user_kAottTkM	0.03235258412312702	0.014483544194821892
user_kAspvdVM	0.037787576275740115	0.014206604630213518
user_kAuEcpHh	0.05418901565354525	0.01899260783861496
user_kBMTQJf8	0.08264351473130696	0.033215623301878515
user_kBo9YqkY	0.04265992098954867	0.016561282809169346
user_kBs3l1RP	0.0635997498092857	0.02562895930369293
user_kBsEtoiG	0.026530336279401864	0.008637255309989817
user_kCNF2Qe3	0.032316630785727565	0.013403113013451477
user_kCo9Dcun	0.040387080783484325	0.015025809716043458
user_kCzKkGB4	0.35299892201458777	0.025168425745972597
user_kD6ttUsa	0.005592732520307626	0.001973534295313601
user_kDBL1wJp	0.07547422511752985	0.02902778417055267
user_kDHc9zP6	0.016379635298491117	0.006208864378980261
user_kDZJEcQg	0.06372125233295353	0.0248185421178884
user_kDnFcTzX	0.09337307617117413	0.041275128404948375
user_kDnLB40M	0.11179263212905359	0.04079917328670572
user_kF1I7xtO	0.0801057262570879	0.030784870173959897
user_kFHOakUO	0.024004781505340054	0.010261963533799772
user_kFcLJiZK	0.5027330126177451	0.041906007509797435
user_kFgTQSy6	0.1105141289656572	0.04923630843613268
user_kFiV2VMM	0.020828218367681856	0.00697039404841781
user_kFiZb1Bc	0.09075863733274434	0.028688053757458695
user_kG4z43k2	0.06317601224558123	0.025264119558337586
user_kGGd8Xmp	0.06807237153402965	0.028192442472277982
user_kGISs8Zw	0.4138558506643511	0.03317108986252393
user_kGSzsmug	0.06829397013468985	0.028268728049689
user_kGmJ3Ka4	0.0170466675495019	0.005994019482809982
user_kH1GPu3U	0.028857375749362073	0.011466764570563174
user_kH6R1kNa	0.06752139775533783	0.024879502246772493
user_kHExe0Fy	0.07969562468583542	0.03520957596716389
user_kHMtj0MJ	0.05555260963094773	0.021311510068974818
user_kHm3biUR	0.05838892280226913	0.022407927433442085
user_kI38U9B2	0.034691990131950935	0.013842991825518647
user_kI7k76vr	0.0551562191146875	0.023542221415030543
user_kIM2bimg	0.03996661947129418	0.013314986805297474
user_kIOwELDo	0.02986461091528121	0.011017737135715496
user_kK7sr5LA	0.06995903203201347	0.020594573814247636
user_kK83it72	0.5635075436280856	0.031413917786787086
user_kKCFHgYJ	1.0612159258394	0.03121446004146188
user_kKDBCayo	0.0020203027690419324	0.0007272739518753106
user_kKEwa4Tz	0.0959168117821074	0.028758073782257216
user_kKICVd8j	0.04028401040795714	0.01752928284534057
user_kKImet62	0.02271336338562413	0.008336686487929767
user_kKu2QrPl	0.021619668992504733	0.007669578016053992
user_kLEwj4nS	0.07846171924025588	0.033859844378388994
user_kLV5M7K9	0.09772366394171061	0.04342240885115032
user_kMPf3sSF	0.120663720606255	0.04239822065867354
user_kMXsOO5z	0.018099013879834473	0.006453647163186528
user_kMnHrfPI	0.07532991138750536	0.03686367889842355
user_kMztFhwM	0.1750141019617403	0.08004619364988338
user_kNQ7nn1l	0.5253086116160055	0.04610882402042839
user_kNVEX0P2	0.028585234249939362	0.010597521261711516
user_kNt7YQyp	0.07385240111363925	0.033289500154832424
user_kNvYXcbW	0.047666269931882124	0.018628799630739386
user_kNzhdDzI	0.021753221674854762	0.007825037146378028
user_kOHKUl5m	1.0664614292566712	0.12146702475158677
user_kP5pA9xp	0.03033792423175878	0.010929330079861976
user_kPDFarxU	0.03419940568693007	0.013662630160543743
user_kPd2qD2k	0.07600783196552371	0.030390544471194703
user_kPeB3Kqx	0.0953137223887481	0.038746646691385125
user_kPh9JqT6	0.051402225643895905	0.0222984516488579
user_kPnRQpa6	0.12608059783540382	0.048404585089637554
user_kQT5ZUc8	0.5419864271423451	0.034960556784486466
user_kQsPReNS	0.0613296787905081	0.02371960532566001
user_kQtDHmjm	0.30235236192087117	0.11160894506557685
user_kReyPe0L	0.038942042716807415	0.014895733090611015
user_kSDaKaPM	0.12039328729511999	0.05459368778899892
user_kSJjOc4G	0.4248403968400327	0.032443490096927124
user_kSeAXVwh	0.03712398283127982	0.013699953221056917
user_kT1wwtoN	0.027892944900760296	0.00981929104449002
user_kUBy1V6X	0.04205053634916549	0.01709729097853323
user_kVuldy6X	0.07075213790993372	0.028798999812694105
user_kWEkhblJ	0.040524361198967525	0.015502114657329978
user_kWReejAY	0.4702599731336482	0.02181479426126773
user_kX3Zf1jO	0.05883322923751547	0.028240322303185093
user_kXpoMJ6C	0.013898129709842048	0.005086425538911592
user_kXrneFd1	0.02847013678465478	0.009866747273501546
user_kZFEvc2t	0.3192562209440221	0.016701085593329383
user_kZRBVoHu	0.11368965265764058	0.048814763305035425
user_kZUYyPlx	0.08552345384598953	0.029374781558566425
user_kZz7YJkI	0.10024595999246733	0.04546207303147398
user_kaEbqq9U	0.05832282388545022	0.02073587720524123
user_kaNdUiiw	0.0333594263911325	0.013697961386221683
user_karIByJY	0.05858443452071479	0.024540181697064865
user_kbEi6TTc	0.025689900029824103	0.010524037255826643
user_kbJZ2c8X	0.07313991895181238	0.02927332151062601
user_kbQFg1tg	0.09644121123731243	0.04308466517728401
user_kbTuX0XU	0.0682167237193986	0.02694058545516599
user_kbad86mh	0.03711108714636775	0.015306967829383353
user_kbxz6qH6	0.06910490261342764	0.031358662932017896
user_kc4MXXGs	0.033077463790705745	0.01360965533842065
user_kcJHifet	0.045982867360165616	0.01974347990782318
user_kcRVZ1CL	0.4076167446926865	0.0326032667114221
user_kcT3tEFW	0.024109452446828647	0.008577614979774797
user_kcqghv3F	0.047118982333380466	0.017370330338037712
user_kct1Gy1F	0.490449420116059	0.034863694344327144
user_kd99uOYY	0.04593673115978266	0.01670131428981646
user_kdlPGYJw	0.5189385670637894	0.040226799322116306
user_ke7lfXjm	0.057161229735151864	0.02566703925778801
user_keGmrsnP	0.029440499940553835	0.010825760348875325
user_kecN4BML	0.7477005547956901	0.05633292784964249
user_ker2nzzO	0.029227296927462433	0.010352011286020146
user_kf3lmZbz	0.05478006532322249	0.01897919967466806
user_kfHCRPk6	0.021777740884230394	0.007895721763787155
user_kfNvehK3	0.047044739341276814	0.02029466313989963
user_kfQQQysZ	0.016758848808966678	0.00602756842198577
user_kfg0ekRs	0.13465037934788382	0.0448244880635226
user_kfp3viUY	0.08192558743235011	0.03096130175905943
user_kfrcseZp	0.08090630858735515	0.028311542401698156
user_kft3bfjZ	0.026423401450436243	0.01084771916340462
user_kg4SRHyA	0.029224917301709726	0.011424643882623566
user_kgfMo2Bk	0.025409943937018183	0.010347394697489706
user_kgfqiTYm	0.014892877331346203	0.005526733915832662
user_kh2KtIwW	0.29705123021879964	0.1364054476202166
user_khKLKGVH	0.1375075323044947	0.04162749028627344
user_khSgUlyW	0.06728835620927869	0.026424476969721885
user_khWrQB5n	0.8862100361153282	0.033924817866436634
user_ki3Q9Cco	0.056498174021028205	0.019708371892126444
user_kj5yXUCa	0.008821015906309222	0.0031208471321438145
user_kjKs0sMm	0.05981020361133086	0.021072301986007697
user_kjsbiioS	0.004243372520406755	0.0015424501660383809
user_kk4rqgJ7	0.034595766452710196	0.014354298649178084
user_kkAiXmJo	0.03507503291498509	0.015332017088587285
user_kkUO5lC7	0.03343577087502512	0.011978028466396987
user_kkiUAsvh	0.03413787647625641	0.01273762986721832
user_kkklLrAE	0.06492136463558507	0.025005115710048265
user_kklOci8o	0.01728558609414038	0.007725286069829875
user_kkpd6z39	0.06454058336111884	0.02192925356969416
user_kl1lsw2q	0.015217197044946885	0.006903017124859974
user_klLqNyR4	0.04943942644587337	0.02092099838498199
user_klMad0LJ	0.11862146331749258	0.04423286847523926
user_klRDxh7y	0.011361287693544282	0.004292792051780155
user_km4NzJ9T	0.040106105406153295	0.01280958608792963
user_km5Z4SKn	0.09453550631258772	0.03936536317298672
user_knQfAHq6	1.023678574229071	0.03301342879468819
user_knW9Jjb2	0.6009792943045915	0.022577692105213334
user_knWrTjFe	0.0639670360011865	0.026486711815239712
user_kniBFr9F	0.04879345413335944	0.01690264440793064
user_knpr7dNB	0.04392228362164094	0.018263631380839616
user_ko3O88a1	0.5366679241177966	0.030260678751649228
user_ko5ayQLq	0.04293481807985802	0.016979771597736937
user_koLpj86Y	0.04848724005811976	0.017604191052311258
user_kohTfTJ7	0.03867967276300512	0.016579983941877936
user_koqxHRz1	0.05205893304061015	0.023545250286032684
user_kpXxQppy	0.22012321385644767	0.09700871916049912
user_kpdINGsh	0.02228031716985531	0.00941579079044098
user_kph1tSX8	0.061338535981814366	0.024109175240284414
user_kptqGbz7	0.13220599103857422	0.05341721125851299
user_kpwpoteI	0.029561045320786232	0.013359279807445985
user_kq1gfPqY	0.03524545045428675	0.015317120730417853
user_kqdoRA3S	0.015887192716803826	0.005801502300569927
user_kqfCaJFQ	0.02591521644194589	0.009698415963872338
user_kr2Z5aXo	0.025194973473792147	0.008078021374567522
user_krKK22zv	0.05779813825997835	0.024382488261275006
user_krO0Jbrp	0.08394357999867963	0.033003660450458966
user_krThLYML	0.04526273068300608	0.014620593220561131
user_krq3B8ZA	0.1956873842773142	0.08059737676686422
user_krrFINQz	0.3225007128404676	0.016091765828736948
user_krrpaNvx	0.05874546552306211	0.025259510333176118
user_krzN4nj6	0.2952763975833815	0.01978083134439989
user_ksMPlyzF	0.004441258989175214	0.0015670812766218093
user_ksW6gh7A	0.09750908989570022	0.03949542760584824
user_ksWNbbZ8	0.03654717083113128	0.014440553631797259
user_ksxVTdfa	0.03293928511592196	0.013621700911169935
user_kt8pc1Fc	0.036045923113095235	0.013052771983627946
user_ktYgQSug	0.06389401397782986	0.02126003203267784
user_ktgHqVTy	0.039867422034170666	0.01714118297214695
user_ktjhZSbc	0.42749802382416596	0.02124114397883043
user_kuj8nscj	0.06946692951845855	0.027945231994492517
user_kuq6vZOE	0.03140485504729226	0.011342033108485963
user_kv6N2Pz4	0.061787598385095094	0.023783053877371663
user_kw05Drsx	0.06929361407507971	0.025373190867968395
user_kwByHYsN	0.07188445784426618	0.025410802687170875
user_kwDp5oZS	0.04527933650445095	0.01818528009377037
user_kwISlWg6	0.09577770638857415	0.036233110406108035
user_kwMHGBKT	0.06175964331817249	0.023486726741257694
user_kwbteUZo	0.028542610999949897	0.010407164005621245
user_kwmdsNul	0.03936502642090672	0.018257327304495658
user_kwzu9cbl	0.05707350149741098	0.023995144095192697
user_kxHWZ7Gv	0.025623921630963165	0.01200905346999079
user_kxJUkBPE	0.05882919085931222	0.020735951536797803
user_kxLCUIQd	0.06104350649543047	0.022524120165875367
user_kxT7gwYn	0.032095027153976344	0.011930846218698459
user_kxTl2swb	0.03438775503696512	0.012990769639342993
user_kxbfcijH	0.07047540828434262	0.0233259838694138
user_kxcem988	0.08751789779135352	0.03207572810860736
user_ky1erYgi	0.01660092639374755	0.005994570421096583
user_kyP8oNvX	0.03999123567161883	0.016138632245375973
user_kyQO46AN	0.6534043829884393	0.0387536335042956
user_kyYjuFfi	0.030561575378654046	0.010753068364768862
user_kyi1Qgjm	0.09090217550333728	0.03894052343464767
user_kykDTemg	0.004040715069983906	0.00149172656887259
user_kzAs25Cs	0.0223583067193967	0.00934630066473959
user_kzZ0Jpo0	0.06491550697737422	0.02369813353512848
user_kzkoN3Rx	0.042742875713125635	0.016909868426445315
user_l0QchDUn	0.011581893387823266	0.004162648151674903
user_l0rD5qm2	0.13070781933750675	0.04634829570698832
user_l0y2UTQH	0.2203469988800971	0.09170341397389055
user_l17kNHfZ	0.4394046170647422	0.03785988465120035
user_l1FIwRWA	0.0440964755839931	0.01642204095024522
user_l1O1AreJ	0.051203623460306186	0.022256880851808738
user_l2cM1VVO	0.050546443142387036	0.01809048812521986
user_l2o6BG01	0.0440850819485491	0.018615330314894787
user_l32sTyXi	0.03365175027089895	0.013103210062714395
user_l3fOE5NB	0.011089057527821355	0.004171882804830827
user_l3rJEfYt	0.3602272767055425	0.015898228013211876
user_l3reHRJQ	0.2546571964083157	0.012670154295165971
user_l3zUTdvo	0.028012032964453138	0.011645077369287347
user_l4MkTKeI	0.08391329204902688	0.03384079126841687
user_l4dmBydb	0.03402690606999595	0.01343371601605903
user_l4ypmphn	0.5468496578748051	0.0316449694531784
user_l58VNJ8L	0.5778099183939938	0.051447057141201236
user_l5Oc5hJ4	0.05632204633635653	0.022627223949391383
user_l5RqPlIS	0.03675737396701776	0.01493054658280138
user_l5T04t9i	0.04823783046231245	0.017747446868178415
user_l5b3pR35	0.029008146104920435	0.010491384715424743
user_l5fxigAS	0.16091514684694513	0.06768390112662903
user_l64sFw3E	0.07062178350301437	0.030983244540673575
user_l6PNdQMZ	0.35669249610682074	0.02454090355595519
user_l6XRlG1t	0.2199332250236061	0.08104060746485986
user_l6ZJzk6X	0.18973355696484623	0.08818258823914918
user_l7MB9nVh	0.05884292547071564	0.028115491455210192
user_l7OTwRqD	0.15916017443431718	0.056877767505814004
user_l7eND65I	0.052979034405783616	0.021664558886050383
user_l7kdYIiD	0.3625482270562191	0.012113724503029697
user_l7lSC2Ad	0.04821016435926119	0.020728376805827765
user_l7q0fAad	0.08746154321838945	0.037189299300081656
user_l8VeuYGd	0.0579987333225787	0.02448631092683696
user_l8bwVVzK	0.028093128693990978	0.009647802760874466
user_l9bOoPWJ	0.08913129270330425	0.03672538321103656
user_l9fI0CK1	0.014324501022281926	0.005308253549828787
user_lACvYqXk	0.07014131601110715	0.022249515417742602
user_lAQdnP6p	0.022115698546647987	0.008023793862186997
user_lAc54Svj	0.053182857337702394	0.021418852402054416
user_lBJBJDkL	0.050118630979603666	0.01916598023440646
user_lBUSCWDg	0.07927862443637118	0.029196669092537965
user_lBqDOBjm	0.07081376897318963	0.029248890619409697
user_lC07Tq67	0.040736595826465716	0.016479192798791016
user_lC1S8USY	0.07525953407252503	0.03116501440208703
user_lC1cb1aa	0.4840964710612953	0.03364991799052557
user_lCHcxqa6	0.05879248835206	0.017103461654069445
user_lCJdrSKH	0.11802376320096616	0.04452189108026594
user_lCOohLW8	0.01814671694879908	0.007948320851132746
user_lCVAimku	0.026458523644166607	0.012395775805073873
user_lCeYp0Wu	0.07828565516995063	0.03390306999691379
user_lCrW0x79	0.033697085359105636	0.013313522070737223
user_lCszfp2g	0.04743883211633385	0.016167242153888452
user_lD0ioFoJ	0.3624350175606223	0.025396643855527774
user_lDPzT8eD	0.0915186991232603	0.028802652423296566
user_lDUOzw0I	0.4048681014160249	0.016790049863808873
user_lEWXZ3fV	0.06369438194717962	0.026651041319032134
user_lEjIiGpV	0.03641983349393847	0.01729027074124582
user_lElpFVLf	0.17443095249744778	0.00875689940993735
user_lFfTCejE	0.11051541920576144	0.03394221474536689
user_lFoqWCwW	0.051801642952207176	0.020589602035731677
user_lFva06wc	0.22647160176439662	0.10082654850543096
user_lGQrLL9n	0.3600544065447739	0.020218447835814776
user_lGqQJMIK	0.03233592951557847	0.013328628036963365
user_lGqSyJKm	0.06072429361441646	0.026403114608445678
user_lHElh5S7	0.2141126394472815	0.07939835567423062
user_lHodBWFi	0.11264111624249092	0.048881874681440764
user_lI147LKZ	0.06134384305246706	0.025928866103510157
user_lIZA8fPr	0.25085809485296306	0.013036386977474201
user_lJ40yzQw	0.426018621508917	0.02348660858590986
user_lKM4zQKR	0.29289287957889765	0.10550089589434326
user_lKRAqebY	0.03603492750435894	0.013856691310616846
user_lKcXbaaL	0.046786676705276586	0.016593331373233156
user_lL50MGA3	0.11800066419369154	0.04279437724894516
user_lLHt9bGP	0.05672832873988689	0.02089764298567794
user_lLgZbdCr	0.32523276989982486	0.015394653640658713
user_lLkdeKfT	0.030969317090137543	0.01251163519358349
user_lMFjv9aY	0.40458689597333547	0.020290656377198017
user_lMNpOvyQ	0.09862265766126993	0.03790779879874339
user_lMhxJSTn	0.018381114754307492	0.006833011547326329
user_lNOqvVWE	0.04535427571197729	0.018300288254375133
user_lNVlUHUw	0.05974757616337987	0.025022504419127164
user_lOIPdeg6	0.2770240842349758	0.12354183926923377
user_lOOMcHmM	0.05309273330124421	0.019775376340118257
user_lOa5iwmQ	0.03599352843463639	0.013407535877515201
user_lOcDgp4b	0.07116689624539072	0.023426680947623457
user_lOdzV7vE	0.02097062957082895	0.007820154084039818
user_lOkWiDBm	0.1939471252951716	0.07247314115584629
user_lP0WU0vF	0.12299157260335113	0.03986774712209838
user_lPNifQwY	0.04215364315832042	0.017675012331107846
user_lPOBzdzj	0.08504212706580055	0.0334090648648721
user_lPi03ZB4	0.022023467312354002	0.009151531488976333
user_lQKZMQiX	0.007860818976677383	0.0029247723434253276
user_lQXmz85N	1.0245769702462495	0.06945231416046835
user_lQlvhyNf	0.01859522567418151	0.006770189308132113
user_lR3WUiQd	0.17909698623217077	0.08173220573895891
user_lRLUyO5m	0.1557310994130375	0.060180639945628174
user_lRPjTjya	0.14886282165370912	0.058094932913685615
user_lRRQDx2t	0.037238600379942345	0.013589749507554297
user_lRTDI8BV	0.0876852774319746	0.03403291700830946
user_lRfK1n7E	0.02425248987502836	0.007675177048545819
user_lRq79BPM	0.2072893359717244	0.06056523927176946
user_lSFigSwy	0.023164105422273658	0.011143851251476626
user_lSHYBQnV	0.06394844204503342	0.028384722925112894
user_lSN7PBcA	0.01183873694923749	0.00427745768467199
user_lSTjPzjt	0.2143333779034416	0.1015209431439245
user_lSe9BsDw	0.07007357559124534	0.025603382552975427
user_lTsIsvUr	0.10284872854079588	0.04753380088015481
user_lU0LXrJS	1.4517615498860947	0.07952095497093753
user_lU7vjr7G	0.1711741010208215	0.0618529318550958
user_lUl62Ryr	0.16304361419396193	0.006491134938963482
user_lUxTGv5K	0.013934943176245627	0.004945932675205828
user_lV4r4o8L	0.7435035808880481	0.04746928663413052
user_lVKJBpRD	0.033070160265534616	0.011917145941182502
user_lVkSmG7K	0.015498077806283747	0.005746139264715852
user_lVvOvyi3	0.4144880728758824	0.03429258214086391
user_lW92Dmtm	0.013415169499809781	0.004991006103045836
user_lWiO1PJJ	0.2029187800720933	0.011668864220121498
user_lWr8Mu8G	0.07251639039486353	0.030727079447343254
user_lX3rrPx0	0.062414869140332244	0.025420938789724592
user_lXLWJrGv	0.040987079053461994	0.015616796438970557
user_lXcdMwmZ	0.026277716897819665	0.009997698346703603
user_lY2EgTyi	0.018112730864631037	0.006254072094473275
user_lYJTz7o6	0.0322407264025357	0.011934426883733383
user_lYJzu6fu	0.0677669900218935	0.02497649487259262
user_lZJING3c	0.3233125869316813	0.01981759568842271
user_lZYDhiez	0.020732238698668463	0.00754360884105662
user_lZfoMKW0	0.24809442064491874	0.10299185186541915
user_lZitupqo	0.05127144059300878	0.01679484780839214
user_lZm6JxwZ	0.0806368139084287	0.03361375742762688
user_lZpzeOmK	0.0035484802451563324	0.0012940375463423403
user_la6hshfH	0.972750721929915	0.061301684384653714
user_laAIutaN	0.30358134681861726	0.10620426950279199
user_laHww2Ze	0.07120426508141856	0.022420268773906273
user_laKEGubR	0.48295025209536224	0.013578463014396767
user_latq7mxv	0.1801685657586099	0.07952510130827295
user_lbvlvcZi	0.029908464626483645	0.01147027216383986
user_lbwfwKI2	0.1477651573974205	0.0636611828712076
user_lc6Cdit4	0.059037934055945415	0.024181287945189565
user_lcJzBriN	0.6616800965025236	0.03187487117688673
user_lcOGkzom	0.04973804530524726	0.017590486012828168
user_lcTHlFgT	0.08941284191874142	0.03948475647897879
user_lcjOCBgn	0.03370986145965314	0.01352789159539317
user_ldAQWrw4	0.3824661480488062	0.015175573036854491
user_ldEnDa6N	0.04672178883944976	0.01706590201555449
user_ldmCXn2g	0.07466592150007008	0.025394145493345958
user_ldtmtJO6	0.17222831430501667	0.062276465571252416
user_leboQKXO	0.02829198081977566	0.009812960783218016
user_let0lfsh	0.2404498872636621	0.02481745187639785
user_lezPeyGS	0.0799832291896193	0.02874132471738028
user_lfKO6Op9	0.6443676691959025	0.04985250737576414
user_lfWy8Dkb	0.6634798975016383	0.06937040757296482
user_lfmyE9KW	0.0462906261713347	0.015864163996008703
user_lfxHHqSf	0.39815059376841144	0.03812654196323176
user_lg1a6hB5	0.0169721039559889	0.005716821927498699
user_lg8XmQWZ	0.3655493449605755	0.15292119076918254
user_lgLKQNDg	0.09990118269291957	0.03917673519319381
user_lgTCSCg0	0.0386617918620599	0.014453388995013618
user_lgUG1lyc	0.02948429721186383	0.011920825151956638
user_lh2vXGcS	0.5567325937889015	0.02964497104234385
user_lhCeXVHL	0.12940732865721405	0.054104669376045716
user_lhvxIhCe	0.49765040164103364	0.025033510838570083
user_liOMNIUG	0.18089520681531618	0.058376228296604445
user_liSCr4YM	0.0428451766163889	0.015111694977801092
user_ljHXAW4h	0.011040867115652567	0.004056968751619205
user_ljZEjUjj	0.12425843581684066	0.052672024152000035
user_ljc7Yh5I	0.32900013411546275	0.1521571448653788
user_lkJUjmvJ	0.2573914193144516	0.011678077572173574
user_lkNSwRe0	0.04300366781781626	0.01554363142655586
user_lkTgk5xW	0.06742484133260182	0.029475632793362457
user_lkUkk8nY	0.06488153426704855	0.025699670068334356
user_lkWTHczQ	0.31370421546008487	0.11362568939800552
user_lkXttbMT	0.02257973952768139	0.007918167583624795
user_lki4Vixh	0.03648139460188374	0.013130114056721296
user_ll3J5zNF	0.1059626224051296	0.04156207563262795
user_llmF4nD2	0.03428497699566582	0.011792087407675523
user_llnoQEST	0.5780841487962934	0.05036189120012961
user_lmCMSNnw	0.021277841217117843	0.007767841777301182
user_lmKtB1Tc	0.03327668708468691	0.011313984455356283
user_ln0KR5iK	0.014991161091796145	0.0056079078380382626
user_lnRCWEjs	0.024035678914249528	0.009174647274341589
user_lnWweX9R	0.008488891335545637	0.0030023679955632245
user_lo5I7jgJ	0.08204843685546268	0.02688462265178395
user_lo6wadZb	0.0430047519096118	0.018724803621747027
user_loJMyyWF	0.031630161222811516	0.012636441157697896
user_lpqSFj07	0.006848768196660918	0.00243688111727012
user_lqK3MqYy	0.017752573792982312	0.006487002096421301
user_lqU6i0Wv	0.009448806747999992	0.0035162275902825843
user_lqbOgV2u	0.01474787899958914	0.00532672724741449
user_lrFnpstj	0.23944246909987574	0.09896715802650322
user_lrIl9Q0r	0.8921336837921623	0.04993837013310229
user_lrf3zphr	0.06177244248570175	0.026159413376847195
user_ls8edBfe	0.05312621757043994	0.018753414094122928
user_lsGOJmXt	0.47838997783543413	0.03131211092577965
user_lsWeez4W	0.036386214219820995	0.013262495569992823
user_lsjlxdmP	0.047899280125325405	0.018765253432298876
user_lt3H1Ydf	0.07683019696691644	0.02951684751251864
user_lt5pWU6Q	0.05235327789339081	0.020454241802965362
user_lt6xk62T	0.1091464922852198	0.047202957679035096
user_ltTLPxvA	0.16880150607893768	0.071036591828559
user_lthsdXzt	0.2536074578721081	0.10167982381937847
user_ltuFCUNG	0.035764299515202685	0.015536852428305237
user_luDcsmt1	0.08674692609892781	0.03298854278080499
user_lukv6Mvv	0.05471448174360135	0.0180113902559049
user_lutGV0gv	0.07688794098101456	0.026241544178448477
user_lv4ytySU	0.016873185225383492	0.006224298823344061
user_lvD6YTcf	0.10634774553450128	0.048060699227581334
user_lvkEZTha	0.013134479634331224	0.004803182534115007
user_lw5gvRYb	0.5927056228574048	0.03018097335407509
user_lwK8oF6K	0.02743488129491553	0.011041733172591063
user_lwVLvhuC	0.02740437316198595	0.012543051645060003
user_lwvZ48cT	0.028339501479393292	0.013071366931856744
user_lx0yafqZ	0.1293974549338917	0.04870180940199771
user_lx2Ka3Os	0.0806791558284358	0.03205281620826769
user_lx4HbcqO	0.5299824267344885	0.07145609306814146
user_lxg0H0wv	0.028433868784968064	0.011959597026025849
user_ly3LXBci	0.02105487282610685	0.008101395007807224
user_lyRtbXjp	0.14408720554164484	0.056885768925032984
user_lyWVykan	0.0684287313146248	0.0270746866969901
user_lya5Bjvi	0.04880930308527529	0.018769784092548793
user_lyqONUty	0.0371753714948565	0.01336769239706037
user_lyqWnlqy	0.02663980847601593	0.010735503969456562
user_lyyzZLmG	0.043363108182332216	0.017763700448074023
user_lz2DAf7Y	0.6546297657312652	0.07082044900610214
user_lzfVDSoh	0.04478707806708515	0.017664980537561388
user_lzqAPoql	0.0075736617119369284	0.002840473678807993
user_lzvwss4J	0.07256281690099978	0.033205592554878045
user_m097XsmE	0.019457462618823588	0.006777976545355323
user_m0HQt802	0.04948374762778662	0.018256565954278423
user_m0VtyuVM	0.04663819788281602	0.01882992729712993
user_m0frqE2x	1.014560326133295	0.35728765853224187
user_m0i7wYb2	0.01929763549981981	0.006936919891948963
user_m0zah0vn	0.006429351099613914	0.002236293590266348
user_m1PCB8KU	0.02724049626579976	0.011715799169279596
user_m1PYKtr9	0.0828687489343019	0.033316562554332366
user_m1YLiTz3	0.17873036651602248	0.07619734005472437
user_m1by7iDM	0.02669181628440316	0.011420085229411712
user_m1fovlRt	0.013402482011612916	0.004962761662158687
user_m1t0etme	0.016571301197384723	0.005251916415186999
user_m2YNIApG	0.39553028143066327	0.028218674977123145
user_m2dQzb2N	0.07085349848766573	0.027529384440900008
user_m3D5wStb	0.02759723196004719	0.011548604560853512
user_m3HVa31O	0.03936400022085906	0.015772650815439597
user_m3OWfXg8	0.02199924889747846	0.009085607274288662
user_m3S069Pd	0.09531193634626277	0.035583495454318506
user_m3UFcPVA	0.04186410055700998	0.016377529056728825
user_m3rNTiII	0.15727366253146413	0.056272458601509444
user_m47lh3lk	0.05389505025403854	0.019718078700631258
user_m4EEIFdD	1.3633662596904668	0.062058499104236886
user_m4FNqtoL	0.09260127025502767	0.033779128189215905
user_m4YfTeng	0.14230059285106234	0.0581596780770529
user_m4gUhbAQ	0.036020845997026874	0.014204363258197957
user_m4lVScfb	0.03502848623005049	0.014048523708006468
user_m4q1B4aK	0.08456937047354202	0.03070184279540868
user_m5AujtjD	0.04928126061433381	0.02079009712072585
user_m5K6usXe	0.15031002438242166	0.008322430876603596
user_m5VKTpWd	0.6924809621618526	0.06443102901439599
user_m5VSk2RJ	0.07568778248775673	0.03281141718523367
user_m5WDkGUP	0.018429939053989423	0.007945360786344103
user_m5ZOUcon	0.1186286407609097	0.038947950315103314
user_m5n9BC6x	0.21341520931345412	0.007580202177250953
user_m6L3Z2Ho	0.12382398023571158	0.043596728920951996
user_m6LnfhBg	0.1081941910444105	0.03807136832891293
user_m6WWeK4d	0.06002252373285476	0.023320038954646936
user_m6vKKxqH	0.041471253584275045	0.015098525676208811
user_m72HplGU	0.05733311550840864	0.017222482117991773
user_m7DnAUxD	0.06525854017955104	0.02636354114395034
user_m7OeareD	0.0747421472775738	0.025849241019945464
user_m7vDdmCl	0.016641834178808025	0.007392342942708216
user_m82kNhuF	0.06657631643718556	0.026835922374966625
user_m8LTcUCd	0.035206935409640476	0.013085226145471593
user_m9LWv3Tj	0.06632833056035642	0.020981014296139085
user_m9NKx2EN	0.039699981600457006	0.016241137862811863
user_mA1bnMJl	0.027995296514258097	0.01002376077321665
user_mA6fdg2c	0.07333360416858865	0.029505701525449377
user_mA9BdGVk	0.17213151915326066	0.07307238422084973
user_mAATwPp8	0.04585534512543883	0.020642265921385364
user_mAf024Dc	0.11795329947783309	0.046314784423221164
user_mC1TEeID	0.0630925502446357	0.02160134342056088
user_mCQbvIph	0.03487755124912012	0.012330163446108098
user_mCV8cx8g	0.10307345017483381	0.035780753753396614
user_mCrdl94p	0.04762260258352803	0.018413503267699787
user_mDEin6l0	0.021307425726688062	0.010465276438137033
user_mDMBMk3H	0.6833275348351509	0.06421304072178118
user_mDP0gwco	0.026062613440604808	0.00943735882216135
user_mDimryU7	0.09107485223538356	0.03001248136562388
user_mDwbgTBt	0.024819039658172795	0.008697640307679336
user_mE5gWTqP	0.12470960435388542	0.05674664053739305
user_mE9aEgz2	0.08464440665831406	0.03288258971397245
user_mEpwQhfQ	0.08879119573729138	0.03694784513894965
user_mFCb2AFQ	0.06330696103300869	0.02479427187277639
user_mGkAHhQ2	0.5653324611408237	0.02374708391895205
user_mGl0KLa0	0.011791905735383766	0.004457440954582547
user_mH77JFqd	0.018373775712262057	0.00683964774722737
user_mHEKnC4R	0.02170492933082565	0.00928648590187286
user_mHFzc6HW	0.031910507937142715	0.01265734042461734
user_mHmjvouF	0.03593951725218844	0.014233907786088504
user_mHwZdbmL	0.7561896175037928	0.021901290835152135
user_mIK8KFpO	0.1171485251378787	0.04978159578143109
user_mImcmNOm	0.024051092742562487	0.010200361059407
user_mJB0T9pm	0.06628654028439533	0.025465428610473153
user_mJI3rmZf	0.03016103811919435	0.010856432630115148
user_mJnjGfYs	0.05934411857877601	0.01985937964083696
user_mKFIl6jI	0.03409235382778683	0.012459427171055927
user_mKd9jtb2	0.4391043846787953	0.01667075057944985
user_mKqLo1KS	0.02678022190048483	0.010641574489970341
user_mKwft099	0.035821987930837074	0.014153493321529667
user_mL7ARBCQ	0.08675915334973527	0.04083740347176069
user_mLlTafZo	0.08944235151867964	0.03281826197632046
user_mMPgL6ZK	0.0364565515141916	0.015215622513657687
user_mNXCZgUY	0.16870162104970945	0.008295214946323409
user_mOI0aBOp	0.041650569172045696	0.016204705278051325
user_mOJoyanu	0.29848804280118457	0.022949220709394234
user_mOKySTms	0.1338555570989835	0.046483225435392454
user_mOZSJSKI	0.5586530668556969	0.03129436434133802
user_mOy1lObN	0.06825706543856566	0.031144017441397297
user_mPAodlnT	0.03862587930224975	0.014798677810523632
user_mQc8jCFh	0.052753265743225336	0.017904335392677623
user_mQe0UFoa	0.04319153281530245	0.019885798605794546
user_mR4MI1Wf	0.07173616638207199	0.02580929642473708
user_mRJbUQO8	0.00877166026287974	0.0031910694528439624
user_mRdDYAxS	0.4535291353109562	0.026883118544059344
user_mSz9xXSg	0.06952178389970992	0.02996934124962913
user_mT3xQzRJ	0.5243615272065483	0.03297899005230218
user_mTiPhprm	0.02882408244017663	0.01204086698505499
user_mUKCyCGm	0.05706339838756443	0.022513466562764355
user_mUWu7LAt	0.018759169893493938	0.006437512523933071
user_mUrLQeAI	0.020169993241484004	0.007673780226392517
user_mVG3CAWi	0.0535638567445072	0.021802821388339076
user_mVJVT0dQ	0.0376506970910586	0.014204047279705796
user_mVZz8v9o	0.019846554812884665	0.007119325506592821
user_mVgFJMGi	0.1467843243818006	0.0674758143030857
user_mVysBIq3	0.45332695418551383	0.024524143074783733
user_mWeep0Np	0.02233421084867484	0.00951339231253089
user_mX8M5mXL	0.08824054597235861	0.029864661122411006
user_mX8eDZMG	0.04039349954364033	0.016428691665534328
user_mXUGJDTa	0.1060908477727288	0.03405114116292038
user_mXbBsXQU	0.04017229892789921	0.01733449506462861
user_mXxD8ClS	0.0026895297721229484	0.0009729758517543288
user_mYfRKGAZ	0.03423542753126365	0.013448914038755186
user_mYkJRJZu	0.04198924081057133	0.016643587779575565
user_mYn6rnrZ	0.03801034202209268	0.012116678951740591
user_mZ10BgQU	0.04002563540125359	0.015390606887325823
user_mZ7EjKLJ	0.0714810741640346	0.025677984363340862
user_mZ7SQCYB	0.0803516087745397	0.028938694019089776
user_mZGObbvq	0.040872790895453884	0.016201046109295486
user_mZGopNor	0.3917603082583738	0.013913489796941677
user_mZLL5l0W	0.297141209174689	0.02022552541158404
user_mZcLCype	0.01686116592384826	0.006005695179829551
user_mZjD5pf6	0.05544675633313991	0.02262644753951479
user_mZk1OOZz	0.43045522571029743	0.01327787857419785
user_mZog8Bpx	0.06621342800196513	0.025869968698986705
user_mZrGlviV	0.07283917350947144	0.03250762478106627
user_maBUVqfk	0.07591388337735588	0.030710687683867446
user_maxUrKMA	0.024894477205395338	0.010052886383218116
user_mbEgVG3a	0.12668154656073072	0.050654767276541994
user_mbKgz4Xy	0.07408362987444292	0.025723538355258386
user_mbNOfk0l	0.056612393854715996	0.01913181780905306
user_mbYzekLQ	0.1893902151101684	0.07954522443254838
user_mbqWPJrw	0.051408828031211315	0.018077772321918546
user_mbwJxl93	0.02992527699678658	0.011003344863520902
user_mcJY9mSd	0.022549537556008123	0.009551253998088054
user_mcen5i30	0.0648623547691225	0.028865534401963086
user_mdEnb75c	0.08317157912920525	0.039614874519412535
user_mdWUy1iz	0.123471439871703	0.04970493554884781
user_meFdClro	0.2759167363353404	0.11948297347542403
user_mePqEVYG	0.05963819099283644	0.023617776554762278
user_meWKWLXM	0.03411969864972189	0.013970140094821363
user_mejN09JK	0.06640558918487437	0.0266299444627975
user_meo7LMIJ	0.006338648492292349	0.002301371978439759
user_mf3Uws0s	0.046964489899394626	0.015878180173452702
user_mfcVhAK2	0.1145941208783137	0.04755873768654373
user_mfha0Lhi	0.6001098381655272	0.05444920630517359
user_mg8hgFr1	0.04033683420764894	0.014914715356218923
user_mgKzcU7b	0.05097277040215205	0.02302135203051227
user_mgSRouDq	0.06938789058417935	0.025925180957920953
user_mgw1uvTY	0.02529704945877429	0.010787561118704407
user_mgw5ogC1	0.053106509307508445	0.022355635149886734
user_mhFslJcu	0.0266319480048875	0.01086093026580369
user_mhH88KED	0.09720746722071541	0.029807591701358344
user_mhU7tkY5	0.1537886188750992	0.06746283919440013
user_mhxJqAHQ	0.023461191099213935	0.008088073829010075
user_mi64uMzI	0.08060050394561558	0.029472427378033034
user_miJDXRie	0.14830496844088803	0.05445556653088043
user_mijQD7n1	0.010562236534600283	0.003807627712660057
user_mj6BZUC8	0.03896869340978874	0.01476539068702109
user_mkKffFxx	0.269313984862385	0.012803279624026229
user_mkqwwunj	0.030564246413489607	0.010894313438935052
user_mlBvjiGW	0.4311474132399025	0.025840548443891824
user_mlSgPBmu	0.01409672284543297	0.005471763586305331
user_mmIJWyeF	0.016183498566731062	0.005737515671981852
user_mmT3ct3o	0.053687257204978286	0.020169909744543846
user_mnfsugWV	0.3323720596578418	0.02809372357339839
user_mnooJBlb	0.0271166912840459	0.010005578301272853
user_mo3ChJvf	0.04359941428665013	0.0184300774549433
user_mo8p5wAz	0.014070241922348011	0.005198999005142209
user_mo9UJyad	0.08517469704488198	0.028063037642293783
user_moDORub4	0.07385008317144703	0.03075258994020507
user_moXiaHRc	0.08464405682204496	0.03419104685500983
user_mobwWjl9	0.0776241806072289	0.026182418413665764
user_mpKVskEQ	0.033068576569390454	0.01203560773403816
user_mpPoSPtm	0.07741469121382892	0.028087233748093656
user_mpmBGh1r	0.41371520633069436	0.029162551900785857
user_mpujvsly	0.038585880457405325	0.014309952013764794
user_mqIfnbJq	0.010729068517639911	0.0038110242490283605
user_mqMckrFq	0.07497607865468972	0.02981560347182745
user_mqNTzV8Q	0.41184345434253133	0.015338689113252918
user_mqX8NyMZ	0.10646924104913352	0.042059190868686466
user_mqiRDry6	0.10069716286282668	0.045354003254354694
user_mqlWPSYf	0.0985291316072744	0.03545638054383056
user_mrCUv1zs	0.016964936309413654	0.0059180118543860055
user_mrCYuvgi	0.07723124458000229	0.02516666843869249
user_mrUPNTvs	0.47648347847902406	0.045925928129019376
user_mrXvbb9R	0.006921905378240448	0.0025700440884864496
user_mrgqHMd7	0.07218085488459347	0.03418994591982201
user_mrtlxOFq	0.34477583886708113	0.018030230107904666
user_msv9NBBB	0.44769633356508276	0.13704405993522778
user_mt92fNMp	0.7094192197120359	0.03969947971340633
user_mtSIFcz4	0.03333155549280121	0.013221014167491508
user_mtfHW91j	0.6019878717296878	0.03767778993706366
user_muBHcZMM	0.32712679682208645	0.011494383969685192
user_muZaAxqF	0.04324712025640967	0.014847728377447583
user_mulDGmfR	0.36667130634833345	0.03210271203782228
user_muqyz54V	0.024484312121607513	0.009071302621647376
user_mustRUPg	0.0965230821952445	0.03634952496332668
user_mv0FAovB	0.1639060353262001	0.07351949026361299
user_mv1EjaRf	0.8816699843154115	0.029511121224479984
user_mv1UzOJg	0.33364156563610764	0.017065034967559924
user_mvAsu0pL	0.15494631734141884	0.06568559513701606
user_mvDeFoDv	0.06344254259485563	0.027173765153504403
user_mvbCBnV0	0.4265672171072775	0.022661964372044003
user_mvecdp1r	0.05744323422837705	0.017917646136845808
user_mwWykUcx	0.424544561765511	0.02544038839724989
user_mwoG5Fpx	0.04487200679252196	0.015240124822184807
user_mwqZqs9X	0.28743944024433493	0.010845477099221153
user_mxMq1WDZ	0.047772032087653245	0.02072462512379708
user_mxabY8vc	0.11774945339609458	0.045068981806537116
user_mxeBk1za	0.0164917094767977	0.006033833413337063
user_mxkNhIYV	0.0629383048175526	0.023062691262358707
user_mxtz9pkR	0.8182936028007836	0.024458580104036072
user_mxvJE419	0.13717769419854822	0.0483361732770143
user_mxyc0bA1	0.037180921309382775	0.013018348401415575
user_mxzRVoMC	0.058297334657970726	0.01845679814703972
user_myAsZgUH	0.023174451026802264	0.007991575629647446
user_mytA50fW	0.23711822998734602	0.11086892156457084
user_mz5hNBdS	0.07722951322848146	0.031337920392014405
user_mzAoeTJY	0.05778298745669163	0.019917835743293883
user_mzIN0qlK	0.08260155555700609	0.029790203940566792
user_mzdLgvo1	0.06115586940574602	0.020309803339250608
user_mzkBmtlJ	0.1467593305504013	0.056506807887640696
user_n0eBsIoa	0.12483320893602717	0.049380876594544466
user_n0g4rSGs	0.3895432036651063	0.028646335225774137
user_n0zGfaKD	0.036694432841513414	0.014566774121233863
user_n10RT2q3	0.10260176473688315	0.030053895827634555
user_n12AfmCT	0.10805219594088943	0.04355210274869651
user_n17fR7CX	0.08014019042646464	0.030126832923391227
user_n1qs1NLt	0.03802430045005342	0.013183192815472745
user_n31LPgTw	0.03231366247195116	0.01300117989664579
user_n3QCfxJq	0.040406721174613566	0.01874425599305131
user_n3yaC72F	0.022562538398135306	0.008506586870102336
user_n45zQFWX	0.0529667628422182	0.023622922608819694
user_n4CZd05h	0.1275589746951312	0.049733398222646046
user_n4XkzfMJ	0.012119073824799695	0.004487928871908612
user_n4kGNeMn	0.030081157392485944	0.012728081635415613
user_n5TWldHz	0.030640389396407806	0.011970713668243399
user_n5jYxWMX	0.05272065528084066	0.02005265688277003
user_n5kUAs0k	0.4094374981523529	0.044708986526453005
user_n6EnpCDk	0.020601294211128565	0.006975536674802066
user_n6Hf9aPt	0.11918694088143583	0.054603955460459104
user_n6aYMDdv	0.0647144853169217	0.021402131585699175
user_n6xts6Kl	0.00674271297770576	0.0025257693643886137
user_n7HyjD75	0.04139249344572753	0.015831902384279943
user_n7S2n002	0.4291763401398263	0.023930682244160294
user_n7gQAka4	0.09056597519308271	0.033183196349296645
user_n7tUQhkg	0.04454269637951505	0.01344097015663237
user_n8HQlZXY	0.017871225423517677	0.007828807052561056
user_n8OKs32V	0.5130099249266562	0.180063015948132
user_n8Uijcl6	0.15725205466974995	0.06637117424363968
user_n8VJArhC	0.03305683551641584	0.013388042786337206
user_n8oypLgh	0.014144175976961798	0.005023805914501561
user_nA1Uw3ml	0.024686767678278293	0.008650603305761466
user_nANEgMxo	0.06354282721779698	0.027483097954772044
user_nAO8uJde	0.041346540774862994	0.016533302253384854
user_nATrDXPX	0.09640871204569021	0.03538445488805534
user_nAheYCRG	0.309966631653908	0.01142088633385094
user_nApshL4T	0.0177383744166403	0.00659709402549353
user_nBIjftip	0.01980945595625817	0.006811452800768457
user_nBbAkw26	0.04563919778147686	0.020390726373589865
user_nBjDzJIw	0.5551223173553452	0.02028324475229477
user_nBwE3DAZ	0.5333506889610613	0.02355656520023647
user_nByybQkp	0.035024902781889765	0.013515854886031681
user_nCJ68iX2	0.7208520713226412	0.035798308284872495
user_nCNc6V1l	0.46614586489606397	0.02707644137748788
user_nCVZcU3d	0.04234069471574736	0.01616770897256615
user_nCXZXXlW	0.04726958161286261	0.01502939085750959
user_nCePEpCN	2.827961844636108	0.21410155910094558
user_nDPGMnRV	0.08603832891758029	0.03914578909685892
user_nDnPo2nf	0.021026961453646156	0.00893143992094276
user_nDs9vkt4	0.06650031151223541	0.024831751090573628
user_nE1O264N	0.4266677320977683	0.050380766675831294
user_nEPvH11f	0.0618318232019628	0.02620468875331262
user_nEmhSyX5	0.033611012439148914	0.014691683919967473
user_nFMbSlbI	0.7172039980343088	0.049710240598738006
user_nFO7BGYH	0.1241841948242169	0.04852196004431306
user_nFW1nciO	0.1480360869669914	0.06512590864320777
user_nFd9DRIw	0.023532790249043062	0.008359085629240969
user_nFgK4nWZ	0.01617833118242956	0.005843516433323259
user_nFjsZO84	0.03458097870714914	0.0123025786010652
user_nFrZGhPC	0.1912872974427843	0.07270086161772517
user_nG5jonxZ	0.34161333242071984	0.03464275154816213
user_nGJlzJsN	0.4760086253561462	0.19965007427942313
user_nGLWDKU4	0.028331021868554913	0.01136044973825466
user_nGWNomYZ	0.21027377545984405	0.07074044998896337
user_nGquB6JT	0.04092301122696315	0.015499315498031649
user_nGwwzQxz	0.04157252994232795	0.014393228754243297
user_nHDzGzfP	0.013859155728196036	0.005009031771742151
user_nHVwGo91	0.021193292952913424	0.0075147420555314245
user_nHZdqlDl	0.05480818565705628	0.02514793778924064
user_nIAeywxz	0.13638086275854716	0.05530538373471022
user_nITDGoyw	0.041424266026053924	0.016369511244346865
user_nIg0R0Eo	0.030960034867114475	0.010714658485061476
user_nJAI7rtv	0.028778072697863484	0.011917724457899778
user_nJPM9nXe	0.01126432763400513	0.004251241317771535
user_nJRacJt6	0.01448316781390402	0.005032699603826965
user_nK87IMeI	0.05623390196351266	0.02192979293059607
user_nKEP6vXR	0.6038146305251448	0.027274655071261512
user_nKSNLmcJ	0.03360353297457666	0.01303460478972302
user_nKWDi7z5	0.008636875930081665	0.0030635618564911413
user_nKXW1sVR	0.2091417103708993	0.09276892295301416
user_nKZJSSJb	0.07550612845071289	0.03693903407857319
user_nKfYvJXw	0.04444206376637762	0.015015989161583244
user_nKy0pEQY	0.023273660004192002	0.008334025487712947
user_nLMWg3GB	0.050749748352206345	0.018820665323241257
user_nLgYsCJW	0.32586460209926976	0.019864217266596294
user_nLrtOtD6	0.05331470359635095	0.020336978276763378
user_nLt3tIHk	0.01546017666983786	0.005534625097570381
user_nMJtdjkK	0.005336743099526444	0.001964756832240823
user_nMpmbv23	0.060257011007901595	0.024987799874439737
user_nMq6MFax	0.0885243419857882	0.032474077909570374
user_nO5KcByP	0.0265893064643393	0.011272345749388743
user_nOJsnUO1	0.06266711066958973	0.02321381409881738
user_nOjrewfQ	0.07811726491557783	0.03475526487310184
user_nPG5S96u	2.153922249317814	0.09890496370060892
user_nPbAqZr0	0.04450727520128957	0.01644782084988429
user_nPiCWxu8	0.139490558794443	0.061598033418440085
user_nQUHdL5P	0.02255341930991597	0.00970845728437854
user_nQi31fxw	0.019281071762770868	0.007075221009981854
user_nQqnHVSK	0.018180700606218042	0.006469650759222562
user_nRAsrfk5	0.05673009431550281	0.022430029733620346
user_nRQJsLB2	0.06483253377667858	0.024394218070456997
user_nRYAEpSC	0.016730844403415893	0.006170609790806915
user_nS0ZVeHq	0.036474405741615354	0.01318097765367376
user_nSOkDnhJ	0.11693792006539533	0.047144636723394334
user_nSjS7FTn	0.024705110067634165	0.008518163317803359
user_nSvK6UPY	0.036206478718406314	0.012522263531682974
user_nTfbNgMl	0.04339518232607796	0.018000936165641877
user_nTpl9lUL	0.10413531692429652	0.04141895148342041
user_nU1KZjHj	0.030041635495924757	0.010313322231473925
user_nUCd7ANM	0.010966272854964864	0.003935814525311377
user_nUUQNJzl	0.030693060864836516	0.011285100044261791
user_nUbcXgyi	0.04643487853854335	0.015830884873064662
user_nUjByjPM	0.1102976038699425	0.042907590281478586
user_nUnzt0OH	0.09360408534820149	0.038002133135319485
user_nVUklQ6g	0.015016799556470707	0.006811889659283623
user_nW3xBYqZ	0.07960864840979816	0.0239208780061822
user_nWBtukrW	0.03529070983516445	0.014145251035912014
user_nWE74KRC	0.05978700690411879	0.025047336933233643
user_nWoVzXQM	0.10300417520574714	0.04158652747858429
user_nXaKFS6F	0.0421834992084906	0.01695457630289928
user_nXgSnmbp	0.05080891454104108	0.02205717251685419
user_nXpySswy	0.013356372492374154	0.004655593169090582
user_nY0xZ5MN	0.015840849579012578	0.006379915600375673
user_nYH2hGXJ	0.04813062668777442	0.02290560934757922
user_nYLlSOBW	0.2828640178057446	0.02815126562454239
user_nYZjxwyy	0.01722347458548354	0.0063730147791205526
user_nYnYywPb	0.01878045791667648	0.0065645237932535
user_nZTAwXaK	0.14573265713019995	0.06438834773943503
user_nZTOyYvQ	0.0869744139261622	0.03345120277448211
user_nZUZMDwz	0.02307492543568541	0.0073449887907883074
user_nZY2A3AN	0.03028486029330376	0.011915650763716167
user_nZqgu1bT	0.03664875260346052	0.013717208201510483
user_naDh8XYl	0.27637682937230706	0.01842632441891073
user_naqyKRHJ	0.04412145105713003	0.020154590967677674
user_nayM6u9F	0.3709637246587351	0.17057527960542246
user_nbCzyQAd	0.5885721454602965	0.028094586634506487
user_nbDJcodE	0.04965286758410806	0.018298133199892017
user_nbZyykuE	0.10941971956093857	0.047885669235632644
user_nbaIs5Uj	0.07229304014417154	0.03009014114061776
user_nc3VYtc8	0.022157942354905202	0.00933832097962638
user_ncGTz6Cb	0.08427972024758038	0.0322664302402957
user_ncI0DFRb	0.008069956001916779	0.002907821773541326
user_ncINZWFz	0.6379799215708478	0.04495623676763715
user_ncJNpLhI	0.01661038719147108	0.007399683339311687
user_ncUhBwQ6	0.03217061475586924	0.013004841956401276
user_nchQgDwn	0.12517465551880697	0.049534123258497646
user_nclNeeC0	0.06819000300316758	0.02816961848596991
user_ncxeIhZY	0.025669415288762144	0.01012452757172365
user_nd5XKtqp	0.03965109262859763	0.016981293756981257
user_ndjoXfLX	0.016748882289949446	0.00586279251814684
user_ndynf5Qv	0.050978516392338656	0.020472088931906406
user_ndzI823p	0.02411700314855164	0.00904210382324913
user_ne0Z0VFh	0.27886501196508273	0.017227517806403133
user_neAlpbxr	0.7678708921420436	0.040273903817477454
user_neGA7dqv	0.11455994312625009	0.043717814317386305
user_neTSygqs	0.1763070714404073	0.08203483075240584
user_nfdLtghA	0.015618818940600215	0.0058013206703726805
user_nfl9qcYC	0.003716114044117095	0.0013257245419422935
user_nfuXzqgm	0.0672185127266572	0.027217762229640823
user_ngD5hPqI	0.14732562028799503	0.057201538811848585
user_ngJVfJ2z	0.020864866409350362	0.007733339591673494
user_ngU4fZSb	0.5915041512974313	0.2352051427374581
user_ngZPzsva	1.2610975001207287	0.036662403262798425
user_ngnKt9Q2	0.10827481242121682	0.038719868258434584
user_nh36o6fA	0.0033040398784863687	0.001210721265401583
user_nh9SsTJr	0.0125590230065777	0.0044782844668848675
user_nhYWBso5	0.13318751301647186	0.059155541105472616
user_nhtw32gi	0.07207712149287743	0.027524304108541314
user_niAt3uWH	0.10607789461060654	0.035516311396825484
user_niFjncXb	0.017971751984434167	0.006441084572425796
user_niSiKIOD	0.03710234216691185	0.011955426950632158
user_nivvfd1U	0.41560071528384684	0.015569391979566461
user_njceQalo	0.04646293277503571	0.018509270698361353
user_nkm2nH2z	0.6246774486160043	0.020833864332672383
user_nl3wcrsx	1.6144630802065643	0.6105888713464361
user_nlKYnG3v	0.08518830927825138	0.04005380845090727
user_nlOfZNqi	0.06273191078876128	0.025392059325239216
user_nlRcNpoW	0.023052204878608117	0.009642401933920328
user_nlWZhUu0	0.08910737152942619	0.03630557841913223
user_nlbjSHI4	0.027150646295565663	0.009741013137918425
user_nlgD3PJg	0.11375073698232065	0.04693084829897354
user_nll4Mptd	0.020481597728374712	0.0070273377885261825
user_nm9B6S8j	0.018243442783677073	0.006611609907857119
user_nmQaEmZt	0.041239337318453126	0.014063598060230128
user_nmjo7nbL	0.06179077836982181	0.024580481276450603
user_nmx1upr6	0.034831630043451925	0.013080823308886987
user_nnM0nnzS	0.016688913238874413	0.0059600403656250465
user_nndMxCVQ	0.06608969576399577	0.025571153496911705
user_nnxopGPN	0.3371745673329043	0.011794108924147695
user_no7wmTA4	0.3656127766151125	0.018308276873624654
user_no7zNp9Y	0.022492602902098	0.008174571453257366
user_np55oBUr	0.029816905350348186	0.010758023912051735
user_npQzdPhS	0.01668836683744466	0.005976663159271514
user_npVjo1Bk	0.020156542830310514	0.008804042328589926
user_nqIuaOv1	0.06507626106524315	0.026940719177649137
user_nqLQO98V	0.08873193776352398	0.03357298056056075
user_nqdk1HnN	0.024215452351530803	0.008061515096695154
user_nqtxSoB1	0.045898273447643884	0.016180847475941788
user_nrnqKR4h	0.03945499900151402	0.014052359915129356
user_nrtozdmT	0.11549981241767694	0.04077811314403849
user_ns2wxcXp	0.3237294339691048	0.013114695370861887
user_ns8MUSFh	0.00938138443607061	0.0033420129758820853
user_nsGsVyF5	0.027710383015192422	0.010127308517200307
user_nsez9UWJ	0.032145248951653646	0.012550990360314311
user_nsgeP14K	0.12415484969432894	0.05397303316773195
user_nspp45ho	0.09489605862123432	0.03457702114969331
user_ntQf3kNu	0.004373895882528303	0.0015448729382613582
user_ntdrLNPc	0.05097028736478436	0.019136378245644868
user_ntpX51hf	0.12951421090020698	0.047698943533955734
user_ntwrkA99	0.30278352385623686	0.023610560259893054
user_nuSYBz8B	0.1586582009563349	0.053710643883349625
user_nuWDgKa8	0.0963861709479363	0.04324600590491672
user_nuauP24m	0.021650753633037742	0.008272455128541885
user_nueTSu2l	0.05761692063541674	0.021327981828686685
user_nukBwPFU	0.01738849363534468	0.006370607715994716
user_nv8v15Sz	0.029138463922781466	0.010333387755830484
user_nvLEjt0f	0.005787964383410536	0.0020298888202759675
user_nvmFLryW	0.03701828153766807	0.01579609970508598
user_nwAFItS9	0.008951579237396777	0.0033048026319748777
user_nwBQkmo1	0.030920556063416024	0.010994976090292898
user_nwGOFi1W	0.06100455846810156	0.02534247741751407
user_nwsqGGnb	0.24155486611693483	0.10448485445481856
user_nwyxjmHO	0.3499268938884283	0.016955369273413907
user_nxNmt7gC	0.035443755602725405	0.012323044411309164
user_nxfTLiUR	0.027167342265634747	0.009061728566752626
user_nxrgd6dy	0.01641059000936572	0.00579373141351798
user_nyOZyyWu	0.07760825558647719	0.02797906044057192
user_nyOrfruF	0.3831780084093567	0.011120346468948963
user_nyT9ISdl	0.010919752685132528	0.004073691812606771
user_nybR4IDB	0.7239764860835628	0.0235404375199195
user_nyopzevj	0.008338199562868014	0.0030066934934863255
user_nzN8PHYF	0.13102673853595895	0.055546180795892006
user_nzOAMZDK	0.03625780315294471	0.013781782425438803
user_nzOgLfVY	0.011080977495390372	0.004015682702161409
user_o0H3vIHT	0.027589874497023367	0.009716008231452323
user_o0ePNjrG	0.5304595111828929	0.027325062723783298
user_o0jnlj65	0.006824416680346138	0.002434939077168808
user_o0nglSrM	0.4916616947190098	0.026832215430424643
user_o165DN47	0.004777022821009823	0.0017508737765862786
user_o1AC5BsT	0.0402499707678614	0.014396632882907929
user_o1ipOJ5y	0.10877277925433354	0.039490951501253396
user_o2bPysOs	0.02264519910554078	0.007555708812607778
user_o2jxN7VK	0.11784979966550235	0.028817473213418546
user_o2lBFy5m	0.10952348038522403	0.03557469330013658
user_o3JyVwf5	0.018706480278188144	0.008072364974929571
user_o4OLFUKK	0.046567746194084665	0.019927322574712542
user_o4PhNRdJ	0.028554437952074664	0.010414181185657274
user_o4cH2BDR	0.043326507408550166	0.016429672503166754
user_o4gpyZyZ	0.5763374230168747	0.02562256805866956
user_o4pKQurz	0.46865226075799277	0.030090969649501247
user_o5Eg2gyn	0.014059495521755165	0.004619856253521236
user_o5MU56t2	0.02099251607713431	0.008374830593420238
user_o5P6gncO	0.04160911672182278	0.017773652895335414
user_o5j2TGdW	0.03441735862088917	0.012443516517960605
user_o68ADqtP	0.019497016017472373	0.007759109152784046
user_o6AebfXr	0.03071882711804805	0.011489126933303638
user_o6CdNF8L	0.25793840218074937	0.020935379417349034
user_o6T513GB	0.026687507976897194	0.009673387141823878
user_o6nelJNs	0.011673096483904164	0.004002877065430411
user_o7CxBHBu	0.015299324348310106	0.005593559139957652
user_o7HtxPC5	0.467825669985781	0.05954851994461592
user_o83La2xn	0.039509221047850686	0.015278903957702638
user_o86hXYwx	0.043879254779445154	0.015318261207116612
user_o8AAk2O9	0.030905411725734584	0.010845511958822843
user_o8EokVDC	0.42231723150374145	0.01650995623953828
user_o8J2Wqly	0.400106934741304	0.01249392590558255
user_o8dW3CtZ	0.013462589965697068	0.0062397489625431075
user_o8lFqtHo	0.04719890073701447	0.017731448254040442
user_o8rBgv3i	0.4642195977821975	0.06675201613895536
user_o9LcED8H	0.03453139810270272	0.014247000214109096
user_o9S6eORE	0.11052392321231419	0.0472856739973815
user_o9ed0qa4	0.11423917104497147	0.04871329881506734
user_o9swPaSR	0.04450997376143674	0.01624644194120685
user_oAduUAri	0.08210175251557109	0.03034813076634952
user_oArCEQj6	0.589418963770736	0.03341729357242828
user_oAv5bcYp	0.38184520296604163	0.021027863037596482
user_oAzizch3	0.030626520003372144	0.013770481783730096
user_oBFkRMWo	0.0897092960817584	0.042209838248554656
user_oBWboZYT	0.10953814214142747	0.04474187152366222
user_oBYpDuve	0.010519512712083602	0.003441501379458728
user_oBhdOr2G	0.08277284817490445	0.03326626542247206
user_oCAJ7tWb	0.018414085857407246	0.007911356766650293
user_oCOILaiW	0.5872081647249267	0.049306096998362366
user_oD1QFvsU	0.04824497750275027	0.02022541619814192
user_oD2KzrWh	0.028712431317007486	0.0116485396227754
user_oDETP30B	0.03163869750189029	0.01254026225484242
user_oDMwM9ew	1.1054227235224166	0.44553386331107214
user_oDOyt3D8	0.10455558840535228	0.047891158096260995
user_oDuQuBEg	0.46787384253609654	0.02109072402623941
user_oE7HotTA	0.0482145105654255	0.019685187879677598
user_oEJDsb6B	0.07294482977194952	0.025269138112947294
user_oEUbp7MW	0.01598945591774853	0.005549131809640445
user_oEXH4d0T	0.4604172988458718	0.01595241849776773
user_oFR8fmqU	0.01858270147413032	0.00814756183117799
user_oFjPwvil	0.5877065981757922	0.018976730912640766
user_oFnes3o0	0.6980994060241356	0.02530586072446323
user_oFwONxrS	0.061976372129200985	0.02466088723322335
user_oG0gubv4	0.0308688548010567	0.011004907536518789
user_oHMbKwJi	0.4247110237720074	0.0328237775304272
user_oHhtsY73	0.023275132556363848	0.008450759529588764
user_oHkkDre0	0.030024331813704456	0.012049689394053589
user_oIAGPrAc	0.03730979806281704	0.015150391628616934
user_oIDoIYPh	0.026008629321563823	0.008765471388708215
user_oIRzNktJ	0.08845941804765348	0.031568124844938907
user_oJ3BpWTr	0.05989832421775112	0.023045126219935274
user_oJ6m5PaS	0.017883476437001444	0.00781171019128859
user_oJ9Yf19n	0.12255266180714686	0.05745993786103817
user_oJUVsKzB	0.004234227278411953	0.0015754868010259403
user_oJZ6sjLX	0.028194351114100583	0.011639256148299791
user_oJhjDnME	0.11800186398513349	0.04222775869998494
user_oKBQDAjX	0.4317434388915804	0.01901083424812616
user_oKHFSjDJ	0.021499809100055084	0.007750234799383654
user_oKKShsAM	0.033663703890406745	0.012291482944755884
user_oKTL8l4N	0.07802255138749337	0.030411224296529645
user_oL8Svkbn	0.43158333155103784	0.024765926575442708
user_oLTB5VRS	0.22839280469820653	0.0759489728457114
user_oLenYLUu	0.056235935924528524	0.01941434594226323
user_oLnVltPb	0.11087568454230026	0.034165915187058866
user_oM1lH4tf	0.3999083275278851	0.0124184095371685
user_oM9WZumO	0.06155436283500943	0.024798320243544735
user_oMDSGos1	0.020584143566878092	0.006929294866576367
user_oMSVQAwQ	0.02805491017514767	0.012856736911468441
user_oMmc1Qjg	0.12340412891109917	0.050639352779524555
user_oMme24PJ	0.06758163649341678	0.03036003798196378
user_oMwdl1Wm	0.6701299492540681	0.043436322115590065
user_oN27RxRF	0.6160065040451771	0.028942099242669855
user_oNFS4sOs	0.5635147265440001	0.047560840451835076
user_oNOLED2q	0.0335503471986493	0.011403879126628078
user_oOB0N0oj	0.47713570998350363	0.06863136976619276
user_oOFaIz0G	0.12745593949114664	0.05074384658766396
user_oP4C6APe	0.03393177997693711	0.01112942743655021
user_oPYHzjmx	0.3997557325344958	0.017369556438416388
user_oPgE2yAp	0.0481421401232043	0.019282326230011377
user_oQ2Qxxgt	0.009996102303469173	0.0035472655625834455
user_oQLlf6g6	0.34692481809173503	0.019803668625836914
user_oQkNWqNx	0.05680227539930404	0.024270235183433325
user_oQruSTBj	0.08187275121306378	0.039211345636326875
user_oR6SBwCj	0.03227152520345048	0.013654278667957405
user_oRUsklCN	0.04455714702384919	0.018084988947920065
user_oRnFYSiM	0.20131140449266716	0.09368835917832341
user_oS7FZdxT	0.012647907953739004	0.00459786103398985
user_oSBRSWba	0.2769999191525911	0.011935285543654993
user_oSGFAl2y	0.06787508944831269	0.027104888113602565
user_oSOYG4uE	0.2584123003532912	0.019319248582432506
user_oSVnvnza	0.4321048623667732	0.01902712955644377
user_oSZnuVaS	0.04648466193077778	0.018256195226436133
user_oSuF6TQ2	0.041560858385346545	0.013340111997389633
user_oTmpW436	0.10972032875176231	0.044221490805495395
user_oTp7kxtm	0.05818671172089239	0.022664485591473684
user_oTzjSBUj	0.40537308502428177	0.01584524211416878
user_oUKYvrje	0.46365634293134966	0.03380627358318952
user_oULEMFRg	0.25838611499447284	0.014061095836331732
user_oUMxCud1	0.32699322350302984	0.013003674870002943
user_oUa5uCLH	0.27349134396017855	0.0124803217155689
user_oUuwLcys	0.0287882718475973	0.011650584324675115
user_oV8BkDpq	0.04857215048312517	0.02161563840301862
user_oVKfn6Ke	0.025273532804316406	0.01055042693674115
user_oVMZLpNr	0.01435598028881594	0.005257711371765292
user_oVtyTgLz	2.5374503149705387	0.06686390291313389
user_oW4htB48	0.6443757925485366	0.2902179621521579
user_oWiJZpEu	0.008846380266898036	0.0031380577753434683
user_oWnGUMPd	0.10383623079760466	0.04868015489506616
user_oWrAhJ1r	0.029467260222868025	0.0108611394486873
user_oX1ap9VJ	0.05121687378450854	0.020466109386875903
user_oXEoh09F	0.09867685018753683	0.04188174988768833
user_oXkVEKyf	0.019073028196165583	0.00822297091410247
user_oY7FurLK	0.04206653133069431	0.016764003674120447
user_oYFya42F	0.05663360358624054	0.025894972449819014
user_oZ8mre19	0.13380392193073004	0.0606207067541092
user_oZ9brD6U	0.34419789193904465	0.01915655865463259
user_oZBqnj8N	0.43689848478263293	0.04465205405003856
user_oZdqFtGN	0.019542508416157317	0.008510400499571318
user_oZfUibCN	0.3820072410305606	0.02326735544376308
user_oZoLUHQ9	0.035022589641698354	0.013590109223389461
user_ob2IhKYH	0.05987667060105145	0.021860184686608226
user_obG4eCHh	0.09552253912612677	0.028268127350774233
user_obWJg6aJ	0.039468339972121166	0.016240043530115426
user_obyaKWN2	0.03575490517747518	0.01266637783566263
user_oc5ZQStA	0.06436463160738597	0.0251795466967867
user_ocIcQkDm	0.07319743662780408	0.024025971554559114
user_ocTnR1H0	0.2660436619661072	0.01183715643084673
user_ocXjwpyI	0.140949025849201	0.05304203968830876
user_ocxxEUEw	0.04500811834102232	0.016639138855099583
user_ocyIBuov	0.045722923423101094	0.016142541192195253
user_ocz7e67X	0.2518496201515721	0.009595453529315063
user_odWc63cv	0.12247194560707167	0.04630137621807091
user_odWg8slf	0.01609820889614023	0.006015965008828317
user_odr3Meju	0.05657955710192743	0.022138342043104026
user_oe0KtgV3	0.010833688175517588	0.004144827884952273
user_oeajEi50	0.03824210969737076	0.014872132283617537
user_ogaDRgZv	0.4643566702431076	0.16489075337669964
user_ogsv8tU0	0.09173334687928367	0.034972508586041104
user_oh4jKsl4	0.022095117505220238	0.007684473548859847
user_ohP1dXzA	1.4451284364015942	0.0548137723096042
user_oi03Kkat	0.08461795055483716	0.03516789256366
user_oi1S0hBx	0.46705020948888637	0.03379697531553291
user_oiKl8sxz	0.04267097596142609	0.01621045086210681
user_oifx3L6M	0.15507248272826013	0.06391096322715406
user_oipXJJpC	0.4091737912431702	0.04583636871713503
user_oj1tOBzp	0.38417153943109755	0.030632637162699285
user_ok0K7t4C	0.03735058370453753	0.015379407600985771
user_okex1Dar	0.018759802012203113	0.006774123129710038
user_oknEkbC8	0.1488997205407367	0.04819402596927038
user_olRYfvMJ	0.05948075953599191	0.024903560193998857
user_olmt1bwP	0.039759812648012136	0.014597959390572035
user_olnb0tGK	0.061944481512453006	0.024150904630104362
user_oluIdy0q	0.13432350880118382	0.060617725525811725
user_om43aZoo	0.0844217865637473	0.03158429079130379
user_omQneE8z	0.018471051195087296	0.006640731865177555
user_on2y2Pnu	0.06296571467267414	0.024118587431567567
user_on8Vr1fi	0.04752121004786759	0.018622078101348274
user_onTGNpek	0.013961409477918078	0.0052468658670743705
user_onnbCoax	0.02752090318935524	0.011377843039949447
user_oo1MbH8x	0.036998656651537815	0.014517063897299343
user_ooFaelVK	0.04474212591797712	0.015131856797535466
user_ooHz0xtl	0.061688529498868244	0.02506382069258784
user_ooe147wU	0.06037643272248572	0.02372172498098426
user_ootEz7sc	0.5981122488816155	0.04257469579911884
user_oovNVPzL	0.055407221603267914	0.020041256601021
user_opBEj2GK	0.06413208184449361	0.02617403912565799
user_opKEZfoD	0.03349737721880418	0.011936002646692681
user_opM93Krd	0.7449097724610261	0.047624064189683596
user_opjbHP9e	0.20117917124634138	0.05984561874109255
user_oq1AOecc	0.04108012385801599	0.015229426404540336
user_oqdQVlZh	0.049772870997970745	0.01992792454206361
user_or9BGDCZ	0.00975400942303024	0.003621678115286492
user_orTXzK0w	0.03974725601485091	0.015882974710913204
user_ordcWkV2	0.27029385001696954	0.00942175470822754
user_os1MEaAC	0.024588013499704294	0.009167558488042448
user_os1eTvHK	0.04732918086680431	0.019186821931540338
user_os7C8CUI	0.03241174564357211	0.011944363230371903
user_osdBSexo	0.01989303693357682	0.006256202217620458
user_otJUWjEm	0.03657607661142681	0.01400063322710433
user_otYrJ5Sv	0.09553308416521158	0.0391867584787144
user_ouEIAgDa	0.044978110327390866	0.016151068271088215
user_ouG1KWfJ	0.038584068369516444	0.015039330293594907
user_ouJ1eRMr	0.015179411785101906	0.005788062426481688
user_ouau77wG	0.10985302192850067	0.04662759769833868
user_ournRljR	0.08068354779546646	0.03878773362305069
user_ouu85AhL	0.024383230030323617	0.008819179190728745
user_ov2WY7wx	0.044699429045550604	0.016728423641341292
user_ov9GcUAH	0.24637629388155158	0.010462756602986642
user_owXQPOMP	0.03334554037063148	0.013005286033730785
user_oyR6vpvq	0.40151502338087086	0.0331836686074219
user_oyg9ifeR	0.5612006675156008	0.03506633919851102
user_oyqcWKp9	0.05282339068153462	0.01754259332821077
user_oz3bfLAc	0.08450913782224728	0.0341399876559127
user_ozB9k9t6	0.07533072012601592	0.026116586913255562
user_ozQPRr01	0.026158129878178747	0.009519838131516892
user_p02VuieL	0.04544833605641246	0.017494320844601893
user_p0SUEFbr	0.011371332370651103	0.004087372425339247
user_p0sr3b14	0.13147820599006174	0.05320468282344234
user_p1IVOSas	0.050082662730666846	0.017310551975741557
user_p1KNnjIA	0.03074136808407764	0.012403590667344519
user_p1d7yDu7	0.341538539206571	0.012043497557196152
user_p1p8Jr22	0.12214259923685963	0.03986155433847818
user_p2DpqDW7	0.3030594386208393	0.021190131748167453
user_p2PGHEBu	0.051125864859113586	0.01927314897837525
user_p2RQoO3X	0.019007408938880817	0.006736690994778961
user_p2S8Aytu	0.45432303461168144	0.013038679936506386
user_p2SfkCBV	0.02343232140339454	0.008008178863438475
user_p31938vo	0.07319225790644203	0.02618447230743746
user_p33BFurY	0.0414890553023918	0.017927621598725928
user_p3Ks7aQc	0.10914573774639552	0.04173001595528572
user_p3XVelJj	0.05137790416439918	0.02034235698341928
user_p3hIWWFq	0.03940152308959222	0.015339123586394193
user_p3iqulJP	0.03811648079821335	0.015887065872337486
user_p3qLGzSl	0.07534610958851073	0.03012138902774573
user_p5DL8dlp	0.03148099164032678	0.012688102466844242
user_p5LB1cyd	0.053662416928031545	0.022293625882836354
user_p5R7QinU	0.04489767698511943	0.018388282230531978
user_p5fa2ZUq	0.01783044527319445	0.006450145924641114
user_p6K1VfSU	0.10037812155830841	0.035172852280065045
user_p6MT5hj0	0.07560285693199706	0.02754838102725659
user_p6Q9SqWy	0.02524673882748344	0.009071843278368113
user_p6qcD6Oj	0.35407715390523586	0.012632410860278808
user_p7Sl5YbY	0.03839747652934151	0.0164211638897204
user_p7aZYUzr	0.06748336601380267	0.023876299548109173
user_p821qGNH	0.03566647449835679	0.014846561833493498
user_p850KzZX	0.03798593105817397	0.014332892918801689
user_p8DG9BVN	0.04138608659900207	0.01789879964879061
user_p8My1Deu	0.0789054045914397	0.030275602503063746
user_p8P9E0Yg	0.7145974152304069	0.0940935814589803
user_p8Pkqq05	0.06133708471856482	0.02190714825077161
user_p8ejkvJl	0.9930151398591655	0.02998044061998963
user_p8j6CmMJ	0.016598298591833566	0.005265000963632626
user_p9r9x87a	0.023656844963823614	0.008772378827576997
user_pADVyHed	0.14254746656771355	0.06095452678205569
user_pAJ0K4OF	0.03824279085355148	0.01451298996614557
user_pAPgoQZ6	0.04026344838425819	0.01660544561405872
user_pAmLKLzW	0.6227184906863835	0.022287476289441523
user_pBGwBnfC	0.13387185207309862	0.0608710946101578
user_pBTjN1eU	0.04443075191690208	0.0172439126335505
user_pBqk8twg	0.09020720870815677	0.03803564755471827
user_pBqyCw7f	0.0871510798597712	0.042487424459089526
user_pCFnzftr	0.019906351077376795	0.007246217458458564
user_pCZUgH1e	0.0575214937742328	0.022523514971478007
user_pCaDg2Ge	0.29740982624436724	0.009322535803526008
user_pCfmU3rW	0.08033363452101497	0.028268266652913907
user_pCsh9con	0.02955369012689263	0.011728474262073678
user_pDGA4r7A	0.0232897077202983	0.008786932770792724
user_pDcqwd8I	0.39365201622326557	0.025499967850535186
user_pDmLsGr3	0.006519041646553004	0.0023843204911696363
user_pDs0fMkT	0.0258041731448546	0.009341687648853571
user_pEPGt7Ln	0.0895584763226154	0.037196353801528116
user_pEldZIvD	0.03474749933828702	0.01390091360206346
user_pF4rCmT0	0.03603054678737204	0.013014053864034527
user_pFGnIpoV	0.03720019671992037	0.013370828979989273
user_pFI83acP	0.38775154005708273	0.037639401679804806
user_pFJz5rA8	0.4199406881287007	0.037390062742201205
user_pFK6C0QQ	0.4717331028540976	0.03451738649066617
user_pFN0PEGm	0.18520079068797746	0.07842722497812996
user_pGJJYW09	0.04575235053467998	0.019240469400301902
user_pGb7QMsD	0.146310098921772	0.06625370392909052
user_pHSwrWNB	0.21819974247613028	0.09251972092967822
user_pI5Pwm7N	0.03425261896677383	0.012837299910049131
user_pJ5XYgE3	0.3007947159448503	0.02510915718918998
user_pJ7Hgjrr	0.045018672406296874	0.018820393999647727
user_pJFZkaur	0.014521883621522305	0.005308966368376875
user_pJLJyVX5	0.04488992458506896	0.01742591238782058
user_pJRlvlPm	0.3264584027331013	0.13805761110612158
user_pJiMrJ15	0.33725360675699984	0.02083631897552225
user_pJvud0kx	0.06055200197812699	0.024482443980796798
user_pK92TREY	0.021800489297632113	0.008161206256007341
user_pKB5ZHZn	0.08164135232075387	0.03220462576352582
user_pKZcnsGa	0.5739596341248615	0.05387680205864346
user_pKbRICPg	0.2899227794093378	0.12590129339844422
user_pKqd476Z	0.010137040844562354	0.0037395317301315706
user_pKrUkyZz	0.04341551239095376	0.01762231296495273
user_pLRrXwSv	0.09215106875228264	0.031577056734114074
user_pLlZSUOr	0.02066716169010583	0.008837550589365162
user_pLpREy2H	0.015491421174835374	0.005473873612837465
user_pLpyH8cv	0.04819519700024642	0.01911134685974939
user_pMKJAbC0	0.09010030073743057	0.03662556466367715
user_pMKeF7tu	0.01510862233510592	0.00558875084915896
user_pMashClw	0.13982763720600958	0.06339400312262268
user_pNUe6XvE	0.05530858410622183	0.02150018518058172
user_pO4OagB9	0.11572544810324861	0.040462239363955356
user_pOMB2jRB	0.06914959083230417	0.03033441320361242
user_pOw7k737	0.8161047685240664	0.2752731438728097
user_pP7Hgp3u	0.09701544433495733	0.04398377549045398
user_pP8WGwSN	0.08402478291332036	0.029441250648236963
user_pPFrQPVW	0.10311377530456603	0.03934917080503721
user_pPUei5Ny	0.15659287444595035	0.0631742266168834
user_pPo0jym2	0.46177153736476234	0.19844634060588706
user_pPoRGdTX	0.13554116594147217	0.049693385969689446
user_pQ5jM9Sx	0.32179033296289844	0.01913943593369978
user_pQNXHyqx	0.04327475568240687	0.014797212610722716
user_pQXV7sEM	0.12356042871671796	0.047162492018484256
user_pQnbYPwo	0.05949143053991071	0.021041602832840445
user_pQwbUlfm	0.0339725482586474	0.011839975607124381
user_pRfIhzom	0.12369554800227289	0.03936580030097362
user_pRrvTxH4	0.07591825819864642	0.025480315170779137
user_pSD8mNOC	0.12115818434818543	0.043645909552561056
user_pSyMDfLs	0.09005622738843397	0.034067888936192364
user_pSys8DPZ	0.060223729698924235	0.023962214947136986
user_pT9Q2JkR	0.006889257327354681	0.002413311453093973
user_pTMqySGA	0.5140947347180729	0.047112395411376226
user_pTQInefD	0.049505518317046374	0.01942047575944064
user_pTRG8G2a	1.764598034742614	0.5264454363963461
user_pTU1Depy	0.05408518712624999	0.02066493376369967
user_pTrzEtmu	0.1866158114060379	0.0783262600836788
user_pU9vjlaY	0.02206030893948185	0.009369662541541705
user_pUQWSbCm	0.030786776519036753	0.011027246069546052
user_pUSVdd4R	0.15421602600322495	0.058328510567450184
user_pUb5mx8x	0.043005069287921666	0.016040908934692805
user_pVB8q0cO	0.05756637729331345	0.022577151210226135
user_pVgvFl1Z	0.03815037363365858	0.01337414770964151
user_pW4JPqtD	0.0018609855880902127	0.0006491733647254511
user_pW4VeR02	0.01571704881554519	0.0070223962608481376
user_pWQ8pLXF	0.030830337545418883	0.011695680752047638
user_pWU7jqBk	0.05737409574737552	0.023881847105385753
user_pWY38Lsp	0.021295941951408152	0.00763687761265249
user_pWZ7zd5K	0.2642931265253438	0.014645819954578934
user_pWeN9KcH	0.02900826709704961	0.011899703567473193
user_pXFSxOYL	0.07128607703940924	0.030085387186970108
user_pXHItGaQ	0.25619885861709163	0.11229128663585605
user_pXO3iwlo	0.055728328816995	0.02155022961268187
user_pXndnHLw	0.029063974723839772	0.010693861680742971
user_pYSru4ot	0.5883539209370025	0.033190095922601505
user_pYd23Nye	0.009502480061023355	0.0035794984922161792
user_pYeX5ukm	0.0330658196279885	0.012309250278075952
user_pZW5bSR3	0.3146438542437409	0.012811560240262325
user_pZbYuAQs	0.03890663940851635	0.013321315761209047
user_pZoUkh3F	0.029369493387192518	0.009995468764182213
user_pZs8wX6b	0.2327692039199012	0.007849126958456227
user_paaYFFcN	0.03283641253881876	0.012542362093136878
user_padHvejp	0.10347618216689713	0.04861526670810591
user_pazpdBsk	0.06365034806410536	0.02390276585101643
user_pbBK2TGW	0.05031347571629004	0.022034207198104335
user_pbTwSI7v	0.04393673296013409	0.015170319622631087
user_pbaKr5VZ	0.014827337013091956	0.005282879095196441
user_pcQ87Iq6	0.08994547442399373	0.0434118433542927
user_pcWXRJlr	0.0365921535156565	0.015433123984830651
user_pccNk29X	0.0317017013128901	0.012081102415584551
user_pdq3Rhvr	0.064583264496296	0.026258349720933334
user_pekACPcq	0.038519496778610454	0.015018742417242558
user_pelTXB7d	1.1032623588622126	0.0792222390965154
user_pfJRrpnn	0.5618850736113075	0.039450183496474396
user_pfMfalYx	0.17970728052528745	0.08030586399146136
user_pfd7yxdd	0.03163626506521554	0.010923850778298643
user_pfhjKlMr	0.019365128959900252	0.006644718005005717
user_pfndMoBL	0.013330027718183968	0.004535065018089628
user_pg0uWECH	0.021592557268123605	0.00815212113164024
user_pg5ac23E	0.03717766608950125	0.01522657759072309
user_pgONlt0J	0.43253376413403216	0.036775220556448815
user_pgT7ESMa	0.045191367616012876	0.019668117514386886
user_pgghrafu	0.11821822324396854	0.03559890956814831
user_pgoKxDMb	0.4203443176425605	0.0349570772748811
user_pgqut68y	0.4802282125062345	0.016175076317047454
user_pgssKFlg	0.10286726584249496	0.03831141936759175
user_ph79Bn0d	0.0519437472143551	0.015497724969572935
user_phE4QH39	0.39229380890075793	0.042239775541122085
user_phEXt6fw	0.03358102014042107	0.011781435850986522
user_phZjVe1m	0.16556098123256247	0.0675367885795234
user_pi39L24S	0.45875022546961974	0.02335440381395886
user_piS6WtTn	0.07836868432800538	0.02964766337852279
user_pic5sASm	0.4169085841321458	0.016473870829479126
user_piilfvY1	0.04857428048412562	0.01871452144759293
user_pjgxk5TM	0.024180192163150697	0.009676377649712119
user_pjyvWDua	0.032143821300953564	0.013147338030453912
user_pk6UF81L	0.014248570162541128	0.005181117041381535
user_pkC9mtYB	0.01607246490495732	0.006051977550904118
user_pkJR7xPV	0.02658280755552338	0.010263693378564906
user_pkZ0DuSs	0.04570595623763236	0.01901336423702932
user_pkjzJ29b	0.7239457833480131	0.06527418006715177
user_pkrOiLJU	0.046093927423216316	0.016626147093972907
user_pl9HiBLG	0.6900256119295851	0.032388160426010296
user_plbzJYXt	0.014027722155155502	0.004638607488493956
user_plufEMWN	0.022043819974732707	0.00816968434912965
user_plxvpYmA	0.2917291846898867	0.015175691251668746
user_pm0ENwnt	0.29441026641103374	0.013444126550815443
user_pm1zZqtn	0.0328391440374048	0.013205722743846036
user_pm65FScM	0.02700434651924296	0.011090316757869267
user_pmMIlEe9	0.12563117607110946	0.04978285968866804
user_pmSCTFtL	0.5869762028026817	0.019646920183039398
user_pmScTtyn	0.02706823200272792	0.01026131741791319
user_pmZ8FFkR	0.1066032548502793	0.03982489018770532
user_pmdkGW7L	0.015668828092766443	0.005652691841930035
user_pmhXlqGe	0.059922914326651824	0.027087876999719606
user_pmjznaR3	0.026422025732501367	0.010164831176747444
user_pn40fL7D	1.5897272129831093	0.04642351878664123
user_pnLd3Stk	0.014052907452059622	0.0053540761310212496
user_pnPlHOAR	0.029859648162327855	0.011971455076027027
user_pnZCJ2YN	0.45827784593647297	0.022024364491143394
user_poEzDolf	0.5811791254786483	0.040778458467725154
user_pp5RPgn8	0.33613825228070726	0.13975509600960723
user_pq2dJMyc	0.04544288949050819	0.017500785752686362
user_pqHkrOaw	0.26806062512278783	0.11946991271837068
user_pqT9NgVA	0.04690865593331055	0.017419276615302473
user_pqVeeHcc	0.05862752995845689	0.02374471152838211
user_pqfb8TpU	0.06928334522679212	0.0268091178219876
user_prCWvk7h	0.0456132756654905	0.019950788241346204
user_prQVs2CK	0.2848896083349851	0.010006440557778358
user_ps250Qhv	0.20567024402229991	0.09298601037293819
user_ps6EcWMX	0.022014631866194147	0.008441723357737338
user_psymNz5D	0.055978249499533644	0.01600626507632148
user_ptARo6BO	0.04297405326263069	0.016569876949004074
user_ptNXKSeN	0.05904011565688798	0.021272583688068402
user_ptSfMzOx	0.013046980710401834	0.00475440018193123
user_ptSxiJSZ	0.20362175796557624	0.0918519903359543
user_ptddUIdy	0.10485774398572362	0.0337939440442542
user_ptvgJ8F2	0.013122208553217623	0.0061095051244015606
user_ptzbrv0R	0.6051168379833544	0.03590815510972391
user_puKgzk1x	0.2918703115780458	0.009981541250828604
user_puow8aq7	0.038850865808136625	0.015349419429795527
user_pv9zMaA9	0.033369173148917075	0.013234270990327077
user_pvWLTNzy	0.04239793854961495	0.019255630816399433
user_pvgQH82m	0.08434850477060427	0.037136665064394274
user_pvoXXwvH	0.04365664470613641	0.018504621947596875
user_pw723vB7	0.20328451817359364	0.08975593252858555
user_pwELc3h4	0.04130108746210842	0.014810154358401896
user_pwKbppKT	0.09377859912045972	0.036304986214343485
user_pwPDeY9n	0.043565577808320016	0.0169429690451126
user_pwcRbXJs	0.2513250954516989	0.010552133200694713
user_pxFoAoro	0.012594568468487988	0.004535452596428939
user_pxlXnLsw	0.035736589651944956	0.013043847401646545
user_pyk8VxhF	0.368055168674091	0.01407422080394927
user_pyxGqGf3	0.08996176333101827	0.038278125262234286
user_pzBZMmVc	0.050998047031311944	0.017190163685837704
user_pzLfPxnf	0.09826282066655165	0.047924183448431155
user_pzWhyMUW	0.06101727414212239	0.02897113950274354
user_pzo2JsGg	0.43620149283984033	0.024512419622771515
user_pzuhSt39	0.06752649708533642	0.025844315350148434
user_pzusjCit	0.023240854481616557	0.00841745511472929
user_q0MCpOx8	0.029053428805734194	0.012479463503965036
user_q0kmXzBz	0.058579370612318174	0.023944944079911306
user_q18koDH6	0.04534529482081748	0.01659577225657609
user_q1ErspIE	0.03462236040880887	0.012928945814373023
user_q1V5oViv	0.043391175339800345	0.014401535085799135
user_q1g4IzhW	0.13282435277669116	0.05151129381652246
user_q1sinw0G	0.1226526530068252	0.049497671148291955
user_q2LwJHQT	0.03238358815813301	0.010381364427995496
user_q3M2wcCQ	0.038081315991893946	0.01317082458395097
user_q3gTTIdd	0.7158405964547525	0.051377553181044894
user_q3wDCWdn	0.03312521162581345	0.013446437027565586
user_q4TilHJe	0.0816816613740915	0.03164723002094086
user_q4auW0R2	0.07341109578656463	0.031758527219253076
user_q4zGOsBM	0.036127281289178304	0.014824135705414411
user_q5V4Nfz9	0.07519209110580596	0.025664078776693747
user_q5hE98Cy	0.10781893705544499	0.04367067114301328
user_q5nkfDgl	0.053385911503830555	0.020567159549164188
user_q5zGArGV	0.002834423805591985	0.0010425267845238988
user_q658cC19	0.057035640918804746	0.02162924587774519
user_q6Iq54jW	0.09942764567300799	0.036448819019142535
user_q6U2cqkI	0.022735594084209734	0.008383867151192761
user_q6b6Ael1	0.15290579147345618	0.060596832939908314
user_q6cgQ9HE	0.13958088748937922	0.04313568025684423
user_q6g1vwH0	0.08256205263703215	0.029992262359168083
user_q6moAkAH	0.4854964402832921	0.02252385459603416
user_q6yexzXm	0.013622224933948393	0.0053237816134533746
user_q7XB7ufi	0.007299276867155419	0.002750046113849324
user_q7e7iIL6	0.016567953922004237	0.007356659846222111
user_q8Qje3GY	0.05980189070028684	0.02537359501719812
user_q8T4SC7a	0.05097010199470655	0.023697830274279758
user_q8WGmUQw	0.07224632030202142	0.02837559640658452
user_q8hWS91b	0.06848800121156401	0.025840790834042743
user_q9KwOUTW	0.027969062193036194	0.010517850656864149
user_q9YAwD2H	0.09353052409180532	0.03809923971878998
user_qAhLUeJL	0.07741631041643622	0.027479304336490568
user_qAxDoB4K	0.06819958047599962	0.03283907778584438
user_qB1bE3mY	0.04966080592512561	0.020504504735474247
user_qB1qbgcD	0.5138103199227282	0.04192821685978456
user_qBa9nn7X	0.10611250110170753	0.04209868064951245
user_qBxRc2KM	0.03367441780527965	0.011865257014414933
user_qCSja1T1	0.021204751921841295	0.007333525645930559
user_qCVJtkbv	0.025433876015895474	0.009846626642765238
user_qCp07XY8	0.362134760704627	0.024973905425948708
user_qDXXKyAc	0.36988556061618194	0.012561160686054867
user_qDekYWfs	0.09566988896845617	0.04547234070930862
user_qDl5g28B	0.0637602729929503	0.022618235616471645
user_qDpeTol0	0.2548561452888341	0.10349597531342956
user_qEhfQeyQ	0.11588714810201373	0.036284542523030386
user_qF9zjkeR	0.042670857101880816	0.014861149310991358
user_qFK0qbHE	0.034894351722564956	0.01287681455108274
user_qFdNfUwK	0.056554081770293765	0.024063550860908375
user_qG8PpgmQ	0.053780398697267376	0.020681264328256208
user_qGB1e6K6	0.028493396440672933	0.011333975058081288
user_qGOdPgAo	0.07587117353436112	0.030434685320231292
user_qGPkMa3e	0.07401723024516144	0.03472432006111604
user_qGogcEA5	0.054114767737347844	0.019961771020221137
user_qHBGN69m	0.09307871279521399	0.03436005910460059
user_qHK8eHPW	0.03581124846245884	0.014071828321545559
user_qHTqUIEY	0.0636071265937572	0.025228619716654778
user_qHVAlW4X	0.12479523078203306	0.05515307029436961
user_qHVBr02Y	0.17229073488885532	0.0784360289637685
user_qHoP9922	0.011517159149114766	0.004121096806656609
user_qIloGeQu	0.006262150841828705	0.0022382676897440743
user_qJ6VeBMG	0.10031714397803834	0.03924621253740311
user_qJ8yN6MS	0.03722768527614953	0.01617385324313849
user_qJDaUQ60	0.03684304029105927	0.013085636704890265
user_qJWlNOXp	0.029492878412169007	0.012281862087750822
user_qJhHa9dN	0.3048413928316748	0.02072786027671644
user_qJp2EdiI	0.01808213410391809	0.006501694949714692
user_qJppUF0C	0.18435527177678934	0.07809667857544804
user_qJt1R6ie	0.10452385640177748	0.04534024953960137
user_qK7EcWaZ	0.07598992817928006	0.03218581895022393
user_qKCZ7ngn	0.029409680914343705	0.01031200056850024
user_qKWbSzLG	0.8203590436751033	0.03015751106743771
user_qKsbhpO7	0.08839437160570487	0.03060330605723502
user_qKy9RGyn	0.07195967067904482	0.031124042648285503
user_qLUwNXna	0.028970147584242472	0.013225504795915522
user_qLc9ssWn	0.03603954707451967	0.012814889738967238
user_qMHuZTLo	0.38621417932823726	0.01229996521709365
user_qMwp99Yv	0.021257955718997936	0.009163571789112455
user_qN3mLoh0	0.11224830529647233	0.04181747644893588
user_qNPonKvm	0.42680270175610013	0.017279864766555856
user_qNu9fqxI	0.08079381828875354	0.031392102542526557
user_qOPKpPAv	0.028731656337137323	0.008969270421563594
user_qOV2xsSO	0.03100278045937474	0.011138911004185858
user_qOgHgyZD	0.007240768106619021	0.002413983580835587
user_qOjqnpF7	0.03239690393807709	0.013176089000190834
user_qP6zPU7f	0.05314661791947983	0.021725348305104652
user_qPb8aWIR	0.34678377299638363	0.16208054142979328
user_qPbZlxoI	0.10872604269172248	0.043149999633801644
user_qPc57Scr	0.045242796698892564	0.019127835878004686
user_qQOiD583	0.14243392695898496	0.05258621395444277
user_qR56J82r	0.1274281438964148	0.04548704973668029
user_qRCTKG3y	0.07177999047857253	0.028516085786293843
user_qS3ZHt1Q	0.07997662788197327	0.03563896487255554
user_qSMClIJf	0.11378435734033372	0.05100434533274627
user_qSfdep7h	0.15991551736137474	0.05684643673942277
user_qSv3nKfT	0.07149193539389499	0.025276401161765924
user_qSwn7LcC	0.01691419419503879	0.006262519084710251
user_qSyI8r5W	0.04546288905109477	0.01578779648753293
user_qTLCEyWq	0.12397339364594344	0.04500931968765933
user_qTemembB	0.045138609660105536	0.01863348616765409
user_qTs9wQV8	0.11029464837722877	0.05017045905997862
user_qTwoKKmM	0.1406725532390884	0.048003352126326254
user_qU1tpnRZ	0.04731390074579413	0.017074366610368576
user_qU3G6HOy	0.1372162873364044	0.05154624860422863
user_qUP6qfon	0.026085049391215386	0.009503834471254809
user_qV1BAQBA	0.3515231753234547	0.019698725864383867
user_qV6y7K8e	0.127443366656836	0.055157882583664
user_qVTVgBOn	1.3862943609684684	0.548794940583745
user_qVUDGklO	0.017030729728511156	0.006480692535879365
user_qVmtWNvN	0.02643147090196949	0.009231945389060255
user_qWGrWyZk	0.025430958948774087	0.009167736853695005
user_qWTzFe9d	0.07836431213421177	0.03179228127887519
user_qWnhd7xh	0.021276048895439076	0.007995477012004275
user_qXXeWMEJ	0.02996217436794845	0.012281166436243166
user_qXfetcmF	0.024614540234492346	0.009006270561170352
user_qXqFZhg2	0.09998025938547717	0.03712320925387178
user_qY4iOPc5	0.022257067304526063	0.008536620341608977
user_qYORbVxB	0.10829271079558034	0.04367290194212501
user_qYsmv0cg	0.2218040679815425	0.007885630688786392
user_qZ3h9MbT	0.09028518064114403	0.030722514908362232
user_qZBD8Nue	0.0652126507077808	0.02402037073270098
user_qZS2Fyb6	0.056440419040100796	0.027312049959288327
user_qZTxpmWk	0.08853102269295454	0.027925121612034393
user_qZaiKHOK	0.09579429018456205	0.04305245292114554
user_qZb36jlP	0.043092923824659235	0.016622563701862537
user_qabOJPl7	0.3597158674664618	0.16587029568517334
user_qbQF9owk	0.8874239482785413	0.11049816903616881
user_qbaAmZtb	0.02090601729360289	0.007557731844981832
user_qbbkubY3	0.0851254331763038	0.03281491981427618
user_qbz3Yv4u	0.14851616947123475	0.06448629534939433
user_qca5pcQm	0.03958489048527729	0.01611067960750306
user_qclzS2Gl	0.07741432820409751	0.03122508180257106
user_qdFFvyLZ	0.10217411058948922	0.041668342066848364
user_qdehGauP	0.622877834239036	0.0346902254748864
user_qdrqNvzW	0.5877453113197609	0.02544642180380347
user_qduW9ntc	0.06618730315637114	0.024645080067642742
user_qeXYP7Qw	0.12260199527289954	0.03653334495536874
user_qeg8NmDP	0.0859674925076513	0.03926093167091235
user_qfIIBtbh	0.06780646520047622	0.03100722995534349
user_qfQv6crx	0.07792924232256734	0.03150102959428784
user_qfX0tfdr	0.012185058323320286	0.004363330968571722
user_qfvhQuk8	0.07730003309253722	0.031127102934601053
user_qg7XSe3C	0.13858826249843098	0.06313003072491664
user_qgNaTZUE	0.09795387375816786	0.04255680757458054
user_qgyR0QqG	0.003456826479269615	0.0012234760681090792
user_qhGYkJBk	0.3116044533108162	0.13897051386020162
user_qhkhrUcj	0.029627182685254504	0.011978403939253236
user_qjS4qyYx	0.045441571688377085	0.020471057261648263
user_qjfBlhlt	0.032170556996570746	0.01413712349134489
user_qjyfGpMa	0.0593835889189625	0.02615483076246703
user_qkBXfF6A	0.13624454620906057	0.05578554797340949
user_qkT9zJct	0.48244573048052825	0.013607616175613827
user_qkTkW3q1	0.040618897231963005	0.01594645251369447
user_qkWTD6cU	0.02394047478750056	0.008569219183063458
user_qkddkQGr	0.058069886281711496	0.02503062081131054
user_qkg0ITB6	0.20174291781677758	0.08838414352373383
user_qkhYKhRx	0.03673050718496507	0.01598610836076892
user_qktXdQxf	0.034506193301345627	0.012500892311718748
user_qktl02Uy	0.005414254802189903	0.001997841763806449
user_qlDDcT1q	0.09359667560778824	0.04224819959094873
user_qlG95PuW	0.05627915499924935	0.021197669842002147
user_qlXAe8Wv	1.1168996623314682	0.029047366790772793
user_qlpEDLvS	0.07748655529386217	0.02966747465411146
user_qmKh0y3f	0.42513656146201473	0.02265005590019923
user_qmNyaPSm	0.1504770830566715	0.056341513808332626
user_qmaK9ct0	0.019545668151301526	0.007018585649228112
user_qmtk3ZA2	0.028658352268381523	0.010095633795342823
user_qmwGdS4L	0.043099407930732234	0.016796715096463844
user_qnD205lk	0.03063854308368693	0.011315688443688136
user_qnKOehoY	0.015647586037485468	0.005481394771159168
user_qnLgata5	0.0752631415213629	0.028992894203746334
user_qnTmhoqr	0.04279061261354092	0.018123070928887493
user_qng76fJY	0.06017395813650439	0.02476568215496933
user_qniwyO6X	0.02932985167364372	0.010110760955027396
user_qoeuqu0e	0.009834306607846323	0.0033984757564286816
user_qpNCq4IX	0.01859346072071373	0.006722532336228221
user_qplIgdrU	0.032792114624920994	0.012996763518510125
user_qpleTVg3	0.03891856250883878	0.016586961665848318
user_qpotvCNR	0.10213135423549394	0.041368715988234335
user_qqR0gFR7	0.10788843369728637	0.05126487072175041
user_qqg3H4Gi	0.21932336798735835	0.019400018874037504
user_qrUXQYvm	0.054262968496525704	0.023211112851895976
user_qra44idr	0.10609402471072486	0.048996243146542925
user_qrg2x88g	0.15514320284144353	0.052688467363856385
user_qsHjJiiz	0.04607264345834797	0.015542542328063095
user_qteUASqq	0.014863929912510055	0.005512284045746602
user_qtms8hmh	0.901580914235815	0.02753807300351579
user_qtt96Eff	0.04620291683609457	0.017630111994060005
user_qu9WG1mj	0.029525306053009032	0.012391804408706191
user_quEZlAgr	0.6969820168518558	0.03596866779511171
user_quMgg4LO	0.06318485675578644	0.02538834619211107
user_qv1YXHTg	0.0329498145396248	0.01388281289076783
user_qv8OUZUE	0.10418555326826923	0.03852580550755959
user_qvaz1zxf	0.08328959819866857	0.03366213187028258
user_qve2tGnH	0.07437892105705593	0.03523215798215453
user_qw4D4hcE	0.05122577396927496	0.021111614106107963
user_qwBUZ5I8	0.07716010835198953	0.03097590348223784
user_qwFSPqPI	0.06562823810315897	0.02740002179885759
user_qwl6jPGp	0.028318366460808674	0.011522887105075057
user_qwtyvbr8	0.04912097287777691	0.018594195078924472
user_qxKhadDV	0.02743684849425111	0.012672041483169093
user_qxLDyC2X	0.0065918341703550785	0.002369222724202506
user_qy5VrjXY	0.0919740947180887	0.04283093630971916
user_qyIEZuZa	0.03391062393085647	0.012166777941087375
user_qyQHaFxc	0.011404618847721579	0.004091345112361217
user_qyVnI6Ay	0.03790895743906979	0.015437186041674851
user_qytP1I6L	0.8747347301184736	0.03211851235570553
user_qz6phdJF	0.06337329404967615	0.02388194145615611
user_qz8mu45K	0.35573428202822754	0.02086839224077555
user_qzG6FAf3	0.44480377353823475	0.025976703982115972
user_qzi5MoaF	0.047632654684389375	0.01961111649492205
user_qzpSWsrY	0.02041813128155255	0.0076163785889808815
user_qzyLHsbz	0.07738994077238918	0.0338655448828899
user_r03RruYn	0.4095230131481039	0.020287924126474035
user_r06u96IG	0.03215563257204594	0.014388207274066618
user_r0A2YjKJ	0.07628723648606661	0.02308410421867906
user_r10F3kHp	0.08442208558966213	0.03040257375657445
user_r14LEykh	0.013001716826194755	0.00486459275758443
user_r1rQ8eqg	0.08138851451514312	0.029754489652778587
user_r2DotRlI	0.20742782114287175	0.008761646319416954
user_r2QxIL6p	0.004654873084330338	0.0017068030245883847
user_r2cYAJbt	0.03720550214231802	0.014601652325601079
user_r31oPEvy	0.06434650082114432	0.02597000011758352
user_r37u8sPU	0.16478390719161545	0.07441618290376767
user_r3XuS84I	0.03943288744367443	0.01491785372746206
user_r4LFdul6	0.02826333543003362	0.010051858758840558
user_r4RCgqBg	0.059144474848743245	0.023194003506071755
user_r4TkjfNU	0.08884651422974801	0.02740723271372079
user_r4nc29Gu	0.05827498744995145	0.022115853457532877
user_r592L69r	0.04476373426760323	0.014116166247188424
user_r5HKK1yt	0.031202521113591675	0.011691638911678666
user_r5QBUdtB	0.015623599769537474	0.005236848759328853
user_r5ZyEZZV	0.2347933719843516	0.10101181898393442
user_r5tq4K0T	0.008299498438879834	0.003024036527517342
user_r664mnuI	0.07734495335152389	0.03442568674748379
user_r6aw9ohQ	0.02508944794677028	0.009685046984525617
user_r6iCmlkY	0.060745374958965176	0.023561552759162687
user_r6vjRRlp	0.046177634438961966	0.016264906213020937
user_r6wWDKUJ	0.06582347395846752	0.02442665612653239
user_r7QFwtTX	0.0666844429370057	0.024970906289642693
user_r7Sa9cvf	0.008375931244340364	0.00315512942149239
user_r7ZzLvV7	0.09878057190554204	0.03454100523801541
user_r7gz3OBa	0.024704649531881576	0.010172715599232478
user_r7snOEu2	0.053168489470968056	0.02125592816481108
user_r7ziwIfE	0.03134777126132016	0.012335926438021515
user_r8Mvgsuz	0.01694943042273353	0.0058467230872596785
user_r8OtB5vX	0.081518306132391	0.032458727021186
user_r8PR7Zvh	0.03725095401956092	0.014407855566038498
user_r8bgaQ0i	0.04466126558544494	0.017961961838076048
user_r92NXeWS	0.027490089369833874	0.010009968073579324
user_r9KNQbw6	0.4870109443999213	0.04715569419821985
user_r9PVJGBe	0.06471761567621984	0.025472516308373844
user_rASWdTQl	0.28106511115928734	0.029038429342382762
user_rAaAgmNj	0.10142058491548966	0.041551491427969205
user_rAlgMGHK	0.4647400355627616	0.025318763486293104
user_rAuS0T2o	0.04382341776136094	0.015181781917629629
user_rBlTuzaW	0.003530254575983268	0.0012736606087541725
user_rBrdR6K7	0.027525695705331966	0.008949876728393296
user_rCA3EyPv	0.021230240357471092	0.008886925724026452
user_rCBRsqo9	0.01726376396321455	0.006249508053292917
user_rCQoKhbp	0.10950712963703958	0.05092766892974774
user_rCXEVnZA	0.014985482335041406	0.00531405122286575
user_rCYQpyHW	0.02971153230336468	0.010821146668190052
user_rChXa7ZD	0.08060380839304364	0.03125912639643659
user_rD5vXVPY	0.01422569717907412	0.005314487836830398
user_rDADDfwh	0.046522430613750526	0.017770936943331848
user_rDjMkL57	0.03968279319355794	0.011613961926124846
user_rEFDPA90	0.03076094340498907	0.012793802434172075
user_rEXUkDHW	0.20642860904196256	0.08235273253094988
user_rEm1judG	0.3906317742713878	0.017792409699901382
user_rExHCpZM	0.0609033730548784	0.025623429298087422
user_rFZigc22	0.2036150304827345	0.07324397568246993
user_rFd1wUa9	0.5973372978808801	0.03853218904350319
user_rFgef0xh	0.03409608297729008	0.015161229068816914
user_rG3MFFJw	0.034475335428566206	0.013748650471968887
user_rGLABUju	0.04357311871086613	0.016461213212442188
user_rGLHLYuR	0.683245958525257	0.03215047499380877
user_rGWYJiJJ	0.08440859985714104	0.034378859753574624
user_rGhAmHRh	0.04049286170972913	0.016162009385094295
user_rGuYXG9J	0.14173769200542186	0.06378524693512196
user_rHnf6y78	0.025043815725131854	0.008922952455869385
user_rISI12Sn	0.04488168255621497	0.017432992606347925
user_rIVPzjzn	0.022723553745749497	0.00976374299198637
user_rIne4bVe	0.03042428423312045	0.011318801364400128
user_rJ2YWmwH	0.06598984413956252	0.028332782966552436
user_rJDEP1gj	0.018837587134239896	0.008266085768093073
user_rJUQy7sh	0.11912756516085038	0.04910677891492963
user_rJWy94p8	0.09685442902437105	0.03217442460906995
user_rJZnySdj	0.19049765630576654	0.07375332299324355
user_rJpJ9Hgc	0.07880437687141148	0.027414620949569354
user_rKyYhFp6	0.05647810324499694	0.023774905091951303
user_rLc250Vi	0.10972713309211678	0.04004063538050332
user_rLe0xMKG	0.033576371203134815	0.01207562886077032
user_rM9Ax04L	0.01356175218421253	0.0046956619070624905
user_rMibzxPE	0.01372507816309957	0.00501865888184053
user_rN47K5e7	0.010035227789669188	0.003733029482110327
user_rNEpWDlH	0.01780809096789488	0.007740165070662977
user_rNGXa5nI	0.1043122278706977	0.04389063333392765
user_rNU8wy6i	0.05888382379541726	0.0216206400640713
user_rNeDuY1Y	0.05863002889867084	0.020883449491690232
user_rNeenlio	0.05521528695652708	0.020798309875637952
user_rNevyUR6	0.7245048298863084	0.03316319415299751
user_rOEFwsFf	0.06475869777745241	0.02136148410435814
user_rOZWc7FF	0.027479480072689938	0.010979291757561974
user_rOzH3rs3	0.03979313662416621	0.013968241160979883
user_rP1GOJeg	0.032664455672145695	0.011166190488516619
user_rPMevaTv	0.12704018595915845	0.04388807466662922
user_rPaK6sFy	0.06981497968274328	0.030363194954852946
user_rPxM0xdk	0.17336677761732605	0.006437440542812526
user_rQtBkx2g	0.021130473201222	0.007838358440745376
user_rR1oUifk	0.12133472299208509	0.04294497796617854
user_rRGetFn9	0.024626991029820126	0.010027378923176102
user_rRZ0AXcU	0.146544784542177	0.05364452651934501
user_rRm5Ctgb	0.0818148395924601	0.03347944102693684
user_rS6YaBqx	0.40772712341271894	0.04402821051882714
user_rSET9tnY	1.227625833820403	0.4115367669637762
user_rSJ71CNm	0.0035706363226349954	0.0012918896065481234
user_rSJIRVWX	0.27535397433745845	0.09488214512528716
user_rSSG4kry	0.14918296089058816	0.04849091700455082
user_rScD02g4	0.6958707140379734	0.04281451489573431
user_rSjFQL7n	0.0524921226231793	0.020175645563145307
user_rSllhAYx	0.04034776364964024	0.015490937016410406
user_rSwZfPDF	0.03433358019809485	0.012079795773348445
user_rT00Y5ow	0.03516690703463324	0.014010064926569744
user_rTctwbWP	0.05081835453709946	0.022468905282148944
user_rTjBy19b	0.8495575429172173	0.032827170907566885
user_rUkDUVgL	0.4758104690748369	0.04149417543687105
user_rUtN9qk2	0.021187836814226292	0.007204593164655672
user_rUw7mxRf	0.050263675636870134	0.020697858781327495
user_rVTZrrzs	0.3271249363752134	0.01592505233074306
user_rW9uQyu3	0.04638344687224056	0.01701086086123044
user_rWFkNMos	0.044075382084446474	0.01571224470263951
user_rWJcvRhR	0.017367444514316332	0.007541699515747234
user_rWcLTskf	0.1381474034645259	0.05807232573198053
user_rWkwCWmt	0.19006540266883895	0.018946854537428587
user_rWoDg5rp	0.06617158693541292	0.029191507512679186
user_rYdjoG9q	0.19497028961300572	0.006651630072247669
user_rYm7lk0I	0.02604081848235424	0.01040406578830412
user_rYn5mxND	0.034955224460936615	0.013070294602088096
user_rZCGjG6D	0.02928273421932172	0.008424675338264982
user_rZPcmwbL	0.06985130062332563	0.028966108205820563
user_ra2v7SGn	0.0415925979405783	0.019076245173589752
user_ra8MwxPg	0.16557301052735024	0.08040370494354185
user_raTyKyBV	0.030804807777047652	0.010977086705656896
user_raVbB1rC	0.12828616181645922	0.051860837103399546
user_rbHqeMrr	0.018637194925275116	0.00647436734079474
user_rbKp8YzS	0.04726272456934358	0.013924963950019614
user_rbWwGijP	0.013254353848779113	0.004749039396982819
user_rbhvq307	0.1270009901371959	0.050722945564728464
user_rclQKv64	0.09138091698774442	0.03563294218737511
user_rd8K4VIH	0.019691230004411805	0.008427709785298448
user_rdObtZ2V	0.013190856761422148	0.004689234654346732
user_rdfmxfNV	0.03726033870998574	0.013381919800310334
user_rdzUkvMH	0.2885344675001151	0.021960480711415615
user_re1PoCtX	0.08547456644013675	0.03119494997242959
user_re3BSCcg	0.028845916286787295	0.009686817729332685
user_reDuv84N	0.002353873348638012	0.0008409201289126297
user_reTdqfk4	0.03258125223276402	0.011640480296635593
user_reuR3Xlc	0.05332841857204138	0.02094250332990858
user_rg1IITRv	0.014233431967368761	0.006530126859442823
user_rgMsXsNP	0.03266515087575712	0.012359112659575172
user_rgO6xq0F	0.02953284184174184	0.01046976674493301
user_rgX8UJRd	0.032675525468353915	0.012099665327307454
user_rgZ8IhIY	0.025993121567857914	0.010536882620305214
user_rgySwRCi	0.016935725018873804	0.007491791520901869
user_rh8PLj84	0.034821509123197945	0.013780335652925751
user_rhGLW7fd	0.4592910245376116	0.059407482883346754
user_rhQXW0vq	0.016621181034372906	0.0073545894295328155
user_rhmR3iof	0.054929118103020154	0.01752738924423424
user_rhsViQeq	0.018616857318484618	0.006448661250391911
user_rhtLmmoT	0.1232216175712533	0.03796472904612613
user_ri9idmT7	0.0120651286815762	0.004463698038911007
user_riBCxQUe	0.02644353725511288	0.010481656923333976
user_riD4F2tK	0.02462893758698278	0.010329976492571785
user_riF5l9HQ	0.09163603915987927	0.03787847068547797
user_riQnjPI4	0.0416859964849134	0.015051949693970511
user_riUxfNer	0.02328311868779926	0.009813730981154246
user_rihMOIC6	0.04974672609494024	0.016380972872653016
user_rizkMbhn	0.29791326811498064	0.13786247706063243
user_rj1qsPWT	0.04965737864888482	0.021022444126959795
user_rjhe7sr8	0.3063955855524867	0.014239264672769428
user_rk74U5iK	0.07193722516682832	0.027930306443317045
user_rkFN2ORA	0.08604537968605866	0.032537183029055394
user_rkH7enaY	0.04113160075856341	0.014541728865108251
user_rkIFwk1o	0.03938970043096447	0.015031118477802382
user_rkMPfvOU	0.03485363313462973	0.014725735059815467
user_rkpfynAb	0.05859347106014465	0.022065071989477287
user_rkub1I0M	0.11414985321834319	0.043134815250964964
user_rl1CMB7U	0.0660931968887321	0.02461041489448717
user_rl1oQF0L	0.04493137044218192	0.015564106650517018
user_rl8qV3Qh	0.008916174104154323	0.003285318618549527
user_rlB4inXG	0.44381682097829245	0.027887421254369334
user_rlFsKdC2	0.6795776877128037	0.028316015723776004
user_rlGPCjKt	0.36012882483201414	0.02130241508432757
user_rlQOmr9O	0.03946687157341589	0.01475982812216023
user_rmE4av3Z	0.06253895097814705	0.02377024069494559
user_rmLU9BMf	0.021247568137762615	0.007455576025420046
user_rmM2wl9C	0.06625343992071164	0.025975171027185193
user_rmdgcBGL	0.027260375084190686	0.01024700722105581
user_rmjkFt31	0.059295892531135895	0.02451812684576551
user_rnJfv1sc	0.09915868413893339	0.02982097326449284
user_rnO27prh	0.06803998535198211	0.026115458721477785
user_rnmUyt2o	0.007074486079753344	0.002607027952785131
user_rnrQVldi	0.013546591209431143	0.00475051002875113
user_roOhMT1Y	0.3094011662294768	0.02141802344753493
user_robt1JTJ	0.07035523084815129	0.023947670373227058
user_rosMJIJ5	0.13472263168963716	0.05343906594510959
user_rotY3Tr4	0.05909743141405414	0.02076713147946544
user_rpBgoYxB	0.009775211258162546	0.0033536865959467115
user_rpJeTy5R	0.08701382487276296	0.038114696146836366
user_rpLxd5in	0.07561365833622413	0.025487112313486358
user_rpQcqj3L	0.0258271283102684	0.00945580383891684
user_rqAh0iaR	0.12963157370334177	0.05363503480246266
user_rqSC62xM	0.4592241885489945	0.024553241407021562
user_rqZnJo5U	0.028865826210073966	0.01048628442270558
user_rqaB520J	0.034298181962829674	0.01363057034536293
user_rqy5QcSX	0.07944910375288916	0.028658119201901092
user_rr9k6VVd	0.022781840777910442	0.0080837074828036
user_rrDiQb7Q	0.09875694943715385	0.030313881529571776
user_rrHk9HMF	0.019805797673669665	0.0071444578490853505
user_rrJVLUxU	0.20878602322365775	0.07646492194280705
user_rrSYOSlq	0.0605287574947726	0.02479016438283343
user_rrc7yjvv	0.029556191139631895	0.013687996186068327
user_rrdNdGBy	0.02685762593008279	0.009573097262549003
user_rrkJxDKD	0.012114263681599898	0.0044245629836558
user_rsZuMApc	0.012052779790277121	0.004269094044997882
user_rssZIQKP	0.059860440553334206	0.02096693401074692
user_rt0LbYIx	0.029108168886421856	0.012045549215241955
user_rtSlaqRZ	0.09945693985045606	0.036783038056675155
user_rtlWq7Uc	0.04805611767494804	0.020475725388948162
user_ruSVj8PJ	0.04363131675599642	0.01651507476039208
user_ruUt0ZAo	0.010505556539571559	0.0036484242640383397
user_rucckA8p	0.4786917563549282	0.029654746209317115
user_rugay1lP	0.03996410697584487	0.013542925329137347
user_rvUVmuJo	0.3373784922351431	0.017434236718194954
user_rvWCNtio	0.0228068356401898	0.008563627569710986
user_rw8qKZsm	0.12021722741180452	0.04922403604472854
user_rwJdxyoe	0.06487490678055433	0.021082177402077327
user_rwLe0YEd	0.06477323964701581	0.023066785774566154
user_rwfW9k2p	0.02020106834169178	0.0069572164759371
user_rx935OSd	0.032539659842845736	0.013388094301366038
user_rx94vFG3	0.09541116286891345	0.03240811613528112
user_rxEuBUFV	0.024256634522243966	0.008949418063925789
user_rxPSASYD	0.022727714200607804	0.008605824099212438
user_rxWYqrwj	0.00618566419404357	0.0022036117446404863
user_ryXxFnbp	0.06433503674550867	0.01965772310618755
user_ryctzwYl	0.05591572401503288	0.021889831359769296
user_rzBXyufz	0.18099469554797948	0.08034031001791123
user_rzJRQc7d	0.06373192294910934	0.02425450131388739
user_rzwCQhN8	0.1619980040639397	0.05930819380610196
user_s01S6KAV	0.15338139753782498	0.050874379617970394
user_s0W6wi1k	0.033821414909822836	0.014960792008069101
user_s1ZSZabx	0.05381213551804181	0.020265297220243308
user_s1ftEhOd	0.017767062871574937	0.006713060100425233
user_s1hJ3Myf	0.7006955334963972	0.03946597500132914
user_s1kb4pDM	0.5157044459566483	0.03194371065176107
user_s20bw1QB	0.01524239345335345	0.005648405882992492
user_s27desjC	0.11302408904720301	0.04863997385481557
user_s2BfHsqN	0.026143504513780468	0.012268030531829848
user_s2RCZblr	0.9231185667429446	0.04750040661257761
user_s2nxrV78	0.04354986438865244	0.01819015235028401
user_s2t7sPCN	0.06962922989158743	0.033385685294122634
user_s3Pu2tau	0.08722155835230024	0.03376418573905752
user_s3RPnfMw	0.26243962512016783	0.013250777725787182
user_s3bk3UAv	0.07277171807093605	0.027051654708461742
user_s3g0jONo	0.10395685019245406	0.04671501168641841
user_s4In2eCO	0.06757101013877896	0.025015697669033485
user_s4WvWRSc	0.08984870509939472	0.041128359922698345
user_s4Z4TOkP	0.07252464921673132	0.03441726455228258
user_s5OhP4dw	0.037325400079150604	0.016550087255737752
user_s5bvXk9i	0.020076278654208135	0.007521156324795444
user_s5jaWJRK	0.06827123674975409	0.031141725987722718
user_s5kIXMyg	0.021057203763828386	0.008851222528914042
user_s60V7vb5	0.24963452370026973	0.1104221512647312
user_s6POvdLh	0.1227514260627001	0.05345121385048956
user_s78VgYRi	0.04423915457164933	0.018205571465181068
user_s7IBP693	0.13560726587891692	0.05340362700420749
user_s7cQ8iSp	0.07086992912556173	0.027901330116005325
user_s7kT5U9B	0.08425952911368242	0.03478780402794773
user_s7rEJvTJ	0.09547942771918552	0.03794430427967109
user_s81rYCiF	0.11295319896555278	0.05061218035047533
user_s8Peq6A4	0.08116300965079203	0.029612139503889676
user_s8RP8HJW	0.24343015557202732	0.11632170277776506
user_s8TyCPk6	0.5190733607047773	0.01679598793261662
user_s8pPzSNY	0.12791038877630728	0.05755157607309714
user_s95xphPL	0.03257770235203363	0.01453427485985435
user_s9K7QteV	0.0736934034380753	0.02739566627294838
user_s9dRya3B	0.08681339116771566	0.028558723385226772
user_s9hXpSoW	0.05968152543301572	0.0218692367528255
user_s9n6ERxn	0.05685608652582577	0.024122586146718365
user_s9nvHPiw	0.04585076641660241	0.01622513453590513
user_s9vW40MB	0.03525233499177711	0.01259622686653081
user_s9yZVCE6	1.0200964915110413	0.0722443257164832
user_s9zVlsHD	0.03449622292286772	0.014750586946266263
user_s9zuUf3h	0.04802079981122566	0.020336542011122703
user_sAAI9wLn	0.07141268857632814	0.027899035991122922
user_sAAqGySI	0.30131034162888265	0.026820025770901628
user_sAG8f6wD	1.3275650553882954	0.08308202404299883
user_sAKQ083n	0.09714784356406567	0.045727253824876524
user_sAbybjyl	0.05098459773884202	0.021740229732134693
user_sAxpA6mI	0.34365665862769856	0.018136390342133813
user_sBBipxRU	1.5303131740084208	0.04854976061956232
user_sBIMTriv	0.05843440182975218	0.019544251743733324
user_sBO9vxpk	0.07079695938390611	0.025674682548283798
user_sBZZTdPi	0.33558580479685596	0.027241253942598184
user_sCTWQSmE	0.8412478226332973	0.025024951114983575
user_sCXusX9m	0.021650647828990732	0.00837159605996154
user_sCamimMN	0.059047896558553484	0.027022453018035936
user_sCcYiOKy	0.055501080107044305	0.021104607680870045
user_sCd4ADc0	0.07835981391342714	0.03262651786210276
user_sCevdsvg	0.7704768052798046	0.021377793142737224
user_sCjcbldG	0.07332450150434525	0.027568134994115402
user_sCkfylhh	0.2630891144703573	0.10094212197768523
user_sCpIIY3F	0.036962196950422264	0.016008361782997728
user_sDxi1k5l	0.011097987922376887	0.003987251494809152
user_sE52P516	0.08112932620911475	0.030988186252433377
user_sE8Fl75C	0.0805414690194601	0.03389661740571358
user_sED8r6Zp	0.030957357546774752	0.010014505525151204
user_sEV8OKDH	0.45779772389285267	0.069588823209118
user_sEZPG0x9	0.036675722112044354	0.01402234415505315
user_sEaXQkvp	0.020402752624383874	0.00883707749057278
user_sFA9Q2l6	0.06900221922490052	0.02973156162903337
user_sFK6xBs1	0.031129181410520325	0.011851398152086476
user_sFSsmWGt	0.03090248502748237	0.0109732648828144
user_sFTjXrGI	0.33504799279176	0.010928320466516723
user_sFaQAgFO	0.3553655883523764	0.01700296261813823
user_sFjRGGch	0.006026059058777872	0.002063090777751207
user_sGK5YS7T	0.11456090780078003	0.039596981881022925
user_sGyyg43E	0.17334475079076095	0.07578571935797371
user_sH2Pwwd0	0.03525151252437456	0.012826848918798765
user_sH3gkGvL	0.023503589870418815	0.007538235145345849
user_sHa9ZaEX	0.49250985618362547	0.0206016063619345
user_sHfCItH3	0.26651944644368036	0.12742821389444794
user_sHzKTicC	0.06523074171376923	0.025188857777458197
user_sImj0GKB	0.13976521228064387	0.04548403224157785
user_sJ1WbFTF	0.024912586548295042	0.008510780588807653
user_sJBnBQZk	0.24891394635300043	0.09429927919933621
user_sJOts8vv	0.012806966326486447	0.004927667832781084
user_sJubIG4h	0.07468454696902307	0.026324418669446875
user_sJwBlcN9	0.054270169781298255	0.02318826703625826
user_sK0x98Fk	0.02044077806860223	0.008731834753330977
user_sKMuLApw	0.02843175630115806	0.010430800261531325
user_sKd5BDvJ	0.30215809093801277	0.01725033659531421
user_sLOGP6tV	0.7357083071190509	0.3056945389795801
user_sLSOJ6zA	0.022668959893851294	0.008333255181857332
user_sLWQLFO6	0.009362141887363146	0.0032930157006336638
user_sM8TYVOS	0.045369989858632574	0.019612779139798742
user_sMNOA10P	0.04886065174803135	0.020583087884404043
user_sNJyMJos	0.6434514613106234	0.03208842046354866
user_sNMhSUAp	0.03561494571919432	0.01557763857320394
user_sNMrKKAi	0.7773719772571936	0.03145870622023724
user_sNQKNqR6	0.08163173753961815	0.03918707253156694
user_sNl28XO9	0.4171955828340633	0.025136896401091704
user_sOYwI7uO	0.041919940157507905	0.014640881512016628
user_sP2dTRRi	0.037387976699345196	0.014107504849910291
user_sPDqbxBj	0.03441327712716093	0.012717597521293837
user_sPGVpElQ	0.008679672801472128	0.003207207368334198
user_sQ1bzG5j	0.3903849004138949	0.02699569630650484
user_sQ2dPbg3	0.029383133837749487	0.01214563840665041
user_sQr0kp03	0.05993683250176945	0.021908015590924833
user_sRifzT3P	0.014572578357406846	0.005216659137882509
user_sRkHdGiW	0.029103761108535905	0.012105838329054912
user_sRrXoukG	0.0861566707392029	0.033481837571535354
user_sSRrNwxr	0.1508177427035018	0.044310153124173614
user_sSTaRYFG	0.012566296175796143	0.004775738694828304
user_sSbuMmYy	0.01672282455817733	0.006050716562902055
user_sShyTekw	0.13857456531072082	0.051101458915135636
user_sT8fITWr	0.00603765988552807	0.002118036876417728
user_sTA1hDa6	0.03651153794846046	0.01614945209891455
user_sTDcWW00	0.1137913680883427	0.05336127005742856
user_sTFrKAox	0.08488576904351244	0.03411748492563015
user_sTbCmRtk	0.33118064134459274	0.017146632304360546
user_sUHwzs25	0.07451937023285703	0.02981158681489392
user_sUJHRl21	0.0022208335068788047	0.0007961364851354184
user_sUoWnJ7G	0.055469105206969016	0.021778914214922725
user_sUooXXtl	0.061837345936284524	0.02542951850306369
user_sUwZldV4	0.021802205463322635	0.007747776389320493
user_sVSUZ0jT	0.49968725567843464	0.01568203644845499
user_sVi0jvRK	0.1571360403794981	0.07589184202971566
user_sVlc6phv	0.01488480087713501	0.0067650032215499645
user_sVw6bDYE	0.05669355550690133	0.023106010835714796
user_sW9Cu9dE	0.22051669351071274	0.06847278105876174
user_sWI3CWlp	0.07742647734595033	0.03245826475811944
user_sWVb9Gkz	0.024696365586779748	0.008582008122374493
user_sWZWi61Q	0.04506680709264528	0.016210125849203054
user_sX3mE42P	0.06339466847378626	0.027828569636966588
user_sXIC1LQK	0.038401774152435716	0.012810186847177826
user_sXtOoSan	0.010625355180497023	0.0038189796091754416
user_sXvG4SeU	0.0607082112909754	0.0242908600665331
user_sY6yL5xv	0.01628436154073355	0.0059793137403749185
user_sYNowtrP	0.0721220907215057	0.0278641611658545
user_sYcRiSps	0.038998388337119196	0.016609051024972777
user_sZMiO2Ef	0.06646445759463333	0.027983521109241072
user_sZSlli4M	0.06824476487295916	0.029294982869927405
user_sZV5xgmP	0.05351978209915491	0.02120265469141393
user_sZovLGdP	0.051629251338276554	0.02267006574127026
user_saSL59rM	0.06265351972543995	0.021382212298739673
user_safExpV8	0.2257632357874818	0.012701651441930325
user_safWjhWj	0.38289323722389756	0.01099260330656751
user_sawIntYB	0.09033532104142199	0.03375766868434658
user_sb4qgAUV	0.38507426074894363	0.011751790649071683
user_sbrrp0P5	0.1379420311753739	0.038426781609309936
user_sc50J3IJ	0.14377092097124344	0.05444691271880666
user_sccksrsU	0.04459018965250007	0.018422353401642465
user_scgZZd5F	0.10393540267870749	0.0426493690096164
user_schOiwUr	0.02131983807202332	0.008161257888505311
user_sctK1CEL	0.058754909357140284	0.02418709502859465
user_sdBpwVmP	0.05929208495469474	0.024717605440080597
user_sdXVOreQ	0.018255381489784894	0.006719559207786511
user_sdkYTztn	0.08179355807405062	0.032391823776603455
user_sdvab0mi	0.027462125485447096	0.011297218441099426
user_seF9YlTB	0.07141979412871097	0.028410359743652337
user_seWqEbDX	0.1848690520213062	0.08651368942762434
user_sefxvgT4	0.3051743848789724	0.022013926627529466
user_seq7AM52	0.09594700686951921	0.03738187122310957
user_sesHDrhh	0.04782779993035052	0.02025612012963614
user_sfEEZr8r	0.07258604024080982	0.02692891853577119
user_sfTMroSN	0.04523121212209579	0.015641108418421455
user_sg4IeXBJ	0.05198440123875991	0.019040067501369218
user_sgy3N5IX	0.01845702824103082	0.0067801071751056605
user_sh7AfACq	0.043067415674380466	0.018442103941305688
user_shLUXRfN	0.2071562139593674	0.006785590933289137
user_shS7AKi9	0.046536491926212335	0.01896676110946806
user_shiKY3vl	0.9784298680231587	0.026218345044417005
user_shrM60dp	0.043755288026951195	0.01605555648139059
user_shzewFBn	0.07814463978295114	0.03165723017479747
user_si4Nl4qI	0.05174844337564628	0.02114431853830462
user_sisSNE5A	0.04178380316674061	0.01723112761861674
user_sjA3t2uM	0.037199220982377684	0.013096091119084372
user_sjAJFHxM	0.03429918524198057	0.012834711220481063
user_sjSZxLbl	0.03675170590350476	0.015025357110809922
user_sjVDOaLm	0.023849093387063335	0.009905901866634209
user_sjeySLss	0.13429415753425938	0.03711118347021261
user_sjubEyfL	0.060227138516837864	0.022313681963760035
user_sk8ZnMuq	0.07596654205357474	0.030377736122444456
user_skL1mIH3	0.057318058313255454	0.022885905224174056
user_skqvVTcL	0.04978969707529678	0.01960433290328611
user_skvKSehu	0.03200772581551434	0.01146572601337916
user_sl43LqCn	0.14142321569313626	0.05672088683186153
user_sl9ncucj	0.020806642781477126	0.009016846269059239
user_slB6BzCM	0.0235223235361039	0.0087327944997922
user_sliuiUav	0.08550332968718324	0.028567401639775832
user_smCKqqDt	0.033403092797390496	0.01325047356205569
user_smDu2jeG	0.03273462145248497	0.014376244436361318
user_smNKuYac	0.07656219336553513	0.031111744446420404
user_smYWLAwN	0.4433091787356463	0.023719931220013247
user_smbwDmwB	0.12412463920153922	0.042391104409997306
user_snB1Fbcj	0.4628108340510135	0.029400009756341525
user_snGXd9Td	0.040506881212165724	0.01805893966623457
user_sngxu5bf	0.008166789376709574	0.0029154920352291755
user_snkvmAA8	0.0068112727392916	0.002449865616562257
user_so3LkDAU	0.04469608091986289	0.014064437414303186
user_so6jN5Kq	0.4203424569868327	0.022361828925529445
user_soFcLr31	0.052208483650121214	0.018998639746393334
user_soOxodCy	0.05040814007983471	0.017060448578489235
user_soPGusHP	0.03323101765517099	0.012743104438879688
user_sp3FOsrB	0.031523625879191663	0.011257915617943889
user_spQ5MxDJ	0.06800567214005238	0.026638942692674764
user_spQiOcMM	0.10573707983418135	0.04938102402455832
user_spZ5iJTU	0.03377895475512511	0.01264995340627398
user_spgRflt0	0.04351079876912027	0.01526323689958935
user_sphi0jFy	0.04477834021706864	0.016845198838776974
user_spvwzGOj	0.018291007815809012	0.006830411461016344
user_sqAv7IjF	0.09607890234642251	0.035763109742668164
user_sqBKR1ws	0.06422056780391765	0.023325484994090356
user_srMw3ld8	0.05098747065069251	0.02251366631055411
user_ss67ssf2	1.087531758839963	0.04516070057279579
user_ss9IhHP1	0.035957134718696576	0.012464202508619278
user_ssTFJ2ug	0.029590632455135407	0.013354107426838704
user_ssb8hZtK	0.023382559170703344	0.009753335044507785
user_stCiJtcT	0.07497378831539955	0.028015458599825325
user_stFsLMoR	0.028610021156075076	0.010945675668573364
user_stbgJCqK	0.06920370499433959	0.02603427080157823
user_sth9ecLO	0.03183264247158046	0.01422673840284966
user_suB9qXST	0.39092086863774567	0.02522517582535545
user_suD4rcpj	0.16474599317144262	0.07638948403846842
user_suDo3Wzx	0.5347209555366033	0.2402446282096113
user_suQmgodI	0.04458969335326705	0.018703758564400232
user_suY3JJ0f	0.03115716424767466	0.01157286639897614
user_svDMCZeA	0.028249239805421385	0.011328026097004635
user_sx9DQMjw	0.06085651633998015	0.020480194718184474
user_sxLo0aqA	0.12719110690200972	0.04849435617453986
user_sxc4L0Zf	0.2907010172295054	0.021619209924425297
user_sxgh0LLR	0.05919658886828325	0.02459548760549909
user_syqxRhed	0.012606751778137781	0.004220666159180057
user_szCAIRcI	0.0348104079745038	0.014166608383430509
user_szS9W8yJ	0.05070986235921447	0.018651497844764487
user_szYC2dIn	0.008891019837960312	0.003190588162585746
user_szciTQKP	0.061389908936535856	0.024599847369526983
user_szhhbGhT	0.09551056198115941	0.04185729033573144
user_t06c4Etm	0.0670494954238218	0.02490155796840731
user_t0LbDcnD	0.019540112971496472	0.0063886965015632294
user_t0WRJT1W	0.05785299205986956	0.024947633653137933
user_t0egBhhE	0.014229164697118983	0.006547671126983773
user_t143APrn	0.06858308775748126	0.024978729708886357
user_t145fqPY	0.042145215586413404	0.016426673068185536
user_t1eLEegF	0.05846175990587818	0.020970097826853735
user_t1g4xEWC	0.057187550090098946	0.018961427529214613
user_t1xNk7Q6	0.11269421499082023	0.04080663687161875
user_t3SsaVIV	0.07749361658196054	0.03008173767151749
user_t3d1G35a	0.03982953919235544	0.01845872401009031
user_t3wSFmPZ	0.6017292785000486	0.051602838944740825
user_t43zZ8hg	0.017793598397144946	0.006554320695664313
user_t46tYaVX	0.03706496003008727	0.01578382098051353
user_t4AjCuVS	0.5669121035569996	0.02989630255992934
user_t4PsR1uD	0.08770585773600255	0.03244973468931119
user_t5Bp8ITP	0.3906877354994934	0.03547168793326141
user_t5MgKH2Y	0.07604997053325836	0.026359387812785143
user_t5my7kKO	0.08614639276489763	0.028118203922552883
user_t5nZtS1m	0.018596619097171245	0.006830840618944123
user_t5vS2r3c	0.019381993480140407	0.007272130756591084
user_t667fvgB	0.05280732804485287	0.02466239878457496
user_t6e2t0So	0.004663395709781092	0.0017509401171617747
user_t78PmTsW	0.13611305749217778	0.0486514595666262
user_t7nhb1BH	0.04096220956323468	0.01618216758586537
user_t8CVC2vy	0.35557080206475095	0.035328899032914994
user_t8IPMQdI	0.07745835122189135	0.03128287159811623
user_t8KelcYi	0.018621340982935365	0.008109261574243411
user_t8LOXmQ5	0.0478242980814678	0.019062017775576402
user_t8MQGu1R	0.05854454759682367	0.02102656622764372
user_t8VwdbX8	0.057469340205214436	0.02660779097081912
user_t8f4vfpV	0.06655894280656821	0.02415232745884854
user_t9Cs8OVN	0.31042472942334265	0.018214135122008
user_t9MNciUQ	0.008099078313897282	0.0029652795442837677
user_t9T4FfiE	0.0576435337939769	0.021933519429327426
user_tAEWFSFL	0.6776967865630187	0.032717489646243464
user_tAxzpTQr	0.050393078024389984	0.01924808206812601
user_tBFOL4hw	0.10585735704115062	0.040420423981737647
user_tBKN0N9B	0.026830958438814632	0.01109578197875785
user_tCI08CNX	0.06516153307631078	0.027996127883109716
user_tCOFWPcE	0.025032255970259217	0.008760995308137981
user_tCyNHLEV	0.3210623641423745	0.016403296428816706
user_tDL6HKZk	0.051632655529909366	0.01973221305476674
user_tDoaP6zh	0.2989121168926188	0.008597016385546018
user_tECT9Zli	0.02339320861811131	0.009659951769070965
user_tEVVKV4r	0.03953420439251823	0.01629514754041637
user_tEpRPR82	0.024246203304373	0.00852696640830356
user_tEpczMqE	0.04158846151138427	0.015385097789344555
user_tFKHniwE	0.05742362111126556	0.025399284295785845
user_tFkn6BGF	0.05075923867434985	0.023658012702007358
user_tG79OBX6	0.47252648850684786	0.03516050982587352
user_tG7KBDEg	0.3685653390876255	0.024295806955440993
user_tGMILvNF	0.08065528747679884	0.031491025996084124
user_tGSg02lD	0.16126453860321474	0.06998710303410677
user_tGhBTqnU	0.12077298415018356	0.04345643897746059
user_tH8Et8Gz	1.0444927780350246	0.04214579961713829
user_tHJeesIK	0.10856097432854157	0.04411205888089529
user_tIIYHaht	0.21359422761954955	0.013720931006467747
user_tIJON5Ha	0.04483441634794502	0.01919413786025032
user_tIXO60yk	0.22990052393408075	0.02795268807351102
user_tIXfYCSK	0.08104792330489226	0.030370674702181504
user_tJL6trYL	0.07907118846502212	0.03164210047164741
user_tJeUSeO1	0.1315649611525589	0.055128994916351766
user_tK81HXwt	0.12398224552097042	0.048381493032501534
user_tKPadfv2	0.021138840842295573	0.00857481357858983
user_tKZG04Dl	0.09170263151264914	0.03776068372674384
user_tLNLevUQ	0.032348036327891516	0.012571713749232546
user_tLS4QXnS	0.029058403388409156	0.012328453439573683
user_tLUIO61Q	0.01418450807905745	0.005015916466827284
user_tLWb7XLO	0.24466357249951862	0.012778241913363509
user_tLtnW9zx	0.05191278899912131	0.017397314119678146
user_tMJnqIYi	0.12815080174415905	0.058927512062283
user_tMY6MYGD	0.11252033368396105	0.05141864492922792
user_tNINn0JK	0.04723920288650549	0.01772417389821992
user_tNfAbKWH	0.03192573707906491	0.012882072194516299
user_tNlW4hSv	0.04639859135115176	0.02084250277434515
user_tNxLX0HN	0.39417577901838013	0.03181204224849328
user_tOBU6z4v	0.0948942878338036	0.033195290556516883
user_tOD5cgui	0.3627563889558043	0.019162887479678578
user_tOf2DsuR	0.03914639139350126	0.016458678744934233
user_tPGQM84j	0.07553601949160321	0.030291767426739426
user_tPJ2d7PJ	0.027972492426239042	0.009663663590339608
user_tQ78ofZ5	0.04775069727838192	0.020209821750789544
user_tQ8DizjN	0.07861054782084617	0.02819228055317864
user_tQ8TVcPE	0.2339885607907175	0.010053569586408906
user_tQmvNoRR	0.07007001032372157	0.028986861838597635
user_tQpKFMTX	0.12061423347530506	0.049459560920837795
user_tR393vx2	0.06875435186060468	0.028158116273850075
user_tR5kKkb4	0.06803261816312095	0.030090558318426972
user_tRWbvCPS	0.010683807820620587	0.003843694891206327
user_tRsUhYf4	0.04354916641818679	0.017175174036954483
user_tSdMb4ew	0.031068344237165417	0.013855073858550353
user_tStGvrOE	0.008087361072763054	0.003031445131976874
user_tT7CkeU7	0.016174326722707293	0.007111814829088062
user_tTXW4xLg	0.11437858791225841	0.04900064848439638
user_tTeK8kOP	0.03409718335176111	0.013874170893735853
user_tTyZM6Xc	0.21246675266925227	0.06570098037300688
user_tUPKwLKp	0.35301447639462147	0.014125535904229424
user_tUYlUT1m	0.08535198937302303	0.03481985718833536
user_tUmq3eo2	0.07923401210973798	0.03354249776312571
user_tV3c2Yfh	0.05803293322919342	0.023611645139470908
user_tVNyJBiA	0.015490655710964552	0.005313995128153346
user_tVPF1XKf	0.04042256829312239	0.0168042539796148
user_tVPch93Z	2.4079456084926587	0.7759142628333766
user_tW9dFMsW	0.07467921795505887	0.02809177631001881
user_tWH9KXah	0.018211913207180408	0.007887369861052982
user_tWKPAhpq	0.43000823151233114	0.023891399518598203
user_tWdvPqR1	0.039173385690820725	0.015087363078287421
user_tWwcNDgL	0.05424171420438598	0.022756093259513766
user_tX2xKLjn	0.019639003434621098	0.008251403174624626
user_tXGv1YPR	0.2764986957109285	0.010389793974578178
user_tXJcX529	0.22037909213023146	0.015614010826810637
user_tXKo2a9N	0.05816862399383051	0.023796167116403782
user_tXLBM0MF	0.37647927626792804	0.022589915471215652
user_tXNGYAlW	0.05831433476778053	0.021051150011628966
user_tXloAIUC	0.029609529613725743	0.010586338498501456
user_tXykMoFl	0.0033905740365939296	0.0012383147626666429
user_tY5GXw0w	0.009315099159217686	0.003318899987222301
user_tYa1owIJ	0.09355263250942339	0.03815115181257177
user_tYknMEL9	0.045942566386961176	0.016934543586953777
user_tZ7wfaTF	0.002267803094421582	0.0008169807311791338
user_tZHBLY7H	0.027678702113199914	0.009759444806767957
user_tZJfHZxs	0.05053684534737714	0.018194307397240556
user_tZawUqDq	0.032410265713984296	0.014381433313578227
user_taChw8de	0.024603391993408996	0.008686827272362366
user_taISZmRQ	0.031186171676402426	0.010424535110309297
user_tb8yBHKd	0.004268387505591501	0.0015742551641707116
user_tbHIReQL	0.05931660145702691	0.02187963070718092
user_tbkG90yA	0.4141578774499781	0.17591660169315393
user_tbnDTa62	0.016402604955743194	0.00610643709459547
user_tbxBbsuU	0.05977675699184605	0.022854457914542037
user_tcPUTRwo	0.6294570206105026	0.09719524979803944
user_tcepNp2r	0.03341857202800336	0.012306002504888953
user_tcjvPtQf	0.0710382967667852	0.032338871222176
user_tdPl5Rg3	0.05537182707039996	0.01790540007913745
user_tdQ3wSC6	0.004045205550344627	0.0014834924603537264
user_teEKXSb2	0.045528348109382596	0.020689099730939627
user_teLU7G6m	0.04656060311321134	0.01936070617926008
user_teTVfmhS	0.059043621035661714	0.023088170909459842
user_tenYefTM	0.9738601253602661	0.07051034633295078
user_tetCWdaO	0.06177149319212373	0.024128736142232078
user_tfIv1TEg	0.07538119775282603	0.030338782656392272
user_tflUDTLa	0.9965408235574278	0.07292597997766208
user_tgXehajQ	0.020936910170975518	0.007599238112308433
user_tgicLMKl	0.08633336636239237	0.03773029718729636
user_tguZezn8	0.45279897504131333	0.035555168606714635
user_tgwMfP8h	0.010113042308377208	0.003725931519443717
user_th6SWODu	0.023802330509884565	0.008934887739938524
user_thvblPko	0.07269593833637941	0.029982720871439956
user_ti6mhajI	0.04054564625146655	0.013979788778225664
user_tiN9sUHv	0.01885942383804286	0.006616505546888928
user_tiR3y5KQ	0.015186139662880828	0.005151534642009454
user_timEXwEw	0.01444061076323299	0.005318758186066673
user_tjMz0iR4	0.07907303004162142	0.03535095477802285
user_tjhLX67n	0.3216900216230665	0.12957245380240975
user_tk0bOzx0	0.06073950594787522	0.022406785044929888
user_tk57Fq4z	0.008570088169020357	0.0029434055662414366
user_tkLNsotn	0.5203425113900958	0.04336933689542263
user_tkNwn62W	0.029032334268919754	0.010185156319033205
user_tkdufKQJ	0.044312510107980096	0.017984488745151708
user_tkf3ytEs	0.030273500543605322	0.013733692962126539
user_tlNCQOyG	0.30293669692590597	0.013051835929859845
user_tlsZX1s6	0.08469756675604072	0.03715219041235027
user_tm3Eks4W	0.07373839955775639	0.03140675699792855
user_tmOeXlvt	0.03215417159803609	0.012248721505382486
user_tmT0QbZz	2.0006414985319143	0.07233603274668737
user_tmYDkTgI	0.12388961825982456	0.0433115186665064
user_tmug34ZM	0.03731180449457233	0.014612893295110433
user_tmzq8nFU	0.013782739581809998	0.006352708677016748
user_tnTlAquS	0.43557606459173115	0.016525287713924003
user_tnjaxBV9	0.13578620666031388	0.05330615372513355
user_tnjjyJz8	0.05016723796400201	0.019488910810785576
user_toaGh4bo	0.4462659606453438	0.01880309070514704
user_topKpXYu	0.05531330224635745	0.022974777957140022
user_tov0v3A1	0.022975675610630915	0.009692872410435212
user_tovMRptq	0.09911160419453934	0.03375862827318596
user_tpFfpQQI	0.020775898880070545	0.007250976513944876
user_tpUWHcgC	0.7030396952782371	0.02312343070193525
user_tpjKLPP1	0.15877504371924703	0.06528136005466814
user_tpmwUYOu	0.01110966764073757	0.003931960508060556
user_tqS6RiYP	0.1030356833054023	0.043175106141584686
user_tqXY7tVi	0.06888654659355259	0.023951407873553467
user_tqjEjg6A	0.036127513985232354	0.013476568134780324
user_tr2pAl5O	0.10669155297948825	0.04375045615685421
user_tr2txFgc	0.040461358494481584	0.016910994005080043
user_ts0a1bB1	0.06281766967022208	0.024625812037381213
user_ts2R9vRP	0.09679167507066595	0.025007317370994084
user_tsDZyr9W	0.0889199117536712	0.035962091393634925
user_tsEI1gDj	0.540577264044106	0.024710039851787595
user_tshGsd3z	0.05204257377628711	0.023373883103441757
user_tsnOS9GR	0.7048730358711456	0.036682898335449354
user_tsnQIqU8	0.012006916169741907	0.004341291268053315
user_ttN77z2c	0.32374743118788973	0.13546796185791843
user_ttWU8Qh8	0.42434055126629794	0.03207834884175371
user_ttovTNgk	0.03723980477703292	0.016241114205810044
user_ttwxQMyO	0.3244779214613183	0.014735904068551653
user_tuumX4FB	0.7234170687129144	0.023362065901205837
user_tvTxrddw	0.031424921516639455	0.01187539757513806
user_tvlibCzv	0.16919461357535387	0.07491988960271619
user_tvqKSDG1	0.028005610562088876	0.01029056653523911
user_twPXsTkY	0.003520018784778301	0.00124485177191209
user_twpDeTPx	0.29687089849114645	0.012018437245264664
user_twtfKNBt	0.21726947150354203	0.10048428113363031
user_txM6sehQ	0.022107158757165762	0.009449242171835646
user_txWVOjKm	0.08579963987980108	0.03487734255178081
user_txeM8XRD	0.044219498191555885	0.01890345511728415
user_txulSUzH	0.32530069514171095	0.027928507970978622
user_tyB9Luyv	0.06479520003872659	0.02296192642133986
user_tyFPvYkW	0.031130297447108275	0.012879639678141876
user_tyJNtdMK	0.1260376132868803	0.049235617951463174
user_tyzzuQri	0.042613304706327605	0.014988281848303467
user_tz0hgbuX	0.027722343699423	0.01146757780311749
user_tz3Z7g1g	0.028477737679307027	0.012950157200762213
user_tz47S4SC	0.049033398710078085	0.016229135677010915
user_tzCitfvU	0.06600318341653479	0.027043560239214788
user_tzLDZGg1	0.013354214104469152	0.004994144696249671
user_tzaaCJMx	0.024670674026207283	0.010505363614761017
user_tzpBzfOx	0.025914296644380684	0.010727226860430128
user_u02z6trq	0.05222031074526596	0.022577593688575325
user_u0SOXfbQ	0.2620082079772144	0.025758259293616335
user_u0Vj24gM	0.0734706813502104	0.030930721148103798
user_u0cDyfeN	0.09067039007555339	0.039166010335761
user_u17KW6FT	0.014672412543830865	0.005366753756812704
user_u1BEEEsU	0.025699500277691745	0.009047387104305088
user_u1T8Hyw5	0.08225690807574557	0.03077031210437631
user_u2J2CpCJ	0.03227940118497611	0.014562263309028616
user_u2Jy0hj1	0.05594777469360868	0.024547029468688423
user_u2L9VYAd	0.43409155510125175	0.023930869040492745
user_u343GuXN	0.2576853750084626	0.017481432548793162
user_u35hlO5h	0.0414654818311384	0.01661994923794021
user_u3g6jARV	0.04318795774313689	0.01596823222104625
user_u3lyRNEi	0.41557389848154275	0.034550023864908186
user_u3ou5JWi	0.35852757867873286	0.014882695538490918
user_u4GdFxsu	0.046895747545685124	0.020172378666305227
user_u4NG2A27	0.028564457466038966	0.011053679549459041
user_u4aT6q6m	0.028614746113649295	0.01044535874755562
user_u51F7Tkp	0.05221965270417494	0.022083116956999264
user_u558qBco	0.15026371412376907	0.06475283121066647
user_u5LXUWxy	0.032587872801336897	0.01183759497955915
user_u5PJn4lW	0.11478480032648058	0.043757005564324
user_u6BnIFU6	0.0169768471176752	0.007529999781359796
user_u6iL1VCs	0.5153633380145403	0.060194220024934623
user_u70mAIBI	0.094497890302783	0.04069229190596452
user_u75qXM4G	0.05278986183450326	0.02237727257961808
user_u7NKV0Xz	0.11299042386660127	0.03656911045066362
user_u7mU9ZaJ	0.3183631742276806	0.03543947600029371
user_u7pTFoDg	0.06088466343700818	0.027413060725693224
user_u8QhiIGG	0.2797718547712537	0.02432212370093999
user_u8fhU39i	0.022141971460616517	0.008340076819506206
user_u8q70JOV	0.02057527597032823	0.007311222474827394
user_u975QbBa	0.35999957074236644	0.13492732090120999
user_u99LXcz7	0.44428350287698143	0.05116820485880927
user_u9D7AD1M	0.08097062099292546	0.03442678594131523
user_u9YGBPF3	0.044556792346786805	0.014564824928445498
user_u9fyEXU6	0.022895266539233603	0.008397493134787014
user_u9shtoDs	0.020587149176080934	0.007431187844684138
user_uA376nZV	0.1352860396096364	0.05442588533220534
user_uAUvWDgS	0.0654275929256922	0.020601527501035034
user_uB63OHIp	0.08246998547568302	0.034162029266025074
user_uBOQfL5t	0.04034935143551202	0.014290904203849503
user_uBumuDUj	0.06629630926751454	0.024487999598713894
user_uCGs9lAX	0.03914884069648315	0.015812362478185592
user_uCRzAUGV	0.08127675928147347	0.03793912938724126
user_uCW4KyVk	0.5205580763508508	0.028637774454022682
user_uCf8ytwB	1.171182981350875	0.48293645687845416
user_uDN5KqhX	0.4243761137530006	0.03148714476020719
user_uDOAQW9c	0.056345821738656585	0.02104660813794568
user_uDi1m3SK	0.024838955155211766	0.009043822383670994
user_uDsR56sq	0.10593966526301751	0.042393171654660444
user_uDwk968I	0.037208855314924884	0.012764695179447498
user_uE9nwIo0	0.04120022373352786	0.016177577484087463
user_uEAIZYM1	0.02725773755403316	0.010915553468852111
user_uEOYzsKO	0.16677739522660348	0.06119714350062742
user_uEWqO2fB	0.24736660109790248	0.10101286838756666
user_uEkcthhU	0.02351448219154497	0.008227323467618763
user_uEuwItC3	0.0390967361074801	0.013269856208082655
user_uF0da542	0.18284643325402977	0.084323528146688
user_uFMLeRSk	0.143270176558932	0.05590519331080957
user_uGF8CEy7	0.036861576958702943	0.013665086266087166
user_uGYZSdL4	0.0622635633386196	0.02701367979097709
user_uGZdzs1r	0.06554969750083592	0.026043354388691074
user_uH3f3WA9	0.05643004348262097	0.02238553208206257
user_uH4g0hZa	0.04322411081755995	0.01458095869664786
user_uH7jlzf1	0.05589403170575791	0.02343439478839985
user_uHEvNlV6	0.023853873446389662	0.009681057400611356
user_uHX7HxFQ	0.008278514113168732	0.003051425866901858
user_uHYorEBG	0.12529289787215775	0.06017893685368619
user_uHjONSPd	0.8101837993957881	0.034802089017132956
user_uIC8ny4E	0.04187056116384881	0.01392182194571409
user_uIId2gLw	0.5240606968752928	0.015325410910242044
user_uISsx6pR	0.07465162189374511	0.031046815272903292
user_uJ68cDPs	0.07616561421515668	0.02817071546716027
user_uKFgQ1ic	0.06658901779874721	0.02527484608111401
user_uKIoH8e3	0.015536017725422763	0.0056630330715400695
user_uKYWyibj	0.0509852767757062	0.019445545225029674
user_uKZUFDsQ	0.18172134907279616	0.06747252296255404
user_uL098fGP	0.006404274340218152	0.0022499063539520134
user_uLUPoB0o	0.09290483887296942	0.02732759020713866
user_uM8d9Dvc	0.09614146521547452	0.03733346887404157
user_uM8gWSDx	0.015313237727156632	0.00539121037418282
user_uMHUYnSp	0.05786549087061329	0.025522229704631902
user_uN4S8i8W	0.06034641173143087	0.02476283581470192
user_uNo6n0IN	0.024736602893187673	0.00846840698136766
user_uO987Xoc	0.2496926724323545	0.11462396283586149
user_uODLlq1a	0.052452985049032314	0.018445319931734597
user_uOKeB6xW	0.04119614300940893	0.01670499062151443
user_uPTFht2F	0.06819290667302885	0.02463941280633905
user_uQPWkfvJ	0.07204160666103825	0.027688664559417982
user_uQVoive6	0.0008935931875126164	0.0003188970252690914
user_uQX8ayKf	0.02201270890087208	0.007706088462744306
user_uRCJCXQX	0.04521655019120206	0.017696924413189014
user_uRPIagjw	0.11643585922395584	0.04458376582550339
user_uRb1rECp	0.33642169885166945	0.011600698242158081
user_uRfw1kD0	0.08732124482738648	0.03267719726665389
user_uRrH7IL0	0.038347215200834506	0.01347865851036536
user_uS0sOUOw	0.06984386234856753	0.026622567537631106
user_uSTEZEfe	0.028492171468120248	0.009745079605055242
user_uSW61na9	0.06997991268551697	0.032008869921967546
user_uTfheTvm	0.0443650551051179	0.01837171737418615
user_uTjNnYyR	0.021107944959853193	0.010397295693364693
user_uTl9PWr4	0.06986513416537903	0.026831074954941653
user_uUCgKgrA	0.04402726869998721	0.017016264213910927
user_uUOtkidy	0.047169540376596736	0.01608833849061558
user_uUcZ31F3	0.10659066055212216	0.04023244308658446
user_uUiDF430	0.033032935614161284	0.012451942320014476
user_uUmP8hbP	0.020004979667390115	0.0070523185517051305
user_uV8jRDTU	0.05953785287165375	0.022715822571507418
user_uV8zYTJf	0.35309144488735145	0.02627134734062183
user_uVLzJ2FX	0.061701280939075565	0.024525844055854628
user_uVVPgoft	0.43997416810014245	0.037112504373986034
user_uVbriiGw	0.32504295634796915	0.1274044072116909
user_uVe0NP4I	0.0778624878357075	0.03070670628048025
user_uVidkj5C	0.02243982163517679	0.007254841848082105
user_uVzIPcTU	0.15575581323974946	0.06286701206189364
user_uW2gxmjc	0.04574809959754135	0.016838330343515426
user_uWI1jPM4	0.010913055171084006	0.0039126779741494285
user_uWSWcqzE	0.09532672497272682	0.03635932591924588
user_uWjz7JpB	0.029499393592251857	0.011268909086025451
user_uWz3IDi7	0.9711353799093025	0.04794758363303144
user_uXCDSuEB	0.021009507330878852	0.007774838924759957
user_uXT3lw3K	0.11182025790178704	0.052986109297118895
user_uZ2jdJGd	0.07654195994889576	0.03155228702590898
user_uZ5TIEGg	0.0240618021996924	0.008846216330987944
user_uZ5b4IHt	0.11156444357149349	0.03792252097930735
user_uZ8QqG0V	0.0718366894897264	0.02401426404399486
user_uZECmR8c	0.011625249724348634	0.004181329331421106
user_uZIbLhsd	0.027202535013983307	0.0099778679045492
user_uZOs0EpE	0.17574759597684686	0.08142023140190895
user_uZuaFW6d	0.07127509107745252	0.028968540116772846
user_uaEBQnbA	0.042482180953954105	0.016773660390535884
user_uaHvmxJo	0.07983476653221823	0.03701977216991614
user_uaYtfhOx	0.03171691694982705	0.0109314194014496
user_uagGa5Hg	0.03638102898228735	0.013272573473946442
user_ubGuVt79	0.015405042615905855	0.0050884430364292604
user_ubKJNT8y	0.05793392403506011	0.02137935524558387
user_ubdolaVQ	0.019654805599203143	0.008413956049007822
user_ubthy4cj	0.029078418449757372	0.011470315379111133
user_ucEEfUzX	0.6869609456920022	0.02985631758451926
user_ucI3lTqM	0.09915052543890487	0.03516345305253531
user_ucXicnYq	0.038333418175001646	0.01428561779145695
user_ucb8Zbim	0.8173819575592969	0.028122239666571416
user_ucqiCYF3	0.5488988098362744	0.04048449511611961
user_ucyaf1DV	0.02291256227478316	0.008790167621705768
user_ud95L65t	0.054933331764206415	0.022470975851840894
user_udhng5iY	0.3471909095635749	0.02225967251988487
user_udiRXm3N	0.3593869358143129	0.028492193792512877
user_udpBkEh0	0.037820432796489584	0.01461908222444437
user_ueHsY3Ed	0.0597637691673986	0.02256171136976772
user_uezaHIpq	0.04407758853180922	0.01637734513418649
user_uf4SGpBu	0.29708003943350497	0.016067349395019796
user_uf5hWyk7	0.3375256768547619	0.10827440676243381
user_ufRm9mK7	0.048299785556469424	0.017652200419548333
user_ufWBxsqG	0.6300909501557997	0.022659751248257236
user_uff2uf1d	0.031225348510425924	0.0100916168806403
user_ufiu7eKm	0.08813279753294609	0.029954094515249052
user_ufm2qk5c	0.050258091184313014	0.022125469476543275
user_ufqrWiyZ	0.028227768394054067	0.010390908369937467
user_ugZWSTIc	0.06448284980775415	0.02489152794768543
user_uga7c1yR	0.013632193295536374	0.005100099343139801
user_ugn9IaCF	0.07688444994779642	0.027311669067237424
user_ugxuUtHT	0.038451410729585106	0.01576729752609157
user_uh5Q0Ii0	0.11713483623438384	0.049749904925333745
user_uhMjuKeV	0.07973937917657631	0.02685494136633312
user_uiABe96V	0.13492793983362528	0.05636651875007592
user_uibsCkRH	0.1698447334062937	0.06384686053975694
user_uifOXQD9	0.03428079149602113	0.012766715739664236
user_uiyAVZAm	0.043336867864720664	0.015131056816975625
user_uj7PmScE	0.7326239537124994	0.02646460803858716
user_ujHaYw8Z	0.07438555625947009	0.034006815477978035
user_ujTFkxDN	0.054877217904785	0.01878468979055986
user_ujmw5eJp	0.07185552692911153	0.025342844242757376
user_uk8UvA0Z	0.09236749279261719	0.029107878593543943
user_ukGVpDxU	0.12519437258616875	0.0365690112512146
user_ukIOz3Np	0.11384851382497957	0.03550211983619248
user_ukOjy59v	0.03127283935573188	0.010781529986967438
user_ukWBOJjU	0.11236569780939182	0.054331380775514845
user_ukj1bClm	0.08945855694710804	0.035374651798077694
user_uksODOP4	0.044723080342906577	0.015810152214230735
user_ul0jYBay	0.05971854289741928	0.02850106787888641
user_ulP5oMRu	0.07962438741391137	0.0367939654332956
user_ulgQPMOu	0.00664365418355461	0.0023585267981693497
user_um2fcw9I	0.05754643612170782	0.021025939795347264
user_um9maFOS	0.3290095443174042	0.01981821528291412
user_umK4tFiq	0.0826217527765746	0.03338542563271277
user_umOb7w8R	0.07628687905869837	0.029648759736672973
user_umTcWeXh	0.34606674464575155	0.022396168910005686
user_umfmBCHE	0.4940369309026056	0.028430560509119525
user_un8QiGj2	0.05201460251010892	0.019619574031588732
user_unlCYF0N	0.31494573589324343	0.00853714696123512
user_unvBPtLk	0.05294549107775843	0.022981507354919363
user_uoAznGeb	0.01977977638259909	0.007126852653610048
user_uoBAcQDR	0.04359160373872849	0.01803510534471574
user_uojyGznB	0.017347774885898316	0.006099788290688037
user_upEqIf4I	0.05586766868283309	0.022903251384974503
user_upHlVTyd	0.05535345718526814	0.022912136640651868
user_upMNUYxi	0.2803082342159344	0.12958130822040936
user_upPWL5QM	0.02658536383571211	0.010812675797158257
user_upSiKzxt	0.04533943461866893	0.01780546065696573
user_upYu5MOm	0.030505207103428557	0.010869812805903009
user_uq012MZ5	0.03152431817636367	0.012669939066568216
user_uqBjRiHo	0.04207179334008828	0.015409562550842996
user_uqLgE9MX	1.172196790388689	0.03681153071281998
user_uqbJulRs	0.06580068423365519	0.022495969831956248
user_uqlSr9Gb	0.01682951663792149	0.007404610100825087
user_uqpHcekK	0.047606950704665654	0.018545795119115825
user_ur9v8N5x	0.07560572978492008	0.0325416610850522
user_urBtJ4Bh	0.06949876521509966	0.027055292274004022
user_urdKgPh6	0.6062859282144467	0.0566123296326677
user_usA2TbP6	0.0567295930481299	0.021069957015795483
user_usfDK6rf	0.03595271788212081	0.015443270308008138
user_usvEUKMd	0.060557382408794866	0.02607746758216754
user_usxks1ox	0.07125272700891477	0.029192059058457596
user_utB33STP	0.028431672499744355	0.010315611105234745
user_uu1Vx6uV	0.017086730616590502	0.0074933812187793275
user_uu659rkx	0.31244590201710204	0.016328687268553074
user_uuNngb5r	0.04257258903229007	0.017984807129129227
user_uuSAopC1	0.04273331228945573	0.016187766288002548
user_uuV5aHKs	0.08286626675326494	0.03157564499883321
user_uuar6wRT	0.15426323404138473	0.06303756073577445
user_uultP5kv	0.05279601352841374	0.022206725016147667
user_uv43WY0G	0.07622100753904884	0.037176467581604575
user_uvJrCMu3	0.28675959003825763	0.009456170618319286
user_uvTiYLy5	0.03493375645880905	0.014210981353181076
user_uvZMEnkK	0.07385251765353616	0.026901476210263786
user_uvauwQ70	0.08117395149289666	0.0301692536573743
user_uveDLkfs	0.061591171979513304	0.022507876545871643
user_uvg2tJxu	0.03906834831418449	0.013682329634690682
user_uvj6Y3mq	0.04471719089312459	0.01895881971747762
user_uvqgHo9u	0.03325833909246864	0.011489584639271758
user_uw1YHg13	0.029651037194129388	0.010636548696348358
user_uw7pAr5X	1.5377436813088823	0.0782478736397991
user_uw9e3Osn	0.048210126701042605	0.020797188880598755
user_uwlcaEkn	0.17610111241129126	0.07741110956256951
user_ux4l5jmg	0.07659252371605452	0.02920609941972728
user_ux9HS87M	0.07157812583979006	0.026992330972760815
user_uxHkAyal	0.07756690904568121	0.029302530294780096
user_uxuakzhV	0.08192993556482975	0.03151579634783085
user_uxxvJunF	0.1251125089469577	0.057335159520243414
user_uyJ9ijqH	0.047725339664592366	0.019001560539518816
user_uyPuoez2	0.048101640935152436	0.02014573123259947
user_uz0nm8yn	0.36274934385282914	0.019029436727511645
user_uz6zbJ32	0.46635041121640053	0.0394489933918318
user_uz8W6FkB	0.5269584940816051	0.027353844229760397
user_v0CPYoMM	0.016046281324053384	0.005854615024636788
user_v0UqHG2S	0.12327612717237332	0.045108792900912575
user_v0ZLB3AA	0.03909239062781647	0.015065352142008007
user_v0eRarVl	0.06051558674818767	0.026192968899402664
user_v0emhR9s	0.05035576550263522	0.01867753749399304
user_v0jSeTmN	0.022467635633063206	0.008420391397232727
user_v0jhv7L8	0.6257260412607696	0.056517810048199515
user_v0mLPurz	0.07826809982875439	0.03308653494424784
user_v20iQ2BJ	0.17667885604854078	0.05823544668969709
user_v2CaVInc	1.3469979194623132	0.03806436183061695
user_v2ig8HT8	0.025357888423626115	0.010561354883908388
user_v37LS5QI	0.02020595026291612	0.0085304081847323
user_v4ffttVu	0.03388388212961968	0.011941562493378162
user_v4hLyh0I	0.044713343443293765	0.017856823490853498
user_v59A3BvB	0.022032658260231992	0.009320515968586091
user_v5M24coS	0.057700586756766696	0.024034992068356662
user_v5NOfwYK	0.09077335387353068	0.0358590666828004
user_v5ysO0MG	0.3849736994903874	0.01992730553746682
user_v66w8iTS	0.03013787844253287	0.010947362162484977
user_v6Pjh6Yv	0.05140900297455586	0.01801168421593598
user_v6V1SijD	0.005368856393944483	0.001806291991630124
user_v6Y35DDw	0.026801868361588745	0.010568910847534165
user_v6pSrOQy	0.6834587054990002	0.019728130762777726
user_v7ubqXGH	0.078541570863332	0.03140814151958968
user_v7vuHE1O	0.028434836093085114	0.01142104628015905
user_v7yIbrKA	0.051545061888420125	0.020124542937626055
user_v8D5lNR6	0.3849517676084385	0.01417306987445181
user_v8M6dKVh	0.495587762015658	0.03147130384694579
user_v8NefdJT	0.03572611458945515	0.012201758258933434
user_v8vA3Oh6	0.011624478394400875	0.004250173232241158
user_v99r3Q9I	0.04921422080711549	0.01730751715031595
user_v9CRvgtA	0.016080037397718946	0.00593501859956381
user_v9hUmMNM	0.28063105431795915	0.008434708004783475
user_vBSy6TOQ	0.014804536977185527	0.005484268858144921
user_vBta3UKk	0.39421091204132863	0.1745101874093628
user_vDOCw4aW	0.07204089771344042	0.0270606083870317
user_vDPLrrie	0.004567317431897103	0.0015780946250833795
user_vDRWqYf5	0.027649975463681448	0.010459342072190507
user_vF5Ynkwy	0.45292194838818134	0.020327119868267567
user_vFGdKeYe	0.13690225301691053	0.004787382551947801
user_vFoIn0SF	0.3233020816408481	0.014049100071748456
user_vFvaGemQ	0.022556820072679534	0.007636319998118423
user_vFwm1X9s	0.16494188639566662	0.07258787434993663
user_vGBTCtxE	0.022893366554621326	0.008337057900948736
user_vGDMcS3k	0.06690569006842675	0.028577321046227417
user_vGxkKs0z	0.023078322834314317	0.00843114019025734
user_vGygho96	0.08536796045814227	0.03127068606296922
user_vHQT0pPg	0.3644282089168652	0.13187799373380574
user_vHVgRWO7	0.015773518423858594	0.00566355717128067
user_vHb9c9sa	0.00936956662009783	0.0033135644889173465
user_vHdg5YLO	0.05726891190696363	0.02169442771083146
user_vHwv4mWZ	0.02286371025486171	0.008309616117019799
user_vHxJ3myB	0.39463939613777355	0.03654984518244515
user_vIPOOnuC	0.060212860514238846	0.023339311946384965
user_vIPjpo3d	0.08961090686922847	0.04049016388052673
user_vJQa6dDk	0.014800673883215223	0.005367142496656278
user_vK0Km7zJ	0.1800968077869148	0.07796663598671892
user_vKND4CkW	0.49719287697300707	0.017335351735998
user_vKxRUaYb	0.4871601795937378	0.0263190106069566
user_vKywTmru	0.1396732775859112	0.06098303654704483
user_vLCs8RjO	0.061908889455184295	0.024126827448990557
user_vLTLvcpb	0.43349205290248966	0.011640266713073302
user_vLjbUqW7	0.06549003495414248	0.027773831407979156
user_vMJ52t9A	0.01653281307662126	0.005800612616694085
user_vMrS8rGY	0.04657624337615081	0.016671379067377798
user_vMwaOsjw	0.06441402616167165	0.026831513668710845
user_vN8nbJ85	0.01755564288788754	0.007799271993157941
user_vNGFWmp5	0.020787367704725897	0.007794435757258364
user_vNOO2DfU	0.03104933382450613	0.012428381861589162
user_vNXFyajn	0.0874417695016075	0.03330606342659163
user_vNvOK3Rx	0.03727047699796482	0.01420555130781772
user_vNytq17R	0.05609365719939995	0.021744409170194035
user_vOPkXxmq	0.3854464062433078	0.03578415977288293
user_vOdH1Rov	0.03612949161541004	0.015652726978611007
user_vP2OJAml	0.0877480791023098	0.03802254295743266
user_vP34zBA0	0.03819458186576836	0.015454102029232033
user_vPWjmZN4	0.011315163186994843	0.004246200586405744
user_vQYS3sQV	0.13607526318755106	0.05465132938486723
user_vRLlCZqy	0.010099289744528776	0.003459588380630287
user_vRRsNjDg	0.018282383036878853	0.006566406923879319
user_vRexESnJ	0.11342201390754154	0.04619958421668407
user_vS424HZy	0.05884497449585273	0.02369603894571737
user_vSMvdD5X	0.023390933064616745	0.009954793701984481
user_vSmwSus7	0.0858181055386367	0.032910840715259695
user_vT9h4qe6	0.05064516124193514	0.01730246268341899
user_vTFixYT3	0.06400931486248045	0.024004872031682473
user_vTKtBCRU	0.04176243090249385	0.014370222528120534
user_vTR3ulaL	0.05480030545914673	0.018944072534062155
user_vTXxZgpA	0.12032818350093488	0.0524390992165305
user_vU6NBlaO	0.10417275081951523	0.04077823090988496
user_vUJ74IS6	0.04519764805575067	0.017334412656797443
user_vUOaatHg	0.04858303357157919	0.019342844665671263
user_vUTPNHzZ	0.03913821794052882	0.015194454532252122
user_vUl7caOz	0.05358429985405455	0.023164389036868835
user_vVu7HSkR	0.03721536246954057	0.013848332713960802
user_vW7a5QN1	0.03810514422876421	0.01568967657957925
user_vWA6vbRV	0.07386904309918346	0.029264473494006776
user_vWIS6yBn	0.02706168891168392	0.009433688936208922
user_vWLvQx9N	0.10418415739597059	0.03949706314153356
user_vWY1wxgD	0.37392261445973896	0.01783676928051059
user_vXOmKRdU	0.522005110503843	0.028913254687698883
user_vXS9fZcY	0.0339415820685112	0.011938908783462094
user_vXhfB316	0.05225814830137279	0.024353827881554692
user_vYL1vEFF	0.5788944196003235	0.05485019038026298
user_vYvPl3tQ	0.017920982393959912	0.006192376227133839
user_vZC6JqzD	0.014480529757651975	0.005160270404766105
user_vZMvcbCQ	0.002538458896464261	0.0009192325507658384
user_vZk6u9kd	0.05882215075686951	0.023481838625704916
user_va2WvN9k	0.03683004028747877	0.013037759551034343
user_vaCFnygY	0.038009303222343485	0.013107710894264095
user_vaX98QAk	0.11578172122176585	0.04609483881671087
user_vae8yzEx	0.10289383206690027	0.04338761746661887
user_vbGsS0VW	0.4858405641806887	0.04530666068578494
user_vbWOUuJA	0.04936862438289713	0.020461902227099246
user_vc45VuaB	0.03825265353039145	0.013393620414148448
user_vcMqmswm	0.15094417248036218	0.05857418617490704
user_vcgf2qqA	0.056121395746828895	0.022455461069525503
user_vct7NKG7	0.052824102203769714	0.021779634876152084
user_vd8Cr0tj	0.06562270576022132	0.02379157462253498
user_vdL6lAcQ	0.4736121000269737	0.18899649662546064
user_vdP1RrWB	0.0010978798325277407	0.0003973806245616256
user_vdhsqsra	0.045111758824767575	0.016197326990656413
user_vdpkOM03	0.012076733232599482	0.004394940512694033
user_ve4Q4uCw	0.02028747525435237	0.007313776994875783
user_veE4XsFu	0.09407697911309924	0.044954831823933644
user_veMsUGrH	0.07063927617853848	0.032490528425442755
user_veaCLHZe	0.06117089558191796	0.023643656027528256
user_vfKI0xpp	0.06274437624953336	0.020554970353278995
user_vfKj23tG	0.06120024016778448	0.024153117211994656
user_vfmY4cB2	0.033585194989064954	0.014820048616163718
user_vfrMwPVf	0.12740731128901345	0.05594380739312904
user_vg8YzpzO	0.13187093041548772	0.05005761485214318
user_vgoOie3M	0.04070485379030661	0.015019308525194862
user_vhZ7dV7P	0.04464838047223549	0.014815466317491883
user_vheLPhqp	0.06124844606113625	0.022163523404765306
user_vhrXa690	0.006538328110646894	0.0023738341994935064
user_vhu0UwXM	0.6976084716947492	0.036175907688422146
user_viSzA2Jo	0.03284400915128033	0.011302004441251571
user_viWFIbzc	0.01879190882260043	0.007073658865306868
user_vid7m8y0	0.5993851726018605	0.043305995058529355
user_visy3UEd	0.3387490165235136	0.017617288474910626
user_vj8U95hi	0.04063918059855416	0.015072209592873495
user_vjAi9MyL	0.0675364829595014	0.027593274562608124
user_vjKKH9bL	0.05944623160441597	0.02520414367715933
user_vjuGUSxs	0.8077430538499142	0.02328885146090114
user_vkUUCRAH	0.09293888887835072	0.039741784012610866
user_vlJWO7KT	0.06360692776666055	0.02262339025044228
user_vlkKpDYs	0.057903950710278006	0.02302765833545185
user_vlkUhuGh	0.1091360535037692	0.04500978643346571
user_vm8zUiWF	0.031415299847057515	0.011814972933010289
user_vmD4lW3I	0.03759578349566701	0.014801318021167577
user_vms5GRRG	0.06538536629129696	0.028061582214957553
user_vn91OV81	0.0333028657415296	0.01251550620497764
user_vncMh6iv	0.09651141057151083	0.03685671845485501
user_vnhF4ctG	0.14621424093161134	0.064310403091347
user_vnt6zPwN	0.05859028052259456	0.024614958040892795
user_vnxWAQ9T	0.5233953885402617	0.03097170597322799
user_vo0MSDQY	0.026484104969065822	0.011176344100216588
user_voK8uPht	0.0033552425348348097	0.001188515267031541
user_vooSA944	0.029792187992004945	0.011022068613544161
user_voorLqYD	0.04977673432414158	0.01965050565843845
user_vornUuSe	0.37974279809639866	0.016283818867024756
user_vouy1XWe	0.16112771739240667	0.0543138818866836
user_vp03SW8L	0.1225160269694537	0.040528290454325225
user_vp18nWGz	0.059164564777566625	0.023333075421198
user_vp2VZ8J6	0.0684045306291455	0.024615562002502298
user_vpJjfFDv	0.02497508331917453	0.010296964102784524
user_vpKeNjJP	0.10924771225592304	0.04653668560274775
user_vpX3PIGq	0.04666591833259978	0.01582834622750361
user_vpbshsY4	0.10415772778874244	0.038244994422172926
user_vqpwrPjF	0.06427400752616058	0.022283185412023076
user_vqqHheYR	0.5848570142699236	0.04056840980642288
user_vr4qkoxT	0.15794204833050185	0.06966827636341398
user_vrqDIkMx	0.04922094742033609	0.01904709870295148
user_vtF0qWnf	0.03894632996595838	0.014946259463584466
user_vtJcmfBI	0.00837899768449099	0.002989681705080282
user_vtKSzj7V	0.04038653241311802	0.016301152202889396
user_vtcIsKxU	0.007242114659874763	0.0026289090144542373
user_vtoU6ntN	0.01426548598246255	0.004818322438525878
user_vu3b7WaH	0.02306279329870574	0.008343179177173317
user_vuVcFUF8	0.016615681189762657	0.005729750859703909
user_vvRHpVrB	0.04959945002171129	0.0192963770981979
user_vvXzaiA7	0.09974666079538949	0.03688084199909244
user_vvnUKilC	0.03720112351605962	0.015772747510658894
user_vvrG4m1K	0.04834699353858011	0.01718876178637008
user_vwERkPyl	0.09054961605688497	0.03618185578587028
user_vwQcT6RZ	0.19688031580721424	0.07982056056729633
user_vwi6bhwu	0.02358088082951362	0.010003491959470942
user_vwqiwa2W	0.011737045182642597	0.004233843138616541
user_vwtjBhhw	0.043170054631783694	0.017356755980453692
user_vy2zjkJU	0.061082247138822474	0.026230216687252943
user_vy4ATCbt	0.0789813303672191	0.025572785915631002
user_vy6SNDN3	0.055763760632656416	0.023957438067445203
user_vyBkKHCD	0.016541463320101184	0.006262141269574971
user_vyJ5HMkt	0.020237385394245216	0.008748474437009716
user_vydVNoi4	0.02983844164697947	0.013586252388257935
user_vyvigUus	0.040697287602114565	0.014031134823897938
user_vyzk6JSm	0.5784541480442138	0.03243197981339169
user_vzDFKyR4	0.03151237337492571	0.011427540923218293
user_vzJzJmzI	0.018850971943145507	0.006680299329522166
user_vzvrwYXP	0.03726686469821789	0.017633543266094676
user_w0KG16BU	0.3833476245069226	0.01569321086537337
user_w0LhMmCK	0.297771045209869	0.019143078335239223
user_w14va2OT	0.036078634570719595	0.016058667949077156
user_w16Oud1i	0.40512347407283555	0.026433017063026438
user_w1OzuyLi	0.07454782554733755	0.026024518974790488
user_w1vKISi7	0.9385467347747868	0.06712542499161336
user_w1wgCvoa	0.02173208573700457	0.009172868664917138
user_w20SVXxj	0.08860398343970323	0.03409066755819859
user_w2Rc6Kv0	0.044298310277930464	0.01951158246030981
user_w2TK3RXk	0.05924605791963246	0.020913844506057856
user_w2f8NNER	0.08407269840147936	0.03337481797838361
user_w3WZuDb6	0.041704597925677746	0.01594604959945528
user_w44PyI2X	0.01920448670431267	0.006565872327462037
user_w4JLhc3Z	0.03993673284936126	0.016561422345900873
user_w4P83QoO	0.12276167465076841	0.04297955499396369
user_w4hx1Edg	0.07168152179532233	0.02548050048708504
user_w4tveTvN	0.015228108017075241	0.005119239781851168
user_w4x1Qf5e	0.04669541866441998	0.015019218753228245
user_w4ywOhiN	0.017549901033375517	0.006607099740921737
user_w5KyWwYa	0.0989864371317318	0.03966585685122305
user_w5TjdUrN	0.019638956994534752	0.0070997973409595225
user_w5U7UaTJ	0.006111067417682487	0.0021423024687097134
user_w5wevAjx	0.09120722608339928	0.035365118020203826
user_w675hwTn	0.06657909469397494	0.02411266483236766
user_w67XUfY7	0.11334278603341319	0.045283515342036604
user_w6n32VRg	0.02224434382916088	0.007794337037777638
user_w7LXEuWC	0.2736329486019007	0.010524600427931066
user_w81ChURD	0.08370965208121856	0.03167953801588406
user_w82y7MBs	0.04843870682302602	0.01714898086749337
user_w859P7Hn	0.03213631100934603	0.014614423595739787
user_w8JGgqe5	0.024454146224104245	0.008276335470421014
user_w8kC1dEl	0.09185397667745078	0.038410854144978517
user_w93CM70k	0.028961800288513233	0.010895163296520334
user_w9X34R4d	0.07733684438208643	0.02899538842561204
user_w9iw288d	0.04036735090041821	0.016615376861880447
user_w9zsAKEq	0.05949856312991387	0.02078048518363319
user_wAGfVMIn	0.008546640308763342	0.003009035374532051
user_wAPB63hJ	0.03791027239927978	0.014499477892463853
user_wAqrxmfC	0.04510342472720395	0.016883279945956144
user_wBJklfCO	0.4494719274479669	0.024780943902317835
user_wBJubNOP	0.03062452057431958	0.011768605646521222
user_wBn1eiKM	0.03904830204080203	0.014200394264697614
user_wBrmplt4	0.15515594831660237	0.0638540187889848
user_wCUGUtap	0.07332126595116888	0.025911087730119405
user_wCf3JXbz	0.5676960472882798	0.05171014084473475
user_wCpO2z30	0.08023336981927875	0.029770063675481673
user_wDKHQ7t3	0.04717514222002432	0.01674927572856068
user_wDOWFyS3	0.08150524143667875	0.033649372084118924
user_wDUNVLHd	0.7765287893261836	0.3437754166724416
user_wDVcAdT2	0.012647954081426447	0.00444558276406237
user_wDVv8qV2	0.05060267575335671	0.017589402331816207
user_wDvb1ZsJ	0.04691604573592219	0.01769688555087015
user_wFAOB0dt	0.017640554652942675	0.007789759957827917
user_wFIa4oXf	0.026258563376191795	0.009618952025694854
user_wFNnkpDH	0.05353380659167418	0.020602183157376018
user_wFZxuq1x	0.12519992720311535	0.05725653425592845
user_wFfMRXe2	0.02590475882859386	0.009856214543168694
user_wG1Sti60	0.05671433623439774	0.02205797056571519
user_wG398AnH	0.010399532238461065	0.0038359970339533283
user_wG8fzK5w	0.01987629454685809	0.006837821153108217
user_wGdtAPEH	0.15543843899477278	0.06502459504671189
user_wH5vQzit	0.015326710879203218	0.005582957625320043
user_wHAA705o	0.03757405478434163	0.01266165114878119
user_wHV0sy40	0.016228233124098664	0.006460752935311831
user_wHXWMYdg	0.018730941283803662	0.006806522547452973
user_wIBGJXu6	0.04712717088908097	0.01735006322058649
user_wIbfUl2t	0.033516563122994475	0.011421182078417639
user_wIlOS0WQ	0.03250234895900342	0.012324789680610352
user_wJF7SWUp	0.05397251791200902	0.02069199702726693
user_wJOMlA2M	0.014528990756065239	0.0066305908985737055
user_wJkGK49x	0.009075839851122917	0.003222788453837828
user_wKGWnqtG	0.09409667044918868	0.0314893899676834
user_wKkUGnGD	0.01569189103557733	0.005764562047030226
user_wKnFGq7V	0.030768890971403662	0.011748005957361805
user_wKpnuL0p	0.07984570377735581	0.03375620482930825
user_wL1G3MNg	0.04402121208782775	0.01766898147903661
user_wLDkDf8c	0.1378608269614317	0.04994314452524664
user_wLykEtiJ	0.036509255849564576	0.012782727374911096
user_wMB7kLpA	0.09192061641641405	0.043157076199484085
user_wMIOu2ru	0.03547551299769113	0.016914104363471242
user_wMPprWEO	0.05948366006424323	0.020344668738509538
user_wMnogGid	0.030556437833994005	0.01108509999062601
user_wMpBYhEW	0.19123946168019745	0.08499587789164724
user_wN6XvBp1	0.02441206834745448	0.008498223918721633
user_wNHdDQmk	0.06299548526629503	0.025888161036102763
user_wNVUzKC2	0.03519052777600852	0.013339611860677343
user_wNiXpJyG	0.050546160027751766	0.01795589870993627
user_wNmjsnqj	0.24964271337807453	0.014145305703409852
user_wNo89PyY	0.12443406637022611	0.05708557297927115
user_wNqOkw8J	0.07965363455185662	0.0344164188685467
user_wO9YSN1c	0.13877046949734437	0.06390797032110103
user_wOGVaYEr	0.0788199016294977	0.029297630087940237
user_wOZ63PCU	0.023753612469663968	0.00906353036599404
user_wOgloa2w	0.0292490775442746	0.012148023628984024
user_wOwx3ilo	0.03373099647159427	0.010469586274545415
user_wPC3nG0c	0.4230860142870529	0.04153779572733179
user_wPJtj05w	0.5760803861702775	0.024277778982514937
user_wPUGKUBd	0.022685918516907433	0.008318864580435216
user_wPsedLUF	0.039349164013505154	0.013854194172295192
user_wQATaUjg	0.09199833512298426	0.031740322104816164
user_wQLL1z3m	0.02792058103602205	0.0109278251396564
user_wQjQ4V33	0.05489115968013539	0.02042282781298803
user_wRNYW8rY	0.0671929019449691	0.026327458477563744
user_wRrQc11L	0.08479978468638091	0.03268885605856954
user_wSLsE1VO	0.0927199669769401	0.033797873713714274
user_wSPxTt5I	0.3401744343048908	0.020605597875708467
user_wSomvI0U	0.10282827065799231	0.04812050289608445
user_wSpN1jlP	0.12662359687636307	0.04371383271271253
user_wT3rgxWG	0.037447621748400904	0.014236814993824187
user_wT7Jt2z5	0.12663851408426507	0.05747822002373262
user_wTCmhCbx	0.03216692303728084	0.012654657643637091
user_wU9ZY6yX	0.06850423440006229	0.03061366227804276
user_wUA01cDr	0.043649406975682765	0.016836296175370486
user_wUFKkwBR	0.028370129383457912	0.011003341426936538
user_wUIBDugy	0.0708727039340823	0.024848334001299384
user_wVLRiooL	0.01901110764398137	0.006855018209600103
user_wVTMgX6Y	0.08139178352274115	0.0359659860315226
user_wVXYeqZX	0.5804589477175204	0.06194558684433048
user_wW8BlBxp	0.16259106249288838	0.0576091126973381
user_wWCZG4Uk	0.09210927135346837	0.040334643955933405
user_wWu1qJEf	0.31912497044878113	0.01667081452042197
user_wX0ZiTT2	0.055144023286279875	0.01753239574442105
user_wX6gLIaB	0.033906021308805184	0.012143413388851942
user_wXDgjKR9	0.02014492609276397	0.0073077123174596584
user_wXTmod4p	0.0785855033093087	0.02966655874964163
user_wXi3yQRn	0.0281788421697218	0.012878099623343724
user_wY2QpX1c	0.026066165793236708	0.01034602003238562
user_wY4vqOje	0.02705333370572248	0.010061392297180305
user_wYO0nNcQ	0.3067466292541764	0.017754294185222296
user_wYTShZKx	0.012757523412071294	0.004579857655501868
user_wZ4V3Q7w	0.05012637625858875	0.02124173224681853
user_wZKmwISV	0.03766640383635139	0.01336790409122693
user_wZQQ2mDQ	0.2630228670396413	0.025193067834551226
user_wZkyw6QM	0.1510328303479084	0.06140469787506884
user_waT22HZ4	0.20231902587680206	0.08406663403245862
user_wayFyVQs	0.07490989950081381	0.02810041964451965
user_wb0NlJlo	0.037989708869348084	0.014993353881038575
user_wb7nGiCc	0.04166116170157525	0.016907685237725303
user_wbkZ7g9K	0.006612926903328986	0.002475035571390769
user_wcTOIyiK	0.016116138981726036	0.007106416784993624
user_wcqhVOPQ	0.05621605744300423	0.0233043041513662
user_wdwvoL5Q	0.08648462735265824	0.030138032660405583
user_weBxDxUD	0.04475739026251213	0.01711241077830456
user_weJQnTg0	0.0450907390954619	0.0185574181764296
user_weXcZEns	0.26510114348897584	0.009504443408685915
user_wegSZkRM	0.04093573129176188	0.018590861166729873
user_wek5v6hh	0.012050063493429769	0.004209407321152595
user_wewFaICU	0.016701611189017872	0.007523135197934603
user_wf5qeTno	0.06954150244279306	0.021744889318440888
user_wfBSy7lj	0.048551817760639264	0.01885352121132044
user_wfCSBhRx	0.03812562489352378	0.013703216175696777
user_wfSqfWCn	0.01257646998394591	0.0045733941628969925
user_wfvsoamM	0.08092052436576125	0.030257291859584007
user_wgfU8Mwa	0.008746351849668063	0.003018297646771997
user_wggfnf57	0.018800890734132172	0.006583070434523193
user_wgjY1wwv	0.0794439937538533	0.028812089292741046
user_whCrYzKQ	0.09033570424600205	0.04001404955742963
user_whKdlC56	0.08088823822720553	0.03299767141017566
user_whOJnzhx	0.044234948709135385	0.017107215724527888
user_whxOHZWt	0.01730774372846127	0.005885553739270994
user_wiOBatZL	0.022526610962722245	0.008296703146533866
user_wiSx9eFI	0.13795830291426509	0.05112991124663115
user_wirmpUwz	0.30343553586466426	0.015762124214030015
user_wiz0u0ri	0.0914292385928256	0.04283358107348066
user_wjWlHOrv	0.03469454886056206	0.013009607947597843
user_wjiOvPMG	0.07924472818542579	0.02875252200549709
user_wk3kGQp2	0.010711017291445916	0.003778507596394659
user_wkE1nbFU	0.10777952790914522	0.04378455928567251
user_wkLpQg2J	0.08842548639060928	0.03845397424804719
user_wkRpjPAx	0.023830435446915814	0.008522374766686842
user_wkW87DF7	0.06059728667483774	0.02173404086143526
user_wkb1Qjjq	0.08752380955778072	0.035217355638024785
user_wkemSeI4	0.018095218555967532	0.006651669436529835
user_wl3VlPMI	0.04059915977870732	0.017105876564376517
user_wl4XRu3c	0.11283405417004426	0.041549025375756776
user_wl9NduGG	0.03128396399327447	0.012511779290310953
user_wlDaD1xd	0.03569626564222949	0.015347083749088258
user_wlDlVGC4	0.032827151473460804	0.011032075112200581
user_wlJAlLue	0.0976157323792144	0.03944419613135124
user_wlT1uW94	0.030493350828256556	0.013824256513791863
user_wlVzVc8f	0.5071614903408912	0.02562329553023641
user_wmDtOeOI	0.3391761723213651	0.010765246866100775
user_wmpQ5IHb	0.034963725526990945	0.01244197970135189
user_wncS9MN0	0.2895241836871348	0.011747744538299755
user_wo1yFsSq	0.05544919459012838	0.02180942081028708
user_wo5vTMYL	0.026732810895288832	0.01044633249768436
user_wofK6Ui5	0.07277938535591688	0.029791321615651307
user_wofSWT67	0.06824480727116666	0.020568197043179796
user_wp8V4MWs	0.44800696086876457	0.03647613627287956
user_wpH5LeWM	0.022799426248560028	0.008101919049327997
user_wpUBDkdE	0.0734471522396284	0.02921241160650146
user_wq9tB5jy	0.1223021157642025	0.04840781920062434
user_wqEZYBWL	0.6398382214517138	0.03336190540217706
user_wqkoyfII	0.13468512200855057	0.04703203139047413
user_wqmcS3TN	0.04534866016239175	0.017226593117805784
user_wr58EVWG	0.34120393533168847	0.011912123679573294
user_wrAB98ko	0.04616095261610613	0.0182965740774502
user_wrKt9siN	0.07811113016076981	0.03446744764146726
user_wrS7utaC	0.04779152325980716	0.015176889157298045
user_wrYmaKFY	0.00971717024373216	0.003467152522911791
user_wraHVJNM	0.1580947992791882	0.07487516577837391
user_wry6S7LI	0.11191724854875437	0.04443645043357394
user_wsAw2QSG	0.05466932183768583	0.022780688528731673
user_wsdRT735	0.6659523253342721	0.10381010202095399
user_wt5yw2Y4	0.1300079287713305	0.03963519898302577
user_wtJsIHk0	0.5303641952089932	0.02473858565465248
user_wthohDhV	0.3310639694719796	0.13424292967973733
user_wu2Khxs0	0.0533570838816949	0.019059899646988267
user_wu6Nyg3e	0.07607123870197144	0.02799142256093318
user_wuGdcg4y	0.04005050047523415	0.014708139884925862
user_wuLcBFpG	0.08224071247369447	0.031467730715599294
user_wuucpjEE	0.060133340130261656	0.021979025426832898
user_wuxpI0nh	0.06848810686778364	0.02819670817578731
user_wv5BMdZX	0.016772272531148987	0.00605094498694146
user_wv6wHDdE	0.050694585787083676	0.01912061581752435
user_wvsriK4n	0.019834430921440892	0.006671601221267133
user_wwBWI6xK	0.2921236422068187	0.1142744796516195
user_wwYEoVej	0.375877455434709	0.014742159489630039
user_wwYQxkU7	0.37683517927831506	0.021362186384875543
user_wx224a6J	0.07724739387741683	0.03400484235414911
user_wxA5kCbQ	0.05633690075724976	0.020799846632071274
user_wxOXJsFN	0.10564525922485446	0.04153101961601028
user_wxr71SkR	0.027865519133941016	0.010622188716109635
user_wxsFCYeT	0.021897499054366207	0.007759475271934298
user_wyCr3Qns	0.3638892457188403	0.16461216095783113
user_wykpz4gt	0.13434298503672537	0.059158050909610974
user_wylG7QlG	0.11243486184024007	0.04088656516524178
user_wysGirPK	0.08222470342771593	0.02893125009182114
user_wz0oAcMd	0.043510391787102004	0.016180080122188398
user_wzCBLP7D	0.060161947003598816	0.028593307490973604
user_wzHR2khc	0.3268538303559646	0.15239797606238692
user_x09lx2bZ	0.08555343191336606	0.03673673794048579
user_x0Oq3nQe	0.06477993568599669	0.03045684228624005
user_x0ivH4Vh	0.023343479605544407	0.007872329929159651
user_x0ofWgt9	0.018005988829371634	0.007917773632566783
user_x1HsdVdx	1.6674674414563213	0.07613677147727924
user_x1T0FTx7	0.03259458174656551	0.011738392710742375
user_x225VutD	0.0072570377468915495	0.0025700220007533687
user_x2uzq7xf	0.05593585709492906	0.023972100460445664
user_x3wV6be0	0.3565252562389688	0.017134000981803593
user_x3zqJTZk	0.024745850577360354	0.008438634562713898
user_x4SEoxSc	0.17436183211407508	0.0678545745348633
user_x4exAttt	0.04119079148316632	0.015932939007138044
user_x4xRlC8m	0.04387897853021446	0.0170986973485493
user_x5IVrN6w	0.011282914899972844	0.004128158732674544
user_x5lB0dJb	0.2897509473056107	0.028140697695947542
user_x5m3Jifl	0.022640214684257108	0.008843578786138924
user_x5vQN3Dd	0.03368848520233926	0.01101756567673505
user_x63R8AKd	0.06200255669027423	0.025369703564122593
user_x6789e2Y	0.03715283756196726	0.012279858291065449
user_x6girVvE	0.471116627529445	0.011070087181676826
user_x7LbT7DM	0.08153897752374076	0.029290163937305894
user_x7NKDOZV	0.03141559646417306	0.01188591662124733
user_x7OTSbR9	0.03530455831125319	0.014090457164287851
user_x7oFagBR	0.06902167329392181	0.0246310769773788
user_x7rQmsPN	0.10303226725951953	0.04569970694742941
user_x81wkUcH	0.2126570576136819	0.08354760355454743
user_x88LDN06	0.03591752746823061	0.014182794450445776
user_x8OWba7M	0.06838267362666937	0.026875071262892316
user_x95vVR78	0.1122397969990058	0.03165597674425323
user_x9Ns5Ule	0.07462271068998139	0.028471087647168165
user_x9TTOfPz	0.05177490049047816	0.01880915121303064
user_x9fTHB1w	0.013971184093791382	0.005137090175285915
user_xAO1Ga1v	0.030837988470562253	0.010345786624137416
user_xAWTKR0n	0.16121761393097753	0.05857904427453766
user_xAe2F8o5	0.0932470522893083	0.03755943601656171
user_xAuhu5dI	0.10197741831631321	0.03918274473803239
user_xBfZMYYz	0.03293140066321698	0.01172107794425051
user_xBiMr5Gb	0.04600551127700739	0.01745533903244161
user_xBm0V4sn	0.10002243751511689	0.03666291074620641
user_xBwJMpK8	0.035251401183887476	0.013322966796491163
user_xCQ3Fi8J	0.12590632210809571	0.054732712818720684
user_xCdr6UEw	0.05618513867791711	0.02072139758304156
user_xDMyKY3N	0.07312285907750617	0.033108097522642765
user_xDPDfcbg	0.2880338456488221	0.11902916851351046
user_xDgG52zc	0.021055555511365946	0.0077447609821536334
user_xDvH75q1	0.8548611501279973	0.0310547394571946
user_xE7l6VdY	0.024596298148671702	0.008160581608048181
user_xEQScUiV	0.05590065815229938	0.020228317144436986
user_xETue6Fg	0.059963714627878764	0.02118098588465146
user_xEbNl1rf	0.10989284159862968	0.04367112766900169
user_xElH5sqc	0.019150733058787124	0.005963698714933817
user_xF6l3l13	0.04278873816882698	0.018252232713809408
user_xFBaa19C	0.5676868043203737	0.014769353654177059
user_xFMNIlQA	0.08118824747961087	0.03369937096313174
user_xFPKAMWd	0.10887740912136513	0.04897248557465954
user_xFQsTALM	0.012067371082838894	0.004196468532773086
user_xFUhm5nK	0.08217681834002347	0.03239344425883529
user_xFXo9ynQ	0.06284540576114075	0.02328004326610431
user_xFYRtmWp	0.06316178218436777	0.02419964594208489
user_xG2wveP4	0.11565283374330881	0.043031960432798916
user_xG6H1M2q	0.8381715872192123	0.04596590733617873
user_xGAVSeHZ	0.2665322136405963	0.0996946061606025
user_xGRwQKIj	0.5602719896295559	0.03006739175706232
user_xGj2JDQ3	0.02250433391640852	0.009432296268399868
user_xHKW6hiO	0.02267311635049718	0.008946458181394537
user_xHZuyLch	0.035033919520473744	0.012520161756067412
user_xHhc5cVN	0.6480266885534356	0.01729933760172635
user_xI8f65Nx	0.010750026304178258	0.003908153638909686
user_xI8kLJb0	0.17031496201727686	0.0620792779155049
user_xIPXuVzL	0.710562963472043	0.034657279156241685
user_xIQJs81i	0.0284363114851596	0.010556261478494703
user_xIhw0DQP	0.12338903527244938	0.05421389136176213
user_xIune7ns	0.14620106937184627	0.05542003152102144
user_xK5z6gZe	0.10176244789768642	0.037632894145123774
user_xK9aIvG7	0.0551013373620646	0.018953736407059173
user_xKEkeVO5	0.8420951440547404	0.03208655242431194
user_xLAonTZR	0.027739870653475683	0.010340928304415678
user_xLFWITZn	0.06800638093225167	0.026475710175449554
user_xLhTpcxo	0.06528715287530952	0.028111078404619825
user_xLioDRwx	0.10214804956093433	0.043483095375417495
user_xMLzxAuG	0.01746671777891183	0.0076040602577610115
user_xMOmf27g	0.056260702980076856	0.02187150230247107
user_xMkS4DrR	0.025736741195595034	0.009783862313704393
user_xMyYE3jn	0.030484829204399606	0.010872855547065558
user_xN1rojrv	0.038741881963802086	0.01515898216725043
user_xN35ukrs	2.2979372325118446	0.08359622094655562
user_xN3sfras	0.07562135658433226	0.03145881204203785
user_xNJ7V7C4	0.02985377574731614	0.01096463456004883
user_xNWzAwov	0.011630446407975809	0.004058199601542318
user_xOHKtOgQ	0.03111513532775814	0.011692804514504126
user_xOI0NHg3	0.1753793562079028	0.06427646698093752
user_xOaR9yTm	0.05871269506839137	0.021543583070600742
user_xOqN0uOO	0.09856304343177351	0.035269213671191624
user_xOsEuKfu	0.02723109023841283	0.011304636910526434
user_xPsB9xQp	0.013285676946001919	0.004898584620003747
user_xQH3Cj2S	0.10141725417083308	0.03680710375041027
user_xQmZoewZ	0.028512787394217684	0.009557587362808146
user_xQoQIyDn	0.09305904851097713	0.036780179367444266
user_xQqetK8C	0.5855107678271103	0.2236553722363646
user_xRDlT8ce	0.025971661814622814	0.010479070469858237
user_xRR8emNo	0.05477172978070724	0.018522663238022895
user_xRhe7b3X	0.11400868306388484	0.04284284184294184
user_xRttFGWo	0.47464480190947916	0.0281180454391281
user_xRu2HVdJ	0.05511185998620474	0.016791788180942322
user_xSet2Al7	0.19110151548304216	0.06932921908031076
user_xSkRb1rU	0.057066266031422085	0.019182919077661308
user_xSlhq4Ur	0.12541465701951998	0.05050854362134531
user_xSow0vTo	0.35147278092764606	0.027259401729412495
user_xSptbc77	0.09173248219751858	0.03464442110151783
user_xT5wYMhQ	0.05795617595620471	0.02429427078620607
user_xTGHI8oC	0.03588310236242557	0.015236401239613876
user_xTj14FlM	0.604896928464038	0.0426580599368777
user_xTnRbccm	0.044606153641434006	0.019033302344692363
user_xTwl2z3G	0.018489013097603604	0.006441734497309884
user_xTx2B9Oi	0.03972995268127495	0.0156173632250152
user_xTxqqtwc	0.0410431312253087	0.013180588243482559
user_xU7gcXFB	0.0762635378321034	0.028657070853323884
user_xUGYQoa9	0.3224774150583191	0.032010611762175935
user_xUhYOa3B	0.020908156410236342	0.007952418022444499
user_xVKBih91	0.24009699706438858	0.01280855485737098
user_xWudZye8	0.02914701416393875	0.011896491839842274
user_xXQMN2aG	0.7274942282018024	0.05401543413539515
user_xXbVcoDG	0.04640912370540995	0.014910605966082218
user_xXrtNpTv	0.06163213362971584	0.02426767945712531
user_xY4G7IOz	0.028569087837168307	0.011135254372949367
user_xZGjXE8x	0.04643658544246099	0.018380966501146793
user_xZTkzYRM	0.023400720377734916	0.00993145853695829
user_xZYqN0d4	0.026723223972769987	0.011153875106144852
user_xZfoCG64	0.014296305338152192	0.005384965659668289
user_xa9ZF3tz	0.022960313208990876	0.008533532660251695
user_xaEj1SFW	0.06254968256490281	0.02193619614603329
user_xbHu2ASC	0.058837726858345554	0.023297671593442416
user_xboGLckH	0.04483468536275935	0.016752295295748322
user_xcLDkpBu	0.0669310519451693	0.025212581387390173
user_xcu1zgLU	0.09039260489343211	0.03383264086198605
user_xd4ALua7	0.10474540993505249	0.033894834972980036
user_xd9nKVy6	0.06531577462893273	0.024958619019106947
user_xdLz7bUL	0.0351362666615935	0.01550217625094443
user_xdRHr2F1	0.18502418846263227	0.07722008106556759
user_xdRmmQsm	0.031239987952501054	0.0116685485632259
user_xe0LfUWN	0.02794554910738751	0.01013479946855868
user_xeeTJx33	0.10103932188531557	0.04257268464170816
user_xfJNNcfe	0.07802708135062933	0.0298455820559997
user_xfNgwEox	0.4062110759266557	0.019545770898354523
user_xfOhUZFO	0.028694716462567382	0.011544317367890135
user_xg7bCP2q	0.03677535973269911	0.013266963529575508
user_xgNHtlfj	0.047820176259633286	0.02136603961949823
user_xgUqP9XF	0.43425583719607264	0.023662053678202653
user_xghrJLib	0.09182182712752983	0.033669423437249435
user_xgzgLdgd	0.04725931946924225	0.01814257485548571
user_xh2vhqRD	0.04005147924069514	0.015140972335759261
user_xhAdWMui	0.0183108082234442	0.00680465006034713
user_xi17HKvI	0.03340999053185292	0.012803224479282055
user_xi3jDfWs	0.44742452047368597	0.02782313279630091
user_xiCIAmV2	0.0365502658657757	0.014830046410607998
user_xiLIeYih	0.034118462467147205	0.014107650981746246
user_xiX4lR2T	0.02237211214788276	0.007942692446955169
user_xiXR1xn5	0.022461154198809258	0.007972058457453239
user_xiut83yr	0.09665315651954105	0.03292742889099703
user_xj5TcG7t	0.022832846676124896	0.008476487652283645
user_xj7X9hp5	0.08397891847292173	0.03456822973600562
user_xj84ihHp	0.03572083780651873	0.013240100879922079
user_xjO54icu	0.14371890212572552	0.05476898355051574
user_xjqwJgbN	0.06618647547512183	0.025420471927157337
user_xjul4hRG	0.12626268285042397	0.06055746976630525
user_xkHDoQfQ	0.6884160070536126	0.021358097128901528
user_xkRXQBEU	0.028240570789283374	0.010046998039016784
user_xkRoVOjI	0.04487244271355731	0.01670579923360586
user_xkZj7RIQ	0.02578473188773186	0.009305909989156452
user_xkivj8xH	0.15224944357483838	0.06441280141293948
user_xkpThuqU	0.05464062722016051	0.02140793738012201
user_xksdV9oc	0.10908824819646187	0.03953557955363499
user_xlHLv40G	2.2072749130339884	0.7412960279742694
user_xlTdxhqH	0.05200963259415936	0.021962458738912064
user_xlnWkOt8	0.04616109703015046	0.01967015241516444
user_xlqcZymy	0.015271900077150811	0.005689014220300392
user_xm1xllmL	0.08107741741979962	0.028307229417524348
user_xm4PdFJr	0.11075813052892025	0.03646091484894572
user_xmVIicMy	0.0101862431661894	0.003613564023448287
user_xmjdn8Cb	0.014908270137301803	0.005375637971176169
user_xnP1XX5a	0.026911131331408072	0.00963288038781275
user_xnSzeDcp	0.7780679818878425	0.028120608478341146
user_xnfdX0eq	0.07842122590700429	0.0287087043828861
user_xo17rsUL	0.04141249141978388	0.01923017995665447
user_xo40TJoJ	0.29506050223569275	0.008517188013836307
user_xoG9iuOE	0.146412507999933	0.06302575103026743
user_xojqKAFi	0.057830486904534684	0.021298452960364363
user_xpTR99hH	0.15871727735507718	0.06257120031133163
user_xpXGILHf	0.09885381846397552	0.037297484018930016
user_xphVgp3S	0.03827429656915935	0.014182487556773959
user_xpwVmyYs	0.025810142283462754	0.00793271868934968
user_xqAP9X3M	0.037122228443107766	0.014221902182537704
user_xqQoSWuz	0.03095311347185934	0.012481959527672507
user_xqaKG9FX	0.3888847857950544	0.026400006302518226
user_xqgkHkTA	0.10400340490338361	0.03974652999078836
user_xqmqaTwi	0.2783325994572103	0.01909361233180347
user_xqyY8Xyt	0.01476386597722737	0.005039505533179197
user_xreSteZt	0.0390707371980591	0.014740534556292555
user_xsJZK5hN	0.03753263031535799	0.013161425494435976
user_xsMKmhsG	0.12040012177510583	0.05284129448491184
user_xt4yjQQm	0.5354367674402628	0.02795270459323698
user_xt8J2rbL	0.11357376282224542	0.053452457039169794
user_xtc2zvzi	0.07743667900970488	0.030608920756420768
user_xtnkvoAo	0.019403068018656808	0.006883499126661204
user_xu6XpRp4	0.14400886038453398	0.05674420314843624
user_xuJLdzyR	0.3474444068646571	0.01734397139830296
user_xuXW3Gbx	0.048925940977435356	0.016423738922612584
user_xuXerskj	0.48551534637846516	0.019159791258146548
user_xv5yMq8d	0.030589860584696954	0.013983758044106601
user_xvO2oLZH	0.03136762223788165	0.010277445531040435
user_xvZQAEGR	0.03548485550995318	0.013751660958709184
user_xvgXAPgC	0.050743915139312104	0.018475083287541008
user_xvjdqRyT	0.07201944101942624	0.025899886722997652
user_xvn9MutA	0.0042314205962805974	0.0015366006812378152
user_xvq93dFr	0.474691421076043	0.03143830511184665
user_xvuJ60gK	0.023507778872543378	0.008095727906799405
user_xwd1fPhh	1.0022822727111433	0.08946243153111948
user_xx1Iun5v	0.03908996473638791	0.01654771018148757
user_xx2tLgzA	0.01811728901010175	0.006390863152882302
user_xxWZht3D	0.14206913301267737	0.04362196656522583
user_xxcQF3DC	0.4506087379333559	0.019195473799635706
user_xxyk6jP1	0.09514021048378324	0.041869224051812114
user_xy28FPQ0	0.01930253746856167	0.006996815274591006
user_xy4qxScj	0.024489053741414937	0.009488679396526641
user_xyAxb1Ks	0.06358853304289909	0.02607587051979098
user_xyFtJCo3	0.08055035740891017	0.03270639208913098
user_xyTq29vK	0.20259404228968805	0.08589681060742715
user_xyi6HjaL	0.4590059444905262	0.017957895353938658
user_xyjpp3Ds	0.0978693696829148	0.03991817416067536
user_xymJe15b	0.02236037513032365	0.009510003584723538
user_xywgOAjY	0.10665528923696055	0.05072889413575526
user_xz8KUHGD	0.1726352561613291	0.0748149103295352
user_xzRRiUaQ	0.22270995444980823	0.10258040659830424
user_xzdQV5gm	0.022523830730794087	0.007723357210871592
user_y0q8cfYd	0.12773303486612322	0.05746002131838449
user_y10uCCe2	0.08599478536955826	0.029714257528808585
user_y1UpWlow	0.10706614372769413	0.03477569869016605
user_y1VsTZS3	0.06037227253165846	0.021562028206235165
user_y1jBUxAc	0.04606593346992098	0.019006020579668076
user_y1kgU7EO	0.035437325643286506	0.011724626032702393
user_y1og5hUG	0.09369422984256758	0.03234665315276241
user_y1zFdYRG	0.08620848344042234	0.03703193336877715
user_y2K2LtRR	0.08315714931397591	0.026447360631467957
user_y2b9QB01	0.048756264358145805	0.01796508849267082
user_y2quixf2	0.015989227255596265	0.007111160949059025
user_y2s9xUgg	0.5599212881300846	0.024594812729028956
user_y3It4dvc	0.023995876197046774	0.01004468482899717
user_y3sSyapb	0.07752061504539981	0.02988223694349169
user_y4BMKQBE	0.04322946232029763	0.016448783157516873
user_y4CfFq6b	0.03579123012680708	0.01222396199954048
user_y4Ix1Y4b	0.07311687265009104	0.022414310856505897
user_y4O8Rn3E	0.0805774880929957	0.03872980498148444
user_y4TSDUdo	0.02442714225983769	0.011589020287097093
user_y4bQBFQ6	0.07930694549946053	0.03038337037231002
user_y4u4ro1I	0.16099080424758386	0.06190635368227629
user_y51n1989	0.05690967684203278	0.0199441707876604
user_y5fz3LiB	0.1959629267169799	0.06896554889834731
user_y6By6lZr	0.080442050840663	0.033449606162575224
user_y6hy8DNF	0.865145705040928	0.03041314090926823
user_y74tZcqT	0.09474731249741965	0.034996801244516575
user_y7XsfNKA	0.33555386245155405	0.019930209193981092
user_y7wuyXQl	0.0783982389008563	0.031074837586787207
user_y8Cftmew	0.030243737024773225	0.01031713002080072
user_y8SB7kyu	0.4896857669525254	0.02237965886364093
user_y8UzQml2	0.03624023226644206	0.012151318165873764
user_y8paU2P4	0.024688731070759674	0.008210383924194486
user_y9TxiSNI	1.2143703148043474	0.0640652018507189
user_yA8p3oSA	0.10472444945375725	0.04252979002538823
user_yB4Mug7A	0.036712133602844504	0.013031684444435563
user_yB7b2SQQ	0.11478184564195609	0.05252067585453232
user_yBNzHn69	0.031245396851969868	0.01237902386815288
user_yCUUcDaP	1.254985774542504	0.07308591072115764
user_yCyfOVFg	0.012414527332275077	0.004573794224117137
user_yDa1Qqic	0.7129333364115115	0.03131191527562239
user_yEI3FF0o	0.05031612345124266	0.017571882952397203
user_yEWAj9NX	0.12694618494599344	0.05399662203569162
user_yEXco2hf	0.24639945874140998	0.11517871348499713
user_yEkOiLb5	0.08210449564867518	0.03141586691061942
user_yEw1z5L5	0.8033805036686714	0.028740456292690755
user_yFErGyYh	0.01683664040407409	0.006171097555184776
user_yFGoDvr7	0.028787625574705725	0.011196657802237255
user_yFMhwPRJ	0.43025250728119735	0.024434130764139226
user_yFYZDT4T	0.6321004758551882	0.07594365209078174
user_yG1DluBO	0.015495179904813264	0.00585321287714102
user_yGRFfOR2	0.05387808209813938	0.019084427741153764
user_yGhZT08A	0.015031472797794576	0.006757800337212966
user_yGnfJPWc	0.025193511988714105	0.008845230923771215
user_yHzdkzft	0.06849340532798581	0.028125608985464092
user_yIKhqj7d	0.06206382648977208	0.023451868158910646
user_yIbAogGf	0.08663569797372112	0.03545128783863422
user_yItbwA3c	0.04458319383737504	0.016747075659837362
user_yJLT9em0	0.034509658067046624	0.012293642664280607
user_yJaVkOFx	0.11517968453038029	0.03755653882271598
user_yJfmnt8d	0.03393292453236463	0.014835798142779794
user_yJlHfoZi	0.9257392487812072	0.04287789072320149
user_yK0SGpei	0.05896315542932763	0.026922465843509484
user_yK1qfLbj	0.03212190430482316	0.011301009964008705
user_yKN4B0mq	0.09093323122165661	0.03590563734024032
user_yKOrN4Ru	0.023157026551507677	0.008211090598889987
user_yKWZcBCb	0.03688819368209114	0.014388470940726301
user_yKZjWItC	0.03283313090743202	0.011634437789987599
user_yKqoowL6	0.048123637323352834	0.020064529661550288
user_yLuDrigp	0.053781665566208434	0.020346216909615703
user_yM8f5FWP	0.053044318772891765	0.022355487762994092
user_yN3y7vNO	0.3066273984032033	0.022720820308237764
user_yNmNM9dJ	0.014273516208035852	0.005141814879541077
user_yO8FbyBp	0.40638850791425746	0.020538823665750282
user_yOflx2bM	0.05158015818830551	0.02031246881696857
user_yPnf0Xls	0.6214185772446693	0.03117182285048586
user_yPqISFOQ	0.46396365764889463	0.16945182842860174
user_yQImRm23	0.02550239039612614	0.009924875214951773
user_yQOgf6hf	0.4822706997815921	0.19258105891012156
user_yQZ4c5SJ	0.827927735653884	0.029423769779562802
user_yQcY6oer	0.6542319045167406	0.0451001762811162
user_yQmhEvMV	0.03241468385007056	0.011854368544720927
user_yR9DJDpX	0.06246274505146249	0.02626033300246756
user_yRLFeAOO	0.36495829090189796	0.010904354956575827
user_yRlfv2GU	0.21654724210840445	0.07525934065014771
user_yS7wRe2D	0.752862857506968	0.034222482839655524
user_ySYrS9MD	0.06205849919937991	0.024463564570435987
user_ySrhrRpn	0.014268427567622942	0.0051386725137518505
user_yT6BplZk	0.04828292449298037	0.018138555980489076
user_yTcPnrWA	0.03506069048881269	0.01410426503643073
user_yTgXFb9P	0.33203587455346095	0.014876363339431254
user_yTiJie1t	0.0897270814892698	0.039342208653548
user_yTjmAT9T	0.010663901398904236	0.003907225196159396
user_yTmP8kQo	0.031327154015925736	0.009782815623566834
user_yTxMNOO9	0.022632697668430388	0.008310579909814693
user_yU7kjVqg	0.06542914265015023	0.024498965157659
user_yUSPTT27	0.1814630109782964	0.07421710257375903
user_yUY56oZg	0.08786226704908062	0.031013599395668976
user_yUrOUqNO	0.13862218930510084	0.048173279264498055
user_yV7Uamry	0.26978381985721955	0.11253042676422945
user_yVeJixdT	0.05302540687074318	0.02255930469667532
user_yVlkm4k9	0.05931756665377724	0.022601402267627618
user_yVmetJhM	0.10551748384600362	0.03434433392549621
user_yVtVkPf9	0.3991063147668659	0.03574490594600215
user_yWy1RJ7M	0.04443449897132793	0.01924268910582697
user_yXt1GbnT	0.07720268810334016	0.027960556141276075
user_yY6CfP9M	0.1458211524350443	0.06450487469951449
user_yYTdebg3	0.006951009704525689	0.0025441342650271855
user_yYz5IN5a	0.04368343302001226	0.018392607993743065
user_yZ5QdQQY	0.09521731045217105	0.04423644504261226
user_yZgwB73n	0.05899467184073393	0.02257442945309758
user_yZzUcEUT	0.09030058243073613	0.038009953618466416
user_ya62zpgY	0.041931906002879556	0.018246431073797774
user_yaKcamX4	0.05012145861181483	0.020276806104339747
user_yaVEnMeB	0.04717229818401207	0.018414471101828898
user_yaa7fsyF	0.010343556877509548	0.0037709992454034494
user_yamyYP41	0.040036617069524744	0.014613495201572147
user_yao1J6Hf	0.12995094969307935	0.0515056670436234
user_yap4LQtf	0.17633224843619355	0.06144913468297492
user_yb9SZDAq	0.1388271958824226	0.061357664340711
user_ybUlqmid	0.041819025835758146	0.01573511635342569
user_ybZNwuMJ	0.02958088049500155	0.010590750995690162
user_ybm2wEgd	0.018410074607799524	0.006557013057757957
user_ybvUSagP	0.024268267885423897	0.00907068315793734
user_yc0RgzbE	0.08122683827216821	0.03384259933774803
user_yc6EhC0Q	0.3780700696723732	0.021111793852482158
user_ycc2E8DT	0.2890251081276611	0.008994414037340491
user_ycj0u7lm	0.0294659400031806	0.010523794216388731
user_ydGRQ7Nn	0.07600891959873665	0.029062683959239298
user_ydHh2REA	0.1114085529016132	0.04325790235724075
user_ydfNrgcg	0.39215698549381306	0.021991749755559554
user_ye6JhSjk	0.10255989410749666	0.03915325454691607
user_yfAu8z0z	0.16701986114090497	0.07095192261936333
user_yfFNYror	0.34290981948137916	0.016751392900678536
user_yfaPLhr9	0.06743798259387583	0.026199177609680605
user_yfrWb86Q	0.06406564000418727	0.027528015269518476
user_yg6oBqZq	0.058144664620381786	0.022600762883352787
user_ygY1pDgJ	0.2619515824020723	0.020329539468853214
user_ygZq3kHZ	0.03313005130300599	0.013376463114850573
user_ygk66a30	0.05439450431281129	0.019703884574505
user_ygxdFAbm	0.017551929041071633	0.006207464883065677
user_ygyztF34	0.0824883823417794	0.03590815713851613
user_ygzcLv0W	0.7462335673128169	0.06347264774916865
user_yhalHfL9	0.07922887774991817	0.034373511235753315
user_yhjBaFfC	0.1701244411070926	0.07491011983755919
user_yi6mwuSD	0.016126050853024102	0.00568131783207439
user_yifXGlbF	0.07937311277654677	0.03704644649643496
user_yiw143YK	0.07775106241838743	0.02936733543258048
user_yiylZibv	0.029072522929372763	0.010409551074593707
user_yjXREMTk	0.022442895281319222	0.008659318410823876
user_yja9kc24	0.015475894497231876	0.005748172247835297
user_yjtUUlSe	0.02027325682891552	0.008792752526862145
user_ykJ7Ivms	0.03963438098231403	0.015614607857895662
user_ykzrWBnr	0.055998039284255084	0.024598865188554125
user_ylp6l09S	0.060763794246419374	0.02580043714854332
user_ymovwj8k	0.01737949356356531	0.00770177626653616
user_ymvdkM5P	0.022946150069233354	0.00982772096539304
user_ynpWdC2J	0.012312579326369408	0.004676534643867422
user_yo6EkfGw	0.1338719201828324	0.056046089965577695
user_yoMvuYC6	0.03300007441467328	0.013408319626774174
user_yoo4rszx	0.37774579059304925	0.044240247071677063
user_yosu9ELW	0.10962056012409074	0.04094485381464049
user_yowbEPR4	0.09969159514580721	0.0371181737490511
user_yoyozD6l	0.08506506188460361	0.03271128128241068
user_yp1vuOCT	0.06814988960091775	0.02453838130036619
user_ypKHZbHA	0.0383244571447761	0.013377340032296974
user_ypz1EuRP	0.3145901603949706	0.016386512048223955
user_yq4vkrJ5	0.0090086584095606	0.0033357696840382277
user_yq70D589	0.03800028306875648	0.014322497467430138
user_yqcb3DNa	0.4619258024622115	0.04555363199865031
user_yqvpJtug	0.02120527372447388	0.007829994640283477
user_yr0gPO3S	0.03639430545697993	0.012190244393397554
user_yrqBd3kJ	0.2654298321859254	0.011479088890986953
user_ys9IOcTF	0.024924440897369782	0.0098024145710562
user_ysBnRqKf	0.07965726597642306	0.027330537897698317
user_ysFrN2Xj	0.14678804942783388	0.059665871575233204
user_ysGwCRcn	0.06446242746014923	0.02438700425096685
user_ysVVECLW	0.13076696936332555	0.050423914914949214
user_ysdFeM3k	0.02408459297481825	0.011480938647612826
user_yshCfkVL	0.009978305925780306	0.0035538321030383047
user_yssQTT5O	0.06978159599100614	0.030001277586586463
user_ytE35HvX	0.20523402785477787	0.01477795872435743
user_yu2SgtTQ	0.06550352021402146	0.026603267813420654
user_yuM9pAC7	0.03891187970385797	0.01810232805100651
user_yuar6vUf	0.011733365721781713	0.0044467979680324595
user_yvJFKgUD	0.06506825012091494	0.024282353331211943
user_yvoe1dte	0.05874256726014362	0.02212414171458262
user_ywKune3U	0.10436255180647722	0.043458901558087126
user_ywR7NOJw	0.41450986626856245	0.1853483186338241
user_yxFou58F	0.05513206515210394	0.023666727564694134
user_yxWldxru	0.024968403843022534	0.008268839897381128
user_yxsixy6G	0.032392645164317654	0.011187166869969819
user_yyAWWfxr	0.005980523283474037	0.0020393520390310266
user_yyLxrfuG	0.04228843882339998	0.013485426134373396
user_yycqYCz4	0.013205593608316838	0.0049709745672593345
user_yyp30DIA	0.12848246040310163	0.0456077646655011
user_yz5YEGlp	0.26614170400535464	0.012540305597394224
user_yzZKTEEo	0.08883825472477447	0.03235912452004127
user_yzk3Ru2Z	0.040422455577760176	0.012749584240698414
user_yzlOL6kg	0.07533221220079828	0.027899320548178428
user_z0njkNH3	0.01857103955397985	0.0067205097876013795
user_z0t1BEgK	0.4312976312283758	0.0238327683081978
user_z0wuory9	0.004920924683132318	0.001741698064667298
user_z1EAdoIF	0.0469788744023655	0.019812344096772752
user_z1IApJqH	0.6419230928868583	0.01767817733917562
user_z1Q2kGaN	0.4096203015146197	0.01626254622182381
user_z1pzA9F7	0.03708831261400934	0.0142071126856896
user_z1z6fDns	0.280091285977144	0.013473763605159247
user_z2CBmUJr	0.034571813940067614	0.012385725252509718
user_z2Sc9XMT	0.005611423041031816	0.00199265612575228
user_z2kDSvd2	0.1242570828440161	0.05151127876263819
user_z2zcltGP	0.060843981732597884	0.027466888809733785
user_z3USmWA5	0.6885820188510844	0.039164705862407743
user_z3zfYYtA	0.07674067647774283	0.028244221851309734
user_z4gXXNYv	0.0533903232368135	0.0207739171568867
user_z4xDeEFC	0.017021201351478794	0.005826629616680947
user_z56EULSa	0.015812116050247186	0.005574006048724622
user_z5AG0jw8	0.056460894869620123	0.022536295445297366
user_z6R0estI	0.07280910548564985	0.021508384578728983
user_z6RVOJ2W	0.020836337510558543	0.007454366448778353
user_z6yDRdMW	0.03990750435047266	0.014119553328566355
user_z7E4N5vE	0.4253553227057739	0.03951697152057493
user_z7IavzBm	0.04398494393142624	0.0156525518667474
user_z7PReZ7O	0.08917442698528602	0.029591733478175945
user_z80x7OnJ	0.08025214278327643	0.02894432881413242
user_z8PHqUfk	0.01646572251933305	0.006022025565846785
user_z9JE2G6T	0.21309318343977646	0.011511057954103756
user_z9jqiIvU	0.6522158275345211	0.024416529814218543
user_zA4qGy7N	0.7273456421632276	0.03529084374678091
user_zAVkQwyN	0.034259145602329684	0.012651465205883276
user_zAc4bAOJ	0.035394805029729845	0.013744276225838998
user_zAefVZ2E	0.04580425982099329	0.019014192759020547
user_zAvNGZFM	0.3206053284048854	0.010598112187840025
user_zB6pMFyr	0.02014932699067216	0.007279744768224287
user_zBG04ONX	0.023592330361830713	0.008991600690811175
user_zC4nKnMk	0.008385297692317058	0.0030722497529799193
user_zCJnaKLl	0.0494096615270075	0.017804082744609026
user_zCbFz3Mn	0.1464003138654945	0.05656263577762633
user_zCsKzNCe	0.03542343809003514	0.014303160529957119
user_zD0s6Akm	0.02896347595210865	0.011105651153074917
user_zDAo8UuT	0.04777173308326531	0.017739195478666436
user_zDrU5IHy	0.010386009611815156	0.0036869087541454076
user_zDuA1msC	0.34097104178421933	0.01467949067749771
user_zDyJ9KpF	0.0719064990269987	0.028093792496754855
user_zE2GsybD	0.050617311763772536	0.018690142849188403
user_zF18Srhq	0.023100973025885325	0.011129156783941744
user_zFEvJ5Pk	0.40973630057750754	0.012018519908121382
user_zFmH99ma	0.072732301207194	0.028056083695873087
user_zFu5Jn7v	0.5631466360971056	0.0137541861205293
user_zG0tWXjU	0.14568590256203284	0.06612042375990738
user_zGTgmRMu	0.13735812119288998	0.048524205161051284
user_zGVRUSXk	0.02280652829582841	0.009697568379510349
user_zGsMiil3	0.2965868578677513	0.021222231396961916
user_zHGI5cOh	0.07034256329823417	0.02111241396037045
user_zHWlKZPx	0.10684105895970383	0.0415676461744179
user_zHiee4yM	0.012182848881741738	0.00456246455154238
user_zI1Cd8Kl	0.27315352415128347	0.03310383625928703
user_zIMPuPNI	0.06237051655224504	0.02943728737331782
user_zIVnjMwK	0.013038202369102359	0.004459166723163514
user_zIcbBXWV	0.09507936817276552	0.037946351557336264
user_zIhXSQgX	1.0254101495861268	0.0399873427245657
user_zJEVcyfr	0.028953976683722127	0.01049134086741686
user_zJeUrT7D	0.04408035540771972	0.018101946896398557
user_zK0gwBGF	0.833049815576813	0.023601993447035667
user_zKKOIuIY	0.06374411263315946	0.024723560438368628
user_zKnuhX7C	0.15010972966734176	0.06493725868666539
user_zLE7GGBq	0.45303390673808885	0.03042426167688661
user_zLREKNhP	0.12125628103721525	0.05134207857313395
user_zLxDOTPj	0.12404963343205287	0.05194357133270126
user_zMKWHYBf	0.04739416590152458	0.016360031258982933
user_zMNaFTPh	0.05487245062761201	0.019797619357354197
user_zMWE4n3C	0.29195176903888065	0.022146973638708718
user_zMypvtE1	0.06227822521417403	0.02610495342874083
user_zN1nucu6	0.09843816077482094	0.04427231974853747
user_zNA1X0wr	0.16764963657722376	0.06214180117917248
user_zNPpErG4	0.05896291684767596	0.025432079294972966
user_zNRrk89u	0.1411607428252445	0.05442842129475743
user_zNTbDM65	0.04393514271089431	0.01751171275923941
user_zOksNIyt	0.0008685203796872706	0.00031689592642247506
user_zOzYnTP5	0.133641790650271	0.039829902088731314
user_zP3IuHHa	0.016026804984733516	0.007068154720389327
user_zPSkQUWs	0.34061796675690115	0.1440224739560126
user_zPcDVEyV	0.03182695403354341	0.011603169731416741
user_zPeLK5Wo	0.03943199237877883	0.0131716720510562
user_zPjsMsdN	1.2083950270977066	0.045132649447738864
user_zPn8VlV0	0.054260776431608246	0.022240152418894717
user_zPp63QLQ	0.04729479711015187	0.018479899825932202
user_zQ7hMi1x	0.044378843621587255	0.016903955344267196
user_zQA6O8OJ	0.2874784214934595	0.02689973319923874
user_zQywJsgq	0.04701003155648332	0.01922825858824349
user_zRz00VoA	0.09150722263350337	0.03740765639550908
user_zS1bJwVm	0.0686240126500352	0.025294562329206672
user_zSYgHgGN	0.2169316607533024	0.09389124586407124
user_zSe0H8um	0.008642289447737928	0.003150865869869636
user_zSfcqSKu	0.04127377541768176	0.01462524489494885
user_zSjTbG72	0.14609729090240323	0.0608004544710824
user_zSwGG7jY	0.6157820165356398	0.2420377602452741
user_zTRxs3dv	0.045463997922349	0.016959319088013635
user_zTi1HZF6	0.42020411010548475	0.027227601846240193
user_zU9bpZif	0.014920071480867245	0.0049108683604758225
user_zUL7CAXM	0.024894586329117178	0.010440548157753303
user_zUoySUR4	0.04247994575841543	0.015117189314882944
user_zV4lnHnb	0.0597706078574419	0.025110986600698697
user_zVC9sl7O	0.007923983064316029	0.0027631131277215696
user_zVK1FJPf	0.0430210312214468	0.01627523742117202
user_zVf7d0bv	0.04381502289919103	0.015707736521177983
user_zVwWtsA1	0.05366365206087921	0.018773164163863564
user_zW78Eolv	0.039333010420054465	0.01446268815269153
user_zWAWyCEt	0.016950855841850195	0.00591758273870679
user_zWEGOtAK	0.06820630257298074	0.026514042100131932
user_zWdxGkMs	0.4292746871024948	0.03993417687847323
user_zX3g5rB8	0.24166597011841792	0.013801141061883154
user_zXh6Sk53	0.22358270594914448	0.007023612866664045
user_zXl15MGH	0.14557913966854877	0.0662129897503909
user_zXsss6II	0.010545692894284586	0.0039047881925899745
user_zY872x7w	0.03515259210678337	0.012168400827906972
user_zYJNAnmH	0.017933336735425767	0.007838597893906606
user_zYaVyIkt	0.17421889741573426	0.07274281581590064
user_zYejxh41	0.37394390430006735	0.018627011528681958
user_zYrgH8Rz	0.04881042637072097	0.018217772066134064
user_zZ93G0hT	0.0683334085716341	0.032885783856999404
user_zZL9OEvR	0.06370453838976872	0.024002084405671927
user_zZP5beOv	0.0869769989285819	0.03559546931127898
user_zZXvyWf7	0.020274117486580066	0.0071394229728086785
user_zZlUEeJQ	0.030825041546684126	0.011463899662252862
user_zZsbsag4	0.38837704683165153	0.029592253275292846
user_zajfYkGm	0.06319026236116385	0.02305621129784109
user_zb3vGesB	0.06916768009947315	0.03008205768987277
user_zbGQmW31	0.04750657975754758	0.018159444794847563
user_zbO4ck7Z	0.018869244721859958	0.007957468891987719
user_zcHh10zl	0.06138487792878438	0.025534135664157735
user_zcr0jO3i	0.007283383050079056	0.0026390866347645956
user_zctPpGTl	0.1337541972102404	0.04553013037333617
user_zdIGvJqg	0.01723298751158906	0.0059576585589663856
user_zdPSdAok	0.15035870952976838	0.06516731543610539
user_zdUFdkhx	0.015108581810684536	0.006802333175061123
user_zdeP77s2	0.042926089075657044	0.016081013050424434
user_zdxD2Zpq	0.060836817308463104	0.024433379978447755
user_zeMKSzXq	0.7609781261734517	0.04503019185285902
user_zeUAnY3v	0.44134633813643204	0.01999128166538518
user_zeasUiFb	0.4143901985645412	0.029823158272978795
user_zebi3cUV	0.09305679753078241	0.0436204238815433
user_zf7tjkad	0.10561343882599589	0.03712192232787949
user_zfTqzzUx	0.365565076478008	0.02004529736905189
user_zfVtqNkg	0.05636170644338313	0.022514181015913813
user_zfcPIctx	0.31697922083048685	0.023720685560190705
user_zfyRwckJ	0.09774290724492384	0.03450214967475539
user_zgPETPp1	0.02522058499769172	0.010457862496868866
user_zga7LG0D	0.023256319812372188	0.009663946616932772
user_zgcfZz0x	0.07192501430570682	0.03243834689076484
user_zgsKubWU	0.15712974893496615	0.06721771124059693
user_zh6F33vH	0.07175371955582249	0.02942194396321635
user_zhAxJ8w1	0.03227495265104749	0.01179705543149038
user_ziskaITz	0.011407930328074727	0.0038185202956787724
user_zj1TvZPj	0.004328452150973695	0.0015061368256825455
user_zjMcsjyB	0.09506813307144939	0.03812910153221394
user_zjQfhZSy	0.18971154712453367	0.0052956782792408915
user_zjSffIOf	0.04685395371454456	0.01690562679759052
user_zjhYvSiF	0.02567586509240183	0.011033696573418902
user_zjiEEBDX	0.018519997726556152	0.006848596023480961
user_zjz9yZ6l	0.007577466352447243	0.002877215659861556
user_zkQq66tu	0.0927370763221442	0.03509282348175126
user_zkTJhBDZ	0.05769922524057318	0.024011409762754624
user_zldgxxli	0.02423433720405367	0.009875613103907256
user_zlxtTVV8	0.04594163474243235	0.017370522450071976
user_zmBguAQI	0.2969014580476509	0.021952515285210288
user_zmSTwHgU	0.07072716174765378	0.029700336493436286
user_zmk37Psx	0.014443565698672188	0.005222081216600102
user_zmlStNKW	0.05889376890455983	0.022333672603195215
user_znT64Jm8	0.3275174114582899	0.01877825386669419
user_znuT4Hts	0.04298285105300713	0.016997049919805805
user_zo3MAPit	0.0392398569168958	0.014171747562499473
user_zo9dG0q7	0.08373321310219026	0.035175428580564244
user_zovoBlJS	0.06577521571057732	0.027454635863676507
user_zpP6wIkf	0.11359136680715576	0.04763815391968717
user_zpZoJivm	0.1061113886235445	0.03696582507175673
user_zqAQVpbi	0.037167771210489545	0.015080661413766457
user_zqDdhYyv	0.06869903706548912	0.02648183030514842
user_zqIb4Cds	0.05206329122170468	0.01961042006263596
user_zqSqKJF6	0.04926644546364353	0.01820220024756677
user_zrAY0pcL	2.309425355475876	0.08972852193366107
user_zrCwUU7Y	0.03978023950182082	0.013907858847795182
user_zrS4vhDE	0.027337248420999126	0.011152935282960597
user_zsdevlDG	0.03677401781858511	0.016401756855839857
user_zspfpEbV	0.07870059944167634	0.02520031063729553
user_zsvQsCND	0.05304494801552138	0.020249012795043885
user_ztALI7Rx	0.08451990734731017	0.033341949417378856
user_ztWGGYqQ	0.08355180935183586	0.028453932476643205
user_ztYfqA5H	0.05248467139602903	0.02270912853062605
user_ztiaRX3E	0.07355061887145964	0.0295744906638398
user_ztt4n3sZ	0.04499629026443055	0.016627877450854745
user_zu5HU4Pd	0.05928037421946751	0.01844108307623681
user_zu8sh9lG	0.021464682841823644	0.009114578815820937
user_zuOFO8fW	0.02007594899692389	0.008787225290338017
user_zuuBlnOs	0.13371621686393642	0.04811804732965026
user_zv7xvYcp	0.03130207053648715	0.012660299271887108
user_zv8ELgJE	0.03640977389138415	0.015327375213060712
user_zvDI7dbv	0.02590428283732671	0.008871869203839939
user_zvN2NV5F	0.040785057230477324	0.01761230314114598
user_zvnGLEN9	0.07939313712860403	0.02419239189897872
user_zvqqjDEW	0.04286541115328109	0.016310193362887544
user_zwQunLVn	0.031034268752100518	0.011615512791822978
user_zwYyH93G	0.06422727724171372	0.030221225744773303
user_zwjkkiDG	0.020299119961505463	0.00655512721494574
user_zwlV1Xif	0.37368223379313525	0.01466956614933942
user_zwmiE8o9	0.3449796892675253	0.14109050799469933
user_zwobtsEy	0.08312262139339348	0.03563222816425183
user_zx6LZ23T	0.4588271753290067	0.01916552095183214
user_zx8yC8lD	0.032969912642565324	0.010871022946036283
user_zxR5Ykf0	0.04574215129655426	0.01788459945798439
user_zxX7SE8z	0.09918993523347755	0.03791109893527985
user_zxbG7sQM	0.07351616426438701	0.026048255163153716
user_zyDTgcHV	0.09057953174870764	0.035569949233275625
user_zzCNtMQy	0.04866105092725233	0.016727391224572834
user_zzIyYHRx	0.0670403334514148	0.025870000366042374
user_zzU2bfEp	0.008711584895172854	0.0031684002728027197
user_zzWscYTy	0.043608157939712615	0.017140914736907546
